{
 "type": "FeatureCollection",
 "features": [
  {
   "type": "Feature",
   "geometry": {
    "type": "Point",
    "coordinates": [
     -5.7,
     43.466667
    ]
   },
   "properties": {
    "callsign": "ED1ZBE",
    "name": null,
    "service_type": "beacon",
    "modes": [],
    "rx_frequency_mhz": 10368.9788,
    "tx_frequency_mhz": null,
    "offset_mhz": null,
    "ctcss_hz": null,
    "dmr_color_code": null,
    "dmr_network": null,
    "locator": "IN73DL",
    "municipality": "Gijón",
    "province": "Asturias",
    "autonomous_region": "Asturias",
    "status": null,
    "operator": "URE Gijón",
    "notes": "URE listing does not state an operating mode. Administrative areas derived from exact URE site coordinates using OpenStreetMap Nominatim.",
    "last_verified_at": "2026-09-13",
    "latitude": 43.466667,
    "longitude": -5.7,
    "source_name": "URE repeater and beacon listings",
    "source_url": "https://www.ure.es/appure/repetidores/balizas10000_N.php",
    "source_record_id": "balizas10000_N.php:ED1ZBE:10368.9788",
    "classification": "IMPORT_READY",
    "band": "10000 MHz",
    "origin": "URE",
    "geometry_source": "URE exact site coordinate",
    "vs_production": "NEW",
    "review_reason": null
   }
  },
  {
   "type": "Feature",
   "geometry": {
    "type": "Point",
    "coordinates": [
     -4.116667,
     40.683333
    ]
   },
   "properties": {
    "callsign": "ED4YAE",
    "name": null,
    "service_type": "beacon",
    "modes": [],
    "rx_frequency_mhz": 10368.862,
    "tx_frequency_mhz": null,
    "offset_mhz": null,
    "ctcss_hz": null,
    "dmr_color_code": null,
    "dmr_network": null,
    "locator": "IN70WR",
    "municipality": "Guadarrama",
    "province": null,
    "autonomous_region": "Community of Madrid",
    "status": null,
    "operator": "27 dBm potencia - URE Sierra de Guadarrama",
    "notes": "URE listing does not state an operating mode. Administrative areas derived from exact URE site coordinates using OpenStreetMap Nominatim.",
    "last_verified_at": "2026-09-13",
    "latitude": 40.683333,
    "longitude": -4.116667,
    "source_name": "URE repeater and beacon listings",
    "source_url": "https://www.ure.es/appure/repetidores/balizas10000_N.php",
    "source_record_id": "balizas10000_N.php:ED4YAE:10368.8620",
    "classification": "IMPORT_READY",
    "band": "10000 MHz",
    "origin": "URE",
    "geometry_source": "URE exact site coordinate",
    "vs_production": "NEW",
    "review_reason": null
   }
  },
  {
   "type": "Feature",
   "geometry": {
    "type": "Point",
    "coordinates": [
     1.295,
     38.919667
    ]
   },
   "properties": {
    "callsign": "ED6YAE",
    "name": null,
    "service_type": "beacon",
    "modes": [],
    "rx_frequency_mhz": 10368.913,
    "tx_frequency_mhz": null,
    "offset_mhz": null,
    "ctcss_hz": null,
    "dmr_color_code": null,
    "dmr_network": null,
    "locator": "JM08PV",
    "municipality": "Sant Josep de sa Talaia",
    "province": "Illes Balears",
    "autonomous_region": "Balearic Islands",
    "status": null,
    "operator": "URE Ibiza",
    "notes": "URE listing does not state an operating mode. Administrative areas derived from exact URE site coordinates using OpenStreetMap Nominatim.",
    "last_verified_at": "2026-09-13",
    "latitude": 38.919667,
    "longitude": 1.295,
    "source_name": "URE repeater and beacon listings",
    "source_url": "https://www.ure.es/appure/repetidores/balizas10000_N.php",
    "source_record_id": "balizas10000_N.php:ED6YAE:10368.9130",
    "classification": "IMPORT_READY",
    "band": "10000 MHz",
    "origin": "URE",
    "geometry_source": "URE exact site coordinate",
    "vs_production": "NEW",
    "review_reason": null
   }
  },
  {
   "type": "Feature",
   "geometry": {
    "type": "Point",
    "coordinates": [
     1.84021,
     41.842967
    ]
   },
   "properties": {
    "callsign": "ED3YAR",
    "name": null,
    "service_type": "beacon",
    "modes": [
     "CW"
    ],
    "rx_frequency_mhz": 1296.936,
    "tx_frequency_mhz": null,
    "offset_mhz": null,
    "ctcss_hz": null,
    "dmr_color_code": null,
    "dmr_network": null,
    "locator": "JN01WU",
    "municipality": "Castellnou de Bages",
    "province": "Barcelona",
    "autonomous_region": "Catalonia",
    "status": null,
    "operator": "URE Bages",
    "notes": "Administrative areas derived from exact URE site coordinates using OpenStreetMap Nominatim.",
    "last_verified_at": "2026-09-13",
    "latitude": 41.842967,
    "longitude": 1.84021,
    "source_name": "URE repeater and beacon listings",
    "source_url": "https://www.ure.es/appure/repetidores/balizas1200_N.php",
    "source_record_id": "balizas1200_N.php:ED3YAR:1296.9360",
    "classification": "IMPORT_READY",
    "band": "1200 MHz",
    "origin": "URE",
    "geometry_source": "URE exact site coordinate",
    "vs_production": "NEW",
    "review_reason": null
   }
  },
  {
   "type": "Feature",
   "geometry": {
    "type": "Point",
    "coordinates": [
     -16.336944,
     28.509167
    ]
   },
   "properties": {
    "callsign": "ED8YAJ",
    "name": null,
    "service_type": "beacon",
    "modes": [],
    "rx_frequency_mhz": 1296.814,
    "tx_frequency_mhz": null,
    "offset_mhz": null,
    "ctcss_hz": null,
    "dmr_color_code": null,
    "dmr_network": null,
    "locator": "IL18UM",
    "municipality": "Tegueste",
    "province": "Santa Cruz de Tenerife",
    "autonomous_region": "Canary Islands",
    "status": null,
    "operator": "URE La Palma",
    "notes": "URE listing does not state an operating mode. Administrative areas derived from exact URE site coordinates using OpenStreetMap Nominatim.",
    "last_verified_at": "2026-09-13",
    "latitude": 28.509167,
    "longitude": -16.336944,
    "source_name": "URE repeater and beacon listings",
    "source_url": "https://www.ure.es/appure/repetidores/balizas1200_N.php",
    "source_record_id": "balizas1200_N.php:ED8YAJ:1296.8140",
    "classification": "IMPORT_READY",
    "band": "1200 MHz",
    "origin": "URE",
    "geometry_source": "URE exact site coordinate",
    "vs_production": "NEW",
    "review_reason": null
   }
  },
  {
   "type": "Feature",
   "geometry": {
    "type": "Point",
    "coordinates": [
     -5.95,
     43.466667
    ]
   },
   "properties": {
    "callsign": "ED1YCA",
    "name": null,
    "service_type": "beacon",
    "modes": [],
    "rx_frequency_mhz": 144.445,
    "tx_frequency_mhz": null,
    "offset_mhz": null,
    "ctcss_hz": null,
    "dmr_color_code": null,
    "dmr_network": null,
    "locator": "IN73AL",
    "municipality": "Las Regueras",
    "province": "Asturias",
    "autonomous_region": "Asturias",
    "status": null,
    "operator": "URE Asturias",
    "notes": "URE listing does not state an operating mode. Administrative areas derived from exact URE site coordinates using OpenStreetMap Nominatim.",
    "last_verified_at": "2026-09-13",
    "latitude": 43.466667,
    "longitude": -5.95,
    "source_name": "URE repeater and beacon listings",
    "source_url": "https://www.ure.es/appure/repetidores/balizas144_N.php",
    "source_record_id": "balizas144_N.php:ED1YCA:144.4450",
    "classification": "IMPORT_READY",
    "band": "144 MHz",
    "origin": "URE",
    "geometry_source": "URE exact site coordinate",
    "vs_production": "NEW",
    "review_reason": null
   }
  },
  {
   "type": "Feature",
   "geometry": {
    "type": "Point",
    "coordinates": [
     -8.525637,
     43.168675
    ]
   },
   "properties": {
    "callsign": "ED1ZAG",
    "name": null,
    "service_type": "beacon",
    "modes": [
     "CW"
    ],
    "rx_frequency_mhz": 144.404,
    "tx_frequency_mhz": null,
    "offset_mhz": null,
    "ctcss_hz": null,
    "dmr_color_code": null,
    "dmr_network": null,
    "locator": "IN53RE",
    "municipality": "Cerceda",
    "province": "A Coruña",
    "autonomous_region": "Galicia",
    "status": null,
    "operator": "URE Coruña - 25W + omni",
    "notes": "Administrative areas derived from exact URE site coordinates using OpenStreetMap Nominatim.",
    "last_verified_at": "2026-09-13",
    "latitude": 43.168675,
    "longitude": -8.525637,
    "source_name": "URE repeater and beacon listings",
    "source_url": "https://www.ure.es/appure/repetidores/balizas144_N.php",
    "source_record_id": "balizas144_N.php:ED1ZAG:144.4040",
    "classification": "IMPORT_READY",
    "band": "144 MHz",
    "origin": "URE",
    "geometry_source": "URE exact site coordinate",
    "vs_production": "NEW",
    "review_reason": null
   }
  },
  {
   "type": "Feature",
   "geometry": {
    "type": "Point",
    "coordinates": [
     -4.595833,
     36.606667
    ]
   },
   "properties": {
    "callsign": "ED7YAD",
    "name": null,
    "service_type": "beacon",
    "modes": [],
    "rx_frequency_mhz": 144.415,
    "tx_frequency_mhz": null,
    "offset_mhz": null,
    "ctcss_hz": null,
    "dmr_color_code": null,
    "dmr_network": null,
    "locator": "IM76QO",
    "municipality": "Mijas",
    "province": "Málaga",
    "autonomous_region": "Andalusia",
    "status": null,
    "operator": "URE Málaga - 15W + 2xloop horizontal",
    "notes": "URE listing does not state an operating mode. Administrative areas derived from exact URE site coordinates using OpenStreetMap Nominatim.",
    "last_verified_at": "2026-09-13",
    "latitude": 36.606667,
    "longitude": -4.595833,
    "source_name": "URE repeater and beacon listings",
    "source_url": "https://www.ure.es/appure/repetidores/balizas144_N.php",
    "source_record_id": "balizas144_N.php:ED7YAD:144.4150",
    "classification": "IMPORT_READY",
    "band": "144 MHz",
    "origin": "URE",
    "geometry_source": "URE exact site coordinate",
    "vs_production": "NEW",
    "review_reason": null
   }
  },
  {
   "type": "Feature",
   "geometry": {
    "type": "Point",
    "coordinates": [
     1.3008,
     39.0248
    ]
   },
   "properties": {
    "callsign": "EA6VHF",
    "name": null,
    "service_type": "beacon",
    "modes": [
     "CW"
    ],
    "rx_frequency_mhz": 144.426,
    "tx_frequency_mhz": null,
    "offset_mhz": null,
    "ctcss_hz": null,
    "dmr_color_code": null,
    "dmr_network": null,
    "locator": "JM09TA",
    "municipality": "Sant Antoni de Portmany",
    "province": "Illes Balears",
    "autonomous_region": "Balearic Islands",
    "status": null,
    "operator": "URE Ibiza - 10W + omni",
    "notes": "Administrative areas derived from exact URE site coordinates using OpenStreetMap Nominatim.",
    "last_verified_at": "2026-09-13",
    "latitude": 39.0248,
    "longitude": 1.3008,
    "source_name": "URE repeater and beacon listings",
    "source_url": "https://www.ure.es/appure/repetidores/balizas144_N.php",
    "source_record_id": "balizas144_N.php:EA6VHF:144.4260",
    "classification": "IMPORT_READY",
    "band": "144 MHz",
    "origin": "URE",
    "geometry_source": "URE exact site coordinate",
    "vs_production": "ALREADY_PRESENT",
    "review_reason": null
   }
  },
  {
   "type": "Feature",
   "geometry": {
    "type": "Point",
    "coordinates": [
     -16.460953,
     28.397139
    ]
   },
   "properties": {
    "callsign": "ED8YAQ",
    "name": null,
    "service_type": "beacon",
    "modes": [
     "CW"
    ],
    "rx_frequency_mhz": 144.4845,
    "tx_frequency_mhz": null,
    "offset_mhz": null,
    "ctcss_hz": null,
    "dmr_color_code": null,
    "dmr_network": null,
    "locator": "IL18UL",
    "municipality": "Santa Úrsula",
    "province": "Santa Cruz de Tenerife",
    "autonomous_region": "Canary Islands",
    "status": null,
    "operator": "URVAG - 10W + omni - Altitud 625 m.",
    "notes": "Administrative areas derived from exact URE site coordinates using OpenStreetMap Nominatim.",
    "last_verified_at": "2026-09-13",
    "latitude": 28.397139,
    "longitude": -16.460953,
    "source_name": "URE repeater and beacon listings",
    "source_url": "https://www.ure.es/appure/repetidores/balizas144_N.php",
    "source_record_id": "balizas144_N.php:ED8YAQ:144.4845",
    "classification": "IMPORT_READY",
    "band": "144 MHz",
    "origin": "URE",
    "geometry_source": "URE exact site coordinate",
    "vs_production": "NEW",
    "review_reason": null
   }
  },
  {
   "type": "Feature",
   "geometry": {
    "type": "Point",
    "coordinates": [
     -5.942629,
     43.4913
    ]
   },
   "properties": {
    "callsign": "ED1YCA",
    "name": null,
    "service_type": "beacon",
    "modes": [],
    "rx_frequency_mhz": 28.226,
    "tx_frequency_mhz": null,
    "offset_mhz": null,
    "ctcss_hz": null,
    "dmr_color_code": null,
    "dmr_network": null,
    "locator": "IN73AL",
    "municipality": "Llanera",
    "province": "Asturias",
    "autonomous_region": "Asturias",
    "status": null,
    "operator": "URE CT Asturias 10W - Antena: 5/8 Omni (3dBd)",
    "notes": "URE listing does not state an operating mode. Administrative areas derived from exact URE site coordinates using OpenStreetMap Nominatim.",
    "last_verified_at": "2026-09-13",
    "latitude": 43.4913,
    "longitude": -5.942629,
    "source_name": "URE repeater and beacon listings",
    "source_url": "https://www.ure.es/appure/repetidores/balizas28_N.php",
    "source_record_id": "balizas28_N.php:ED1YCA:28.2260",
    "classification": "IMPORT_READY",
    "band": "28 MHz",
    "origin": "URE",
    "geometry_source": "URE exact site coordinate",
    "vs_production": "NEW",
    "review_reason": null
   }
  },
  {
   "type": "Feature",
   "geometry": {
    "type": "Point",
    "coordinates": [
     -3.55335,
     40.418079
    ]
   },
   "properties": {
    "callsign": "ED4YAK",
    "name": null,
    "service_type": "beacon",
    "modes": [
     "CW"
    ],
    "rx_frequency_mhz": 28.251,
    "tx_frequency_mhz": null,
    "offset_mhz": null,
    "ctcss_hz": null,
    "dmr_color_code": null,
    "dmr_network": null,
    "locator": "IN80FK",
    "municipality": "Coslada",
    "province": null,
    "autonomous_region": "Community of Madrid",
    "status": null,
    "operator": "Radio Club Henares",
    "notes": "Administrative areas derived from exact URE site coordinates using OpenStreetMap Nominatim.",
    "last_verified_at": "2026-09-13",
    "latitude": 40.418079,
    "longitude": -3.55335,
    "source_name": "URE repeater and beacon listings",
    "source_url": "https://www.ure.es/appure/repetidores/balizas28_N.php",
    "source_record_id": "balizas28_N.php:ED4YAK:28.2510",
    "classification": "IMPORT_READY",
    "band": "28 MHz",
    "origin": "URE",
    "geometry_source": "URE exact site coordinate",
    "vs_production": "NEW",
    "review_reason": null
   }
  },
  {
   "type": "Feature",
   "geometry": {
    "type": "Point",
    "coordinates": [
     -2.120951,
     40.087093
    ]
   },
   "properties": {
    "callsign": "ED4YBA",
    "name": null,
    "service_type": "beacon",
    "modes": [
     "CW"
    ],
    "rx_frequency_mhz": 28.263,
    "tx_frequency_mhz": null,
    "offset_mhz": null,
    "ctcss_hz": null,
    "dmr_color_code": null,
    "dmr_network": null,
    "locator": "IN80WC",
    "municipality": "Cuenca",
    "province": "Cuenca",
    "autonomous_region": "Castile-La Mancha",
    "status": null,
    "operator": "URE Cuenca 5W + vertical",
    "notes": "Administrative areas derived from exact URE site coordinates using OpenStreetMap Nominatim.",
    "last_verified_at": "2026-09-13",
    "latitude": 40.087093,
    "longitude": -2.120951,
    "source_name": "URE repeater and beacon listings",
    "source_url": "https://www.ure.es/appure/repetidores/balizas28_N.php",
    "source_record_id": "balizas28_N.php:ED4YBA:28.2630",
    "classification": "IMPORT_READY",
    "band": "28 MHz",
    "origin": "URE",
    "geometry_source": "URE exact site coordinate",
    "vs_production": "NEW",
    "review_reason": null
   }
  },
  {
   "type": "Feature",
   "geometry": {
    "type": "Point",
    "coordinates": [
     2.208333,
     41.479168
    ]
   },
   "properties": {
    "callsign": "ED3YBF",
    "name": null,
    "service_type": "beacon",
    "modes": [],
    "rx_frequency_mhz": 432.405,
    "tx_frequency_mhz": null,
    "offset_mhz": null,
    "ctcss_hz": null,
    "dmr_color_code": null,
    "dmr_network": null,
    "locator": "JN11CL",
    "municipality": "Montcada i Reixac",
    "province": "Barcelona",
    "autonomous_region": "Catalonia",
    "status": null,
    "operator": "Unio de Radioaficionats de Catalunya",
    "notes": "URE listing does not state an operating mode. Administrative areas derived from exact URE site coordinates using OpenStreetMap Nominatim.",
    "last_verified_at": "2026-09-13",
    "latitude": 41.479168,
    "longitude": 2.208333,
    "source_name": "URE repeater and beacon listings",
    "source_url": "https://www.ure.es/appure/repetidores/balizas432_N.php",
    "source_record_id": "balizas432_N.php:ED3YBF:432.4050",
    "classification": "IMPORT_READY",
    "band": "432 MHz",
    "origin": "URE",
    "geometry_source": "URE exact site coordinate",
    "vs_production": "NEW",
    "review_reason": null
   }
  },
  {
   "type": "Feature",
   "geometry": {
    "type": "Point",
    "coordinates": [
     1.295,
     38.919667
    ]
   },
   "properties": {
    "callsign": "ED6YAE",
    "name": null,
    "service_type": "beacon",
    "modes": [],
    "rx_frequency_mhz": 432.4255,
    "tx_frequency_mhz": null,
    "offset_mhz": null,
    "ctcss_hz": null,
    "dmr_color_code": null,
    "dmr_network": null,
    "locator": "JM08PV",
    "municipality": "Sant Josep de sa Talaia",
    "province": "Illes Balears",
    "autonomous_region": "Balearic Islands",
    "status": null,
    "operator": "URE Ibiza",
    "notes": "URE listing does not state an operating mode. Administrative areas derived from exact URE site coordinates using OpenStreetMap Nominatim.",
    "last_verified_at": "2026-09-13",
    "latitude": 38.919667,
    "longitude": 1.295,
    "source_name": "URE repeater and beacon listings",
    "source_url": "https://www.ure.es/appure/repetidores/balizas432_N.php",
    "source_record_id": "balizas432_N.php:ED6YAE:432.4255",
    "classification": "IMPORT_READY",
    "band": "432 MHz",
    "origin": "URE",
    "geometry_source": "URE exact site coordinate",
    "vs_production": "NEW",
    "review_reason": null
   }
  },
  {
   "type": "Feature",
   "geometry": {
    "type": "Point",
    "coordinates": [
     -16.336944,
     28.509167
    ]
   },
   "properties": {
    "callsign": "ED8YAJ",
    "name": null,
    "service_type": "beacon",
    "modes": [],
    "rx_frequency_mhz": 432.415,
    "tx_frequency_mhz": null,
    "offset_mhz": null,
    "ctcss_hz": null,
    "dmr_color_code": null,
    "dmr_network": null,
    "locator": "IL18UM",
    "municipality": "Tegueste",
    "province": "Santa Cruz de Tenerife",
    "autonomous_region": "Canary Islands",
    "status": null,
    "operator": "URE La Palma",
    "notes": "URE listing does not state an operating mode. Administrative areas derived from exact URE site coordinates using OpenStreetMap Nominatim.",
    "last_verified_at": "2026-09-13",
    "latitude": 28.509167,
    "longitude": -16.336944,
    "source_name": "URE repeater and beacon listings",
    "source_url": "https://www.ure.es/appure/repetidores/balizas432_N.php",
    "source_record_id": "balizas432_N.php:ED8YAJ:432.4150",
    "classification": "IMPORT_READY",
    "band": "432 MHz",
    "origin": "URE",
    "geometry_source": "URE exact site coordinate",
    "vs_production": "NEW",
    "review_reason": null
   }
  },
  {
   "type": "Feature",
   "geometry": {
    "type": "Point",
    "coordinates": [
     -8.7225,
     42.210556
    ]
   },
   "properties": {
    "callsign": "ED1YBR",
    "name": null,
    "service_type": "beacon",
    "modes": [],
    "rx_frequency_mhz": 50.409,
    "tx_frequency_mhz": null,
    "offset_mhz": null,
    "ctcss_hz": null,
    "dmr_color_code": null,
    "dmr_network": null,
    "locator": "IN52PF",
    "municipality": "Vigo",
    "province": "Pontevedra",
    "autonomous_region": "Galicia",
    "status": null,
    "operator": "URE Vigo",
    "notes": "URE listing does not state an operating mode. Administrative areas derived from exact URE site coordinates using OpenStreetMap Nominatim.",
    "last_verified_at": "2026-09-13",
    "latitude": 42.210556,
    "longitude": -8.7225,
    "source_name": "URE repeater and beacon listings",
    "source_url": "https://www.ure.es/appure/repetidores/balizas50_N.php",
    "source_record_id": "balizas50_N.php:ED1YBR:50.4090",
    "classification": "IMPORT_READY",
    "band": "50 MHz",
    "origin": "URE",
    "geometry_source": "URE exact site coordinate",
    "vs_production": "NEW",
    "review_reason": null
   }
  },
  {
   "type": "Feature",
   "geometry": {
    "type": "Point",
    "coordinates": [
     -5.943777,
     43.491055
    ]
   },
   "properties": {
    "callsign": "ED1YCA",
    "name": null,
    "service_type": "beacon",
    "modes": [],
    "rx_frequency_mhz": 50.445,
    "tx_frequency_mhz": null,
    "offset_mhz": null,
    "ctcss_hz": null,
    "dmr_color_code": null,
    "dmr_network": null,
    "locator": "IN73AL",
    "municipality": "Llanera",
    "province": "Asturias",
    "autonomous_region": "Asturias",
    "status": null,
    "operator": "Antena: HO-Loop URE Asturias",
    "notes": "URE listing does not state an operating mode. Administrative areas derived from exact URE site coordinates using OpenStreetMap Nominatim.",
    "last_verified_at": "2026-09-13",
    "latitude": 43.491055,
    "longitude": -5.943777,
    "source_name": "URE repeater and beacon listings",
    "source_url": "https://www.ure.es/appure/repetidores/balizas50_N.php",
    "source_record_id": "balizas50_N.php:ED1YCA:50.4450",
    "classification": "IMPORT_READY",
    "band": "50 MHz",
    "origin": "URE",
    "geometry_source": "URE exact site coordinate",
    "vs_production": "NEW",
    "review_reason": null
   }
  },
  {
   "type": "Feature",
   "geometry": {
    "type": "Point",
    "coordinates": [
     -2.120951,
     40.087097
    ]
   },
   "properties": {
    "callsign": "ED4YBA",
    "name": null,
    "service_type": "beacon",
    "modes": [
     "CW"
    ],
    "rx_frequency_mhz": 50.061,
    "tx_frequency_mhz": null,
    "offset_mhz": null,
    "ctcss_hz": null,
    "dmr_color_code": null,
    "dmr_network": null,
    "locator": "IN80WC",
    "municipality": "Cuenca",
    "province": "Cuenca",
    "autonomous_region": "Castile-La Mancha",
    "status": null,
    "operator": "URE Cuenca 5W + vertical",
    "notes": "Administrative areas derived from exact URE site coordinates using OpenStreetMap Nominatim.",
    "last_verified_at": "2026-09-13",
    "latitude": 40.087097,
    "longitude": -2.120951,
    "source_name": "URE repeater and beacon listings",
    "source_url": "https://www.ure.es/appure/repetidores/balizas50_N.php",
    "source_record_id": "balizas50_N.php:ED4YBA:50.0610",
    "classification": "IMPORT_READY",
    "band": "50 MHz",
    "origin": "URE",
    "geometry_source": "URE exact site coordinate",
    "vs_production": "NEW",
    "review_reason": null
   }
  },
  {
   "type": "Feature",
   "geometry": {
    "type": "Point",
    "coordinates": [
     3.116667,
     39.466667
    ]
   },
   "properties": {
    "callsign": "ED6YAI",
    "name": null,
    "service_type": "beacon",
    "modes": [
     "CW"
    ],
    "rx_frequency_mhz": 50.042,
    "tx_frequency_mhz": null,
    "offset_mhz": null,
    "ctcss_hz": null,
    "dmr_color_code": null,
    "dmr_network": null,
    "locator": "JM19NL",
    "municipality": "Felanitx",
    "province": "Illes Balears",
    "autonomous_region": "Balearic Islands",
    "status": null,
    "operator": "URE Manacor 5W + omni horizontal",
    "notes": "Administrative areas derived from exact URE site coordinates using OpenStreetMap Nominatim.",
    "last_verified_at": "2026-09-13",
    "latitude": 39.466667,
    "longitude": 3.116667,
    "source_name": "URE repeater and beacon listings",
    "source_url": "https://www.ure.es/appure/repetidores/balizas50_N.php",
    "source_record_id": "balizas50_N.php:ED6YAI:50.0420",
    "classification": "IMPORT_READY",
    "band": "50 MHz",
    "origin": "URE",
    "geometry_source": "URE exact site coordinate",
    "vs_production": "NEW",
    "review_reason": null
   }
  },
  {
   "type": "Feature",
   "geometry": {
    "type": "Point",
    "coordinates": [
     -4.595839,
     36.606679
    ]
   },
   "properties": {
    "callsign": "ED7YAD",
    "name": null,
    "service_type": "beacon",
    "modes": [
     "CW"
    ],
    "rx_frequency_mhz": 50.0745,
    "tx_frequency_mhz": null,
    "offset_mhz": null,
    "ctcss_hz": null,
    "dmr_color_code": null,
    "dmr_network": null,
    "locator": "IM76QO",
    "municipality": "Mijas",
    "province": "Málaga",
    "autonomous_region": "Andalusia",
    "status": null,
    "operator": "URE Málaga 15W + omni horizontal",
    "notes": "Administrative areas derived from exact URE site coordinates using OpenStreetMap Nominatim.",
    "last_verified_at": "2026-09-13",
    "latitude": 36.606679,
    "longitude": -4.595839,
    "source_name": "URE repeater and beacon listings",
    "source_url": "https://www.ure.es/appure/repetidores/balizas50_N.php",
    "source_record_id": "balizas50_N.php:ED7YAD:50.0745",
    "classification": "IMPORT_READY",
    "band": "50 MHz",
    "origin": "URE",
    "geometry_source": "URE exact site coordinate",
    "vs_production": "NEW",
    "review_reason": null
   }
  },
  {
   "type": "Feature",
   "geometry": {
    "type": "Point",
    "coordinates": [
     -16.494444,
     28.402778
    ]
   },
   "properties": {
    "callsign": "ED8YAK",
    "name": null,
    "service_type": "beacon",
    "modes": [],
    "rx_frequency_mhz": 50.415,
    "tx_frequency_mhz": null,
    "offset_mhz": null,
    "ctcss_hz": null,
    "dmr_color_code": null,
    "dmr_network": null,
    "locator": "IL18SJ",
    "municipality": "Santa Úrsula",
    "province": "Santa Cruz de Tenerife",
    "autonomous_region": "Canary Islands",
    "status": null,
    "operator": "URE La Palma",
    "notes": "URE listing does not state an operating mode. Administrative areas derived from exact URE site coordinates using OpenStreetMap Nominatim.",
    "last_verified_at": "2026-09-13",
    "latitude": 28.402778,
    "longitude": -16.494444,
    "source_name": "URE repeater and beacon listings",
    "source_url": "https://www.ure.es/appure/repetidores/balizas50_N.php",
    "source_record_id": "balizas50_N.php:ED8YAK:50.4150",
    "classification": "IMPORT_READY",
    "band": "50 MHz",
    "origin": "URE",
    "geometry_source": "URE exact site coordinate",
    "vs_production": "NEW",
    "review_reason": null
   }
  },
  {
   "type": "Feature",
   "geometry": {
    "type": "Point",
    "coordinates": [
     -4.116667,
     40.683333
    ]
   },
   "properties": {
    "callsign": "ED4YAE",
    "name": null,
    "service_type": "repeater",
    "modes": [
     "FM"
    ],
    "rx_frequency_mhz": 1298.5,
    "tx_frequency_mhz": null,
    "offset_mhz": -28.0,
    "ctcss_hz": null,
    "dmr_color_code": null,
    "dmr_network": null,
    "locator": "IN70WR",
    "municipality": "Guadarrama",
    "province": null,
    "autonomous_region": "Community of Madrid",
    "status": null,
    "operator": "4 W potencia - URE Sierra de Guadarrama",
    "notes": "Administrative areas derived from exact URE site coordinates using OpenStreetMap Nominatim.",
    "last_verified_at": "2026-09-13",
    "latitude": 40.683333,
    "longitude": -4.116667,
    "source_name": "URE repeater and beacon listings",
    "source_url": "https://www.ure.es/appure/repetidores/repe1200_N.php",
    "source_record_id": "repe1200_N.php:ED4YAE:1298.5000",
    "classification": "IMPORT_READY",
    "band": "1200 MHz",
    "origin": "URE",
    "geometry_source": "URE exact site coordinate",
    "vs_production": "ALREADY_PRESENT",
    "review_reason": null
   }
  },
  {
   "type": "Feature",
   "geometry": {
    "type": "Point",
    "coordinates": [
     -0.39754,
     39.690998
    ]
   },
   "properties": {
    "callsign": "ED5YAJ",
    "name": null,
    "service_type": "repeater",
    "modes": [
     "FM"
    ],
    "rx_frequency_mhz": 1298.1,
    "tx_frequency_mhz": null,
    "offset_mhz": -28.0,
    "ctcss_hz": null,
    "dmr_color_code": null,
    "dmr_network": null,
    "locator": "IM99TQ",
    "municipality": "Serra",
    "province": "València",
    "autonomous_region": "Valencian Community",
    "status": null,
    "operator": "URE Valencia",
    "notes": "Administrative areas derived from exact URE site coordinates using OpenStreetMap Nominatim.",
    "last_verified_at": "2026-09-13",
    "latitude": 39.690998,
    "longitude": -0.39754,
    "source_name": "URE repeater and beacon listings",
    "source_url": "https://www.ure.es/appure/repetidores/repe1200_N.php",
    "source_record_id": "repe1200_N.php:ED5YAJ:1298.1000",
    "classification": "IMPORT_READY",
    "band": "1200 MHz",
    "origin": "URE",
    "geometry_source": "URE exact site coordinate",
    "vs_production": "NEW",
    "review_reason": null
   }
  },
  {
   "type": "Feature",
   "geometry": {
    "type": "Point",
    "coordinates": [
     0.1075,
     38.843056
    ]
   },
   "properties": {
    "callsign": "ED5ZAC",
    "name": null,
    "service_type": "repeater",
    "modes": [
     "D-Star",
     "FM"
    ],
    "rx_frequency_mhz": 1298.5,
    "tx_frequency_mhz": null,
    "offset_mhz": -28.0,
    "ctcss_hz": null,
    "dmr_color_code": null,
    "dmr_network": null,
    "locator": "JM08BU",
    "municipality": "Dénia",
    "province": "Alicante",
    "autonomous_region": "Valencian Community",
    "status": null,
    "operator": "RC Denia",
    "notes": "Administrative areas derived from exact URE site coordinates using OpenStreetMap Nominatim.",
    "last_verified_at": "2026-09-13",
    "latitude": 38.843056,
    "longitude": 0.1075,
    "source_name": "URE repeater and beacon listings",
    "source_url": "https://www.ure.es/appure/repetidores/repe1200_N.php",
    "source_record_id": "repe1200_N.php:ED5ZAC:1298.5000",
    "classification": "IMPORT_READY",
    "band": "1200 MHz",
    "origin": "URE",
    "geometry_source": "URE exact site coordinate",
    "vs_production": "ALREADY_PRESENT",
    "review_reason": null
   }
  },
  {
   "type": "Feature",
   "geometry": {
    "type": "Point",
    "coordinates": [
     -2.685278,
     42.594722
    ]
   },
   "properties": {
    "callsign": "ED1YAB",
    "name": null,
    "service_type": "repeater",
    "modes": [
     "FM"
    ],
    "rx_frequency_mhz": 145.725,
    "tx_frequency_mhz": null,
    "offset_mhz": -0.6,
    "ctcss_hz": 77.0,
    "dmr_color_code": null,
    "dmr_network": null,
    "locator": "IN82PO",
    "municipality": "Peñacerrada-Urizaharra",
    "province": "Álava",
    "autonomous_region": "Basque Country",
    "status": null,
    "operator": "Radio Club Rioja",
    "notes": "Administrative areas derived from exact URE site coordinates using OpenStreetMap Nominatim.",
    "last_verified_at": "2026-09-13",
    "latitude": 42.594722,
    "longitude": -2.685278,
    "source_name": "URE repeater and beacon listings",
    "source_url": "https://www.ure.es/appure/repetidores/repe144_N.php",
    "source_record_id": "repe144_N.php:ED1YAB:145.7250",
    "classification": "IMPORT_READY",
    "band": "144 MHz",
    "origin": "URE",
    "geometry_source": "URE exact site coordinate",
    "vs_production": "ALREADY_PRESENT",
    "review_reason": null
   }
  },
  {
   "type": "Feature",
   "geometry": {
    "type": "Point",
    "coordinates": [
     -1.950674,
     42.13098
    ]
   },
   "properties": {
    "callsign": "ED1YAC",
    "name": null,
    "service_type": "repeater",
    "modes": [
     "FM"
    ],
    "rx_frequency_mhz": 145.75,
    "tx_frequency_mhz": null,
    "offset_mhz": -0.6,
    "ctcss_hz": 77.0,
    "dmr_color_code": null,
    "dmr_network": null,
    "locator": "IN92AD",
    "municipality": "Alfaro",
    "province": null,
    "autonomous_region": "La Rioja",
    "status": null,
    "operator": "Radio Club Rioja",
    "notes": "Administrative areas derived from exact URE site coordinates using OpenStreetMap Nominatim.",
    "last_verified_at": "2026-09-13",
    "latitude": 42.13098,
    "longitude": -1.950674,
    "source_name": "URE repeater and beacon listings",
    "source_url": "https://www.ure.es/appure/repetidores/repe144_N.php",
    "source_record_id": "repe144_N.php:ED1YAC:145.7500",
    "classification": "IMPORT_READY",
    "band": "144 MHz",
    "origin": "URE",
    "geometry_source": "URE exact site coordinate",
    "vs_production": "NEW",
    "review_reason": null
   }
  },
  {
   "type": "Feature",
   "geometry": {
    "type": "Point",
    "coordinates": [
     -7.791667,
     43.591667
    ]
   },
   "properties": {
    "callsign": "ED1YAD",
    "name": null,
    "service_type": "repeater",
    "modes": [
     "FM"
    ],
    "rx_frequency_mhz": 145.625,
    "tx_frequency_mhz": null,
    "offset_mhz": -0.6,
    "ctcss_hz": null,
    "dmr_color_code": null,
    "dmr_network": null,
    "locator": "IN63CO",
    "municipality": "Ortigueira",
    "province": "A Coruña",
    "autonomous_region": "Galicia",
    "status": null,
    "operator": "URE Coruña",
    "notes": "Administrative areas derived from exact URE site coordinates using OpenStreetMap Nominatim.",
    "last_verified_at": "2026-09-13",
    "latitude": 43.591667,
    "longitude": -7.791667,
    "source_name": "URE repeater and beacon listings",
    "source_url": "https://www.ure.es/appure/repetidores/repe144_N.php",
    "source_record_id": "repe144_N.php:ED1YAD:145.6250",
    "classification": "IMPORT_READY",
    "band": "144 MHz",
    "origin": "URE",
    "geometry_source": "URE exact site coordinate",
    "vs_production": "NEW",
    "review_reason": null
   }
  },
  {
   "type": "Feature",
   "geometry": {
    "type": "Point",
    "coordinates": [
     -8.285944,
     43.451528
    ]
   },
   "properties": {
    "callsign": "ED1YAE",
    "name": null,
    "service_type": "repeater",
    "modes": [
     "FM"
    ],
    "rx_frequency_mhz": 145.775,
    "tx_frequency_mhz": null,
    "offset_mhz": -0.6,
    "ctcss_hz": 88.5,
    "dmr_color_code": null,
    "dmr_network": null,
    "locator": "IN53UK",
    "municipality": "Ares",
    "province": "A Coruña",
    "autonomous_region": "Galicia",
    "status": null,
    "operator": "Radio Club Fene EA1RKF",
    "notes": "Administrative areas derived from exact URE site coordinates using OpenStreetMap Nominatim.",
    "last_verified_at": "2026-09-13",
    "latitude": 43.451528,
    "longitude": -8.285944,
    "source_name": "URE repeater and beacon listings",
    "source_url": "https://www.ure.es/appure/repetidores/repe144_N.php",
    "source_record_id": "repe144_N.php:ED1YAE:145.7750",
    "classification": "IMPORT_READY",
    "band": "144 MHz",
    "origin": "URE",
    "geometry_source": "URE exact site coordinate",
    "vs_production": "NEW",
    "review_reason": null
   }
  },
  {
   "type": "Feature",
   "geometry": {
    "type": "Point",
    "coordinates": [
     -4.782829,
     40.517192
    ]
   },
   "properties": {
    "callsign": "ED1YAF",
    "name": null,
    "service_type": "repeater",
    "modes": [
     "FM"
    ],
    "rx_frequency_mhz": 145.7,
    "tx_frequency_mhz": null,
    "offset_mhz": -0.6,
    "ctcss_hz": 71.9,
    "dmr_color_code": null,
    "dmr_network": null,
    "locator": "IN70OM",
    "municipality": "Riofrío",
    "province": "Ávila",
    "autonomous_region": "Castile and León",
    "status": null,
    "operator": "Club Radioaficionados Abulenses",
    "notes": "Administrative areas derived from exact URE site coordinates using OpenStreetMap Nominatim.",
    "last_verified_at": "2026-09-13",
    "latitude": 40.517192,
    "longitude": -4.782829,
    "source_name": "URE repeater and beacon listings",
    "source_url": "https://www.ure.es/appure/repetidores/repe144_N.php",
    "source_record_id": "repe144_N.php:ED1YAF:145.7000",
    "classification": "IMPORT_READY",
    "band": "144 MHz",
    "origin": "URE",
    "geometry_source": "URE exact site coordinate",
    "vs_production": "NEW",
    "review_reason": null
   }
  },
  {
   "type": "Feature",
   "geometry": {
    "type": "Point",
    "coordinates": [
     -8.616667,
     42.683333
    ]
   },
   "properties": {
    "callsign": "ED1YAG",
    "name": null,
    "service_type": "repeater",
    "modes": [
     "FM"
    ],
    "rx_frequency_mhz": 145.65,
    "tx_frequency_mhz": null,
    "offset_mhz": -0.6,
    "ctcss_hz": null,
    "dmr_color_code": null,
    "dmr_network": null,
    "locator": "IN52QQ",
    "municipality": "Valga",
    "province": "Pontevedra",
    "autonomous_region": "Galicia",
    "status": null,
    "operator": "R.C. SAR Santiago",
    "notes": "Administrative areas derived from exact URE site coordinates using OpenStreetMap Nominatim.",
    "last_verified_at": "2026-09-13",
    "latitude": 42.683333,
    "longitude": -8.616667,
    "source_name": "URE repeater and beacon listings",
    "source_url": "https://www.ure.es/appure/repetidores/repe144_N.php",
    "source_record_id": "repe144_N.php:ED1YAG:145.6500",
    "classification": "IMPORT_READY",
    "band": "144 MHz",
    "origin": "URE",
    "geometry_source": "URE exact site coordinate",
    "vs_production": "NEW",
    "review_reason": null
   }
  },
  {
   "type": "Feature",
   "geometry": {
    "type": "Point",
    "coordinates": [
     -7.532501,
     43.433974
    ]
   },
   "properties": {
    "callsign": "ED1YAH",
    "name": null,
    "service_type": "repeater",
    "modes": [
     "FM"
    ],
    "rx_frequency_mhz": 145.725,
    "tx_frequency_mhz": null,
    "offset_mhz": -0.6,
    "ctcss_hz": null,
    "dmr_color_code": null,
    "dmr_network": null,
    "locator": "IN63FK",
    "municipality": "Abadín",
    "province": "Lugo",
    "autonomous_region": "Galicia",
    "status": null,
    "operator": "URE Terracha",
    "notes": "Administrative areas derived from exact URE site coordinates using OpenStreetMap Nominatim.",
    "last_verified_at": "2026-09-13",
    "latitude": 43.433974,
    "longitude": -7.532501,
    "source_name": "URE repeater and beacon listings",
    "source_url": "https://www.ure.es/appure/repetidores/repe144_N.php",
    "source_record_id": "repe144_N.php:ED1YAH:145.7250",
    "classification": "IMPORT_READY",
    "band": "144 MHz",
    "origin": "URE",
    "geometry_source": "URE exact site coordinate",
    "vs_production": "NEW",
    "review_reason": null
   }
  },
  {
   "type": "Feature",
   "geometry": {
    "type": "Point",
    "coordinates": [
     -7.198792,
     42.717255
    ]
   },
   "properties": {
    "callsign": "ED1YAI",
    "name": null,
    "service_type": "repeater",
    "modes": [
     "FM"
    ],
    "rx_frequency_mhz": 145.7,
    "tx_frequency_mhz": null,
    "offset_mhz": -0.6,
    "ctcss_hz": null,
    "dmr_color_code": null,
    "dmr_network": null,
    "locator": "IN62JR",
    "municipality": "Samos",
    "province": "Lugo",
    "autonomous_region": "Galicia",
    "status": null,
    "operator": "R.C. Lugo",
    "notes": "Administrative areas derived from exact URE site coordinates using OpenStreetMap Nominatim.",
    "last_verified_at": "2026-09-13",
    "latitude": 42.717255,
    "longitude": -7.198792,
    "source_name": "URE repeater and beacon listings",
    "source_url": "https://www.ure.es/appure/repetidores/repe144_N.php",
    "source_record_id": "repe144_N.php:ED1YAI:145.7000",
    "classification": "IMPORT_READY",
    "band": "144 MHz",
    "origin": "URE",
    "geometry_source": "URE exact site coordinate",
    "vs_production": "NEW",
    "review_reason": null
   }
  },
  {
   "type": "Feature",
   "geometry": {
    "type": "Point",
    "coordinates": [
     -5.814961,
     41.474941
    ]
   },
   "properties": {
    "callsign": "ED1YAL",
    "name": null,
    "service_type": "repeater",
    "modes": [
     "FM"
    ],
    "rx_frequency_mhz": 145.65,
    "tx_frequency_mhz": null,
    "offset_mhz": -0.6,
    "ctcss_hz": 67.0,
    "dmr_color_code": null,
    "dmr_network": null,
    "locator": "IN71CM",
    "municipality": "Zamora",
    "province": "Zamora",
    "autonomous_region": "Castile and León",
    "status": null,
    "operator": "URE Zamora",
    "notes": "Administrative areas derived from exact URE site coordinates using OpenStreetMap Nominatim.",
    "last_verified_at": "2026-09-13",
    "latitude": 41.474941,
    "longitude": -5.814961,
    "source_name": "URE repeater and beacon listings",
    "source_url": "https://www.ure.es/appure/repetidores/repe144_N.php",
    "source_record_id": "repe144_N.php:ED1YAL:145.6500",
    "classification": "IMPORT_READY",
    "band": "144 MHz",
    "origin": "URE",
    "geometry_source": "URE exact site coordinate",
    "vs_production": "NEW",
    "review_reason": null
   }
  },
  {
   "type": "Feature",
   "geometry": {
    "type": "Point",
    "coordinates": [
     -3.833767,
     43.458944
    ]
   },
   "properties": {
    "callsign": "ED1YAM",
    "name": null,
    "service_type": "repeater",
    "modes": [
     "FM"
    ],
    "rx_frequency_mhz": 145.675,
    "tx_frequency_mhz": null,
    "offset_mhz": -0.6,
    "ctcss_hz": 67.0,
    "dmr_color_code": null,
    "dmr_network": null,
    "locator": "IN83CK",
    "municipality": "Santander",
    "province": "Cantabria",
    "autonomous_region": "Cantabria",
    "status": null,
    "operator": "URE Cantabria",
    "notes": "Administrative areas derived from exact URE site coordinates using OpenStreetMap Nominatim.",
    "last_verified_at": "2026-09-13",
    "latitude": 43.458944,
    "longitude": -3.833767,
    "source_name": "URE repeater and beacon listings",
    "source_url": "https://www.ure.es/appure/repetidores/repe144_N.php",
    "source_record_id": "repe144_N.php:ED1YAM:145.6750",
    "classification": "IMPORT_READY",
    "band": "144 MHz",
    "origin": "URE",
    "geometry_source": "URE exact site coordinate",
    "vs_production": "NEW",
    "review_reason": null
   }
  },
  {
   "type": "Feature",
   "geometry": {
    "type": "Point",
    "coordinates": [
     -4.585278,
     41.9975
    ]
   },
   "properties": {
    "callsign": "ED1YAN",
    "name": null,
    "service_type": "repeater",
    "modes": [
     "FM"
    ],
    "rx_frequency_mhz": 145.775,
    "tx_frequency_mhz": null,
    "offset_mhz": -0.6,
    "ctcss_hz": 88.5,
    "dmr_color_code": null,
    "dmr_network": null,
    "locator": "IN71QX",
    "municipality": "Palencia",
    "province": "Palencia",
    "autonomous_region": "Castile and León",
    "status": null,
    "operator": "Asociación Palentina de Radioaficionados",
    "notes": "Administrative areas derived from exact URE site coordinates using OpenStreetMap Nominatim.",
    "last_verified_at": "2026-09-13",
    "latitude": 41.9975,
    "longitude": -4.585278,
    "source_name": "URE repeater and beacon listings",
    "source_url": "https://www.ure.es/appure/repetidores/repe144_N.php",
    "source_record_id": "repe144_N.php:ED1YAN:145.7750",
    "classification": "IMPORT_READY",
    "band": "144 MHz",
    "origin": "URE",
    "geometry_source": "URE exact site coordinate",
    "vs_production": "NEW",
    "review_reason": null
   }
  },
  {
   "type": "Feature",
   "geometry": {
    "type": "Point",
    "coordinates": [
     -7.44873,
     43.600284
    ]
   },
   "properties": {
    "callsign": "ED1YAO",
    "name": null,
    "service_type": "repeater",
    "modes": [
     "FM"
    ],
    "rx_frequency_mhz": 145.6,
    "tx_frequency_mhz": null,
    "offset_mhz": -0.6,
    "ctcss_hz": null,
    "dmr_color_code": null,
    "dmr_network": null,
    "locator": "IN63GO",
    "municipality": "Cervo",
    "province": "Lugo",
    "autonomous_region": "Galicia",
    "status": null,
    "operator": "R.C. Costa Lugo",
    "notes": "Administrative areas derived from exact URE site coordinates using OpenStreetMap Nominatim.",
    "last_verified_at": "2026-09-13",
    "latitude": 43.600284,
    "longitude": -7.44873,
    "source_name": "URE repeater and beacon listings",
    "source_url": "https://www.ure.es/appure/repetidores/repe144_N.php",
    "source_record_id": "repe144_N.php:ED1YAO:145.6000",
    "classification": "IMPORT_READY",
    "band": "144 MHz",
    "origin": "URE",
    "geometry_source": "URE exact site coordinate",
    "vs_production": "NEW",
    "review_reason": null
   }
  },
  {
   "type": "Feature",
   "geometry": {
    "type": "Point",
    "coordinates": [
     -4.379683,
     43.010892
    ]
   },
   "properties": {
    "callsign": "ED1YAQ",
    "name": null,
    "service_type": "repeater",
    "modes": [
     "FM"
    ],
    "rx_frequency_mhz": 145.7,
    "tx_frequency_mhz": null,
    "offset_mhz": -0.6,
    "ctcss_hz": null,
    "dmr_color_code": null,
    "dmr_network": null,
    "locator": "IN73TA",
    "municipality": "Hermandad de Campoo de Suso",
    "province": "Cantabria",
    "autonomous_region": "Cantabria",
    "status": null,
    "operator": "Radio Club Radioaficionados Montañeses",
    "notes": "Administrative areas derived from exact URE site coordinates using OpenStreetMap Nominatim.",
    "last_verified_at": "2026-09-13",
    "latitude": 43.010892,
    "longitude": -4.379683,
    "source_name": "URE repeater and beacon listings",
    "source_url": "https://www.ure.es/appure/repetidores/repe144_N.php",
    "source_record_id": "repe144_N.php:ED1YAQ:145.7000",
    "classification": "IMPORT_READY",
    "band": "144 MHz",
    "origin": "URE",
    "geometry_source": "URE exact site coordinate",
    "vs_production": "NEW",
    "review_reason": null
   }
  },
  {
   "type": "Feature",
   "geometry": {
    "type": "Point",
    "coordinates": [
     -3.783417,
     43.467123
    ]
   },
   "properties": {
    "callsign": "ED1YAS",
    "name": null,
    "service_type": "repeater",
    "modes": [
     "FM"
    ],
    "rx_frequency_mhz": 145.65,
    "tx_frequency_mhz": null,
    "offset_mhz": -0.6,
    "ctcss_hz": 123.0,
    "dmr_color_code": null,
    "dmr_network": null,
    "locator": "IN83GK",
    "municipality": "Santander",
    "province": "Cantabria",
    "autonomous_region": "Cantabria",
    "status": null,
    "operator": "Radio Club Radioaficionados Montañeses",
    "notes": "Administrative areas derived from exact URE site coordinates using OpenStreetMap Nominatim.",
    "last_verified_at": "2026-09-13",
    "latitude": 43.467123,
    "longitude": -3.783417,
    "source_name": "URE repeater and beacon listings",
    "source_url": "https://www.ure.es/appure/repetidores/repe144_N.php",
    "source_record_id": "repe144_N.php:ED1YAS:145.6500",
    "classification": "IMPORT_READY",
    "band": "144 MHz",
    "origin": "URE",
    "geometry_source": "URE exact site coordinate",
    "vs_production": "NEW",
    "review_reason": null
   }
  },
  {
   "type": "Feature",
   "geometry": {
    "type": "Point",
    "coordinates": [
     -8.699627,
     43.266519
    ]
   },
   "properties": {
    "callsign": "ED1YAW",
    "name": null,
    "service_type": "repeater",
    "modes": [
     "FM"
    ],
    "rx_frequency_mhz": 145.675,
    "tx_frequency_mhz": null,
    "offset_mhz": -0.6,
    "ctcss_hz": null,
    "dmr_color_code": null,
    "dmr_network": null,
    "locator": "IN53PG",
    "municipality": "Carballo",
    "province": "A Coruña",
    "autonomous_region": "Galicia",
    "status": null,
    "operator": "Club Bergantiños de Radio",
    "notes": "Administrative areas derived from exact URE site coordinates using OpenStreetMap Nominatim.",
    "last_verified_at": "2026-09-13",
    "latitude": 43.266519,
    "longitude": -8.699627,
    "source_name": "URE repeater and beacon listings",
    "source_url": "https://www.ure.es/appure/repetidores/repe144_N.php",
    "source_record_id": "repe144_N.php:ED1YAW:145.6750",
    "classification": "IMPORT_READY",
    "band": "144 MHz",
    "origin": "URE",
    "geometry_source": "URE exact site coordinate",
    "vs_production": "NEW",
    "review_reason": null
   }
  },
  {
   "type": "Feature",
   "geometry": {
    "type": "Point",
    "coordinates": [
     -5.589549,
     42.838424
    ]
   },
   "properties": {
    "callsign": "ED1YAZ",
    "name": null,
    "service_type": "repeater",
    "modes": [
     "FM-N"
    ],
    "rx_frequency_mhz": 145.675,
    "tx_frequency_mhz": null,
    "offset_mhz": -0.6,
    "ctcss_hz": 88.5,
    "dmr_color_code": null,
    "dmr_network": null,
    "locator": "IN72EU",
    "municipality": "La Pola de Gordón",
    "province": "León",
    "autonomous_region": "Castile and León",
    "status": null,
    "operator": "URE León",
    "notes": "Administrative areas derived from exact URE site coordinates using OpenStreetMap Nominatim.",
    "last_verified_at": "2026-09-13",
    "latitude": 42.838424,
    "longitude": -5.589549,
    "source_name": "URE repeater and beacon listings",
    "source_url": "https://www.ure.es/appure/repetidores/repe144_N.php",
    "source_record_id": "repe144_N.php:ED1YAZ:145.6750",
    "classification": "IMPORT_READY",
    "band": "144 MHz",
    "origin": "URE",
    "geometry_source": "URE exact site coordinate",
    "vs_production": "ALREADY_PRESENT",
    "review_reason": null
   }
  },
  {
   "type": "Feature",
   "geometry": {
    "type": "Point",
    "coordinates": [
     -5.866699,
     43.38509
    ]
   },
   "properties": {
    "callsign": "ED1YBB",
    "name": null,
    "service_type": "repeater",
    "modes": [
     "FM"
    ],
    "rx_frequency_mhz": 145.65,
    "tx_frequency_mhz": null,
    "offset_mhz": -0.6,
    "ctcss_hz": null,
    "dmr_color_code": null,
    "dmr_network": null,
    "locator": "IN73BJ",
    "municipality": "Oviedo",
    "province": "Asturias",
    "autonomous_region": "Asturias",
    "status": null,
    "operator": "URE Oviedo",
    "notes": "Administrative areas derived from exact URE site coordinates using OpenStreetMap Nominatim.",
    "last_verified_at": "2026-09-13",
    "latitude": 43.38509,
    "longitude": -5.866699,
    "source_name": "URE repeater and beacon listings",
    "source_url": "https://www.ure.es/appure/repetidores/repe144_N.php",
    "source_record_id": "repe144_N.php:ED1YBB:145.6500",
    "classification": "IMPORT_READY",
    "band": "144 MHz",
    "origin": "URE",
    "geometry_source": "URE exact site coordinate",
    "vs_production": "NEW",
    "review_reason": null
   }
  },
  {
   "type": "Feature",
   "geometry": {
    "type": "Point",
    "coordinates": [
     -6.366667,
     43.35
    ]
   },
   "properties": {
    "callsign": "ED1YBC",
    "name": null,
    "service_type": "repeater",
    "modes": [
     "FM"
    ],
    "rx_frequency_mhz": 145.775,
    "tx_frequency_mhz": null,
    "offset_mhz": -0.6,
    "ctcss_hz": null,
    "dmr_color_code": null,
    "dmr_network": null,
    "locator": "IN63TI",
    "municipality": "Tineo",
    "province": "Asturias",
    "autonomous_region": "Asturias",
    "status": null,
    "operator": "(PEÑAS MIRO TAURO 1.049 m.) - URE Asturias",
    "notes": "Administrative areas derived from exact URE site coordinates using OpenStreetMap Nominatim.",
    "last_verified_at": "2026-09-13",
    "latitude": 43.35,
    "longitude": -6.366667,
    "source_name": "URE repeater and beacon listings",
    "source_url": "https://www.ure.es/appure/repetidores/repe144_N.php",
    "source_record_id": "repe144_N.php:ED1YBC:145.7750",
    "classification": "IMPORT_READY",
    "band": "144 MHz",
    "origin": "URE",
    "geometry_source": "URE exact site coordinate",
    "vs_production": "NEW",
    "review_reason": null
   }
  },
  {
   "type": "Feature",
   "geometry": {
    "type": "Point",
    "coordinates": [
     -8.692925,
     42.084311
    ]
   },
   "properties": {
    "callsign": "ED1YBG",
    "name": null,
    "service_type": "repeater",
    "modes": [
     "FM"
    ],
    "rx_frequency_mhz": 145.675,
    "tx_frequency_mhz": null,
    "offset_mhz": -0.6,
    "ctcss_hz": 88.5,
    "dmr_color_code": null,
    "dmr_network": null,
    "locator": "IN52PC",
    "municipality": "Tui",
    "province": "Pontevedra",
    "autonomous_region": "Galicia",
    "status": null,
    "operator": "URE Baixo Miño",
    "notes": "Administrative areas derived from exact URE site coordinates using OpenStreetMap Nominatim.",
    "last_verified_at": "2026-09-13",
    "latitude": 42.084311,
    "longitude": -8.692925,
    "source_name": "URE repeater and beacon listings",
    "source_url": "https://www.ure.es/appure/repetidores/repe144_N.php",
    "source_record_id": "repe144_N.php:ED1YBG:145.6750",
    "classification": "IMPORT_READY",
    "band": "144 MHz",
    "origin": "URE",
    "geometry_source": "URE exact site coordinate",
    "vs_production": "NEW",
    "review_reason": null
   }
  },
  {
   "type": "Feature",
   "geometry": {
    "type": "Point",
    "coordinates": [
     -5.783333,
     42.966667
    ]
   },
   "properties": {
    "callsign": "ED1YBH",
    "name": null,
    "service_type": "repeater",
    "modes": [
     "FM"
    ],
    "rx_frequency_mhz": 145.725,
    "tx_frequency_mhz": null,
    "offset_mhz": -0.6,
    "ctcss_hz": null,
    "dmr_color_code": null,
    "dmr_network": null,
    "locator": "IN72CX",
    "municipality": "Lena",
    "province": "Asturias",
    "autonomous_region": "Asturias",
    "status": null,
    "operator": "Cuitu Negru (1850 m.) - URE Asturias",
    "notes": "Administrative areas derived from exact URE site coordinates using OpenStreetMap Nominatim.",
    "last_verified_at": "2026-09-13",
    "latitude": 42.966667,
    "longitude": -5.783333,
    "source_name": "URE repeater and beacon listings",
    "source_url": "https://www.ure.es/appure/repetidores/repe144_N.php",
    "source_record_id": "repe144_N.php:ED1YBH:145.7250",
    "classification": "IMPORT_READY",
    "band": "144 MHz",
    "origin": "URE",
    "geometry_source": "URE exact site coordinate",
    "vs_production": "NEW",
    "review_reason": null
   }
  },
  {
   "type": "Feature",
   "geometry": {
    "type": "Point",
    "coordinates": [
     -5.2,
     43.433333
    ]
   },
   "properties": {
    "callsign": "ED1YBI",
    "name": null,
    "service_type": "repeater",
    "modes": [
     "FM"
    ],
    "rx_frequency_mhz": 145.75,
    "tx_frequency_mhz": null,
    "offset_mhz": -0.6,
    "ctcss_hz": null,
    "dmr_color_code": null,
    "dmr_network": null,
    "locator": "IN73JK",
    "municipality": "Parres",
    "province": "Asturias",
    "autonomous_region": "Asturias",
    "status": null,
    "operator": "(Pico Pienzu 1.161 m.) - URE Asturias",
    "notes": "Administrative areas derived from exact URE site coordinates using OpenStreetMap Nominatim.",
    "last_verified_at": "2026-09-13",
    "latitude": 43.433333,
    "longitude": -5.2,
    "source_name": "URE repeater and beacon listings",
    "source_url": "https://www.ure.es/appure/repetidores/repe144_N.php",
    "source_record_id": "repe144_N.php:ED1YBI:145.7500",
    "classification": "IMPORT_READY",
    "band": "144 MHz",
    "origin": "URE",
    "geometry_source": "URE exact site coordinate",
    "vs_production": "NEW",
    "review_reason": null
   }
  },
  {
   "type": "Feature",
   "geometry": {
    "type": "Point",
    "coordinates": [
     -4.116611,
     40.933293
    ]
   },
   "properties": {
    "callsign": "ED1YBJ",
    "name": null,
    "service_type": "repeater",
    "modes": [
     "FM"
    ],
    "rx_frequency_mhz": 145.75,
    "tx_frequency_mhz": null,
    "offset_mhz": -0.6,
    "ctcss_hz": null,
    "dmr_color_code": null,
    "dmr_network": null,
    "locator": "IN70WW",
    "municipality": "Segovia",
    "province": "Segovia",
    "autonomous_region": "Castile and León",
    "status": null,
    "operator": "URE Segovia",
    "notes": "Administrative areas derived from exact URE site coordinates using OpenStreetMap Nominatim.",
    "last_verified_at": "2026-09-13",
    "latitude": 40.933293,
    "longitude": -4.116611,
    "source_name": "URE repeater and beacon listings",
    "source_url": "https://www.ure.es/appure/repetidores/repe144_N.php",
    "source_record_id": "repe144_N.php:ED1YBJ:145.7500",
    "classification": "IMPORT_READY",
    "band": "144 MHz",
    "origin": "URE",
    "geometry_source": "URE exact site coordinate",
    "vs_production": "NEW",
    "review_reason": null
   }
  },
  {
   "type": "Feature",
   "geometry": {
    "type": "Point",
    "coordinates": [
     -7.829444,
     42.358333
    ]
   },
   "properties": {
    "callsign": "ED1YBK",
    "name": null,
    "service_type": "repeater",
    "modes": [
     "FM"
    ],
    "rx_frequency_mhz": 145.775,
    "tx_frequency_mhz": null,
    "offset_mhz": -0.6,
    "ctcss_hz": 77.0,
    "dmr_color_code": null,
    "dmr_network": null,
    "locator": "IN62CI",
    "municipality": "Ourense",
    "province": "Ourense",
    "autonomous_region": "Galicia",
    "status": null,
    "operator": "URE Ourense",
    "notes": "Administrative areas derived from exact URE site coordinates using OpenStreetMap Nominatim.",
    "last_verified_at": "2026-09-13",
    "latitude": 42.358333,
    "longitude": -7.829444,
    "source_name": "URE repeater and beacon listings",
    "source_url": "https://www.ure.es/appure/repetidores/repe144_N.php",
    "source_record_id": "repe144_N.php:ED1YBK:145.7750",
    "classification": "IMPORT_READY",
    "band": "144 MHz",
    "origin": "URE",
    "geometry_source": "URE exact site coordinate",
    "vs_production": "NEW",
    "review_reason": null
   }
  },
  {
   "type": "Feature",
   "geometry": {
    "type": "Point",
    "coordinates": [
     -2.283354,
     41.933348
    ]
   },
   "properties": {
    "callsign": "ED1YBM",
    "name": null,
    "service_type": "repeater",
    "modes": [
     "FM"
    ],
    "rx_frequency_mhz": 145.6,
    "tx_frequency_mhz": null,
    "offset_mhz": -0.6,
    "ctcss_hz": null,
    "dmr_color_code": null,
    "dmr_network": null,
    "locator": "IN81UW",
    "municipality": "Castilfrío de la Sierra",
    "province": "Soria",
    "autonomous_region": "Castile and León",
    "status": null,
    "operator": "URE Soria",
    "notes": "Administrative areas derived from exact URE site coordinates using OpenStreetMap Nominatim.",
    "last_verified_at": "2026-09-13",
    "latitude": 41.933348,
    "longitude": -2.283354,
    "source_name": "URE repeater and beacon listings",
    "source_url": "https://www.ure.es/appure/repetidores/repe144_N.php",
    "source_record_id": "repe144_N.php:ED1YBM:145.6000",
    "classification": "IMPORT_READY",
    "band": "144 MHz",
    "origin": "URE",
    "geometry_source": "URE exact site coordinate",
    "vs_production": "NEW",
    "review_reason": null
   }
  },
  {
   "type": "Feature",
   "geometry": {
    "type": "Point",
    "coordinates": [
     -4.144444,
     43.291111
    ]
   },
   "properties": {
    "callsign": "ED1YBN",
    "name": null,
    "service_type": "repeater",
    "modes": [
     "FM"
    ],
    "rx_frequency_mhz": 145.6125,
    "tx_frequency_mhz": null,
    "offset_mhz": -0.6,
    "ctcss_hz": null,
    "dmr_color_code": null,
    "dmr_network": null,
    "locator": "IN73WG",
    "municipality": "Mazcuerras",
    "province": "Cantabria",
    "autonomous_region": "Cantabria",
    "status": null,
    "operator": "Sección URE Torrelavega",
    "notes": "Administrative areas derived from exact URE site coordinates using OpenStreetMap Nominatim.",
    "last_verified_at": "2026-09-13",
    "latitude": 43.291111,
    "longitude": -4.144444,
    "source_name": "URE repeater and beacon listings",
    "source_url": "https://www.ure.es/appure/repetidores/repe144_N.php",
    "source_record_id": "repe144_N.php:ED1YBN:145.6125",
    "classification": "IMPORT_READY",
    "band": "144 MHz",
    "origin": "URE",
    "geometry_source": "URE exact site coordinate",
    "vs_production": "NEW",
    "review_reason": null
   }
  },
  {
   "type": "Feature",
   "geometry": {
    "type": "Point",
    "coordinates": [
     -6.533346,
     42.383306
    ]
   },
   "properties": {
    "callsign": "ED1YBO",
    "name": null,
    "service_type": "repeater",
    "modes": [
     "FM"
    ],
    "rx_frequency_mhz": 145.6125,
    "tx_frequency_mhz": null,
    "offset_mhz": -0.6,
    "ctcss_hz": null,
    "dmr_color_code": null,
    "dmr_network": null,
    "locator": "IN62RJ",
    "municipality": "Castrillo de Cabrera",
    "province": "León",
    "autonomous_region": "Castile and León",
    "status": null,
    "operator": "URE El Bierzo",
    "notes": "Administrative areas derived from exact URE site coordinates using OpenStreetMap Nominatim.",
    "last_verified_at": "2026-09-13",
    "latitude": 42.383306,
    "longitude": -6.533346,
    "source_name": "URE repeater and beacon listings",
    "source_url": "https://www.ure.es/appure/repetidores/repe144_N.php",
    "source_record_id": "repe144_N.php:ED1YBO:145.6125",
    "classification": "IMPORT_READY",
    "band": "144 MHz",
    "origin": "URE",
    "geometry_source": "URE exact site coordinate",
    "vs_production": "NEW",
    "review_reason": null
   }
  },
  {
   "type": "Feature",
   "geometry": {
    "type": "Point",
    "coordinates": [
     -3.199081,
     42.267655
    ]
   },
   "properties": {
    "callsign": "ED1YBT",
    "name": null,
    "service_type": "repeater",
    "modes": [
     "FM"
    ],
    "rx_frequency_mhz": 145.625,
    "tx_frequency_mhz": null,
    "offset_mhz": -0.6,
    "ctcss_hz": 77.0,
    "dmr_color_code": null,
    "dmr_network": null,
    "locator": "IN82JG",
    "municipality": "Santa Cruz del Valle Urbión",
    "province": "Burgos",
    "autonomous_region": "Castile and León",
    "status": null,
    "operator": "URE Burgos",
    "notes": "Administrative areas derived from exact URE site coordinates using OpenStreetMap Nominatim.",
    "last_verified_at": "2026-09-13",
    "latitude": 42.267655,
    "longitude": -3.199081,
    "source_name": "URE repeater and beacon listings",
    "source_url": "https://www.ure.es/appure/repetidores/repe144_N.php",
    "source_record_id": "repe144_N.php:ED1YBT:145.6250",
    "classification": "IMPORT_READY",
    "band": "144 MHz",
    "origin": "URE",
    "geometry_source": "URE exact site coordinate",
    "vs_production": "NEW",
    "review_reason": null
   }
  },
  {
   "type": "Feature",
   "geometry": {
    "type": "Point",
    "coordinates": [
     -4.675525,
     41.627176
    ]
   },
   "properties": {
    "callsign": "ED1YBU",
    "name": null,
    "service_type": "repeater",
    "modes": [
     "FM"
    ],
    "rx_frequency_mhz": 145.725,
    "tx_frequency_mhz": null,
    "offset_mhz": -0.6,
    "ctcss_hz": 67.0,
    "dmr_color_code": null,
    "dmr_network": null,
    "locator": "IN71QO",
    "municipality": "Valladolid",
    "province": "Valladolid",
    "autonomous_region": "Castile and León",
    "status": null,
    "operator": "URE Valladolid",
    "notes": "Administrative areas derived from exact URE site coordinates using OpenStreetMap Nominatim.",
    "last_verified_at": "2026-09-13",
    "latitude": 41.627176,
    "longitude": -4.675525,
    "source_name": "URE repeater and beacon listings",
    "source_url": "https://www.ure.es/appure/repetidores/repe144_N.php",
    "source_record_id": "repe144_N.php:ED1YBU:145.7250",
    "classification": "IMPORT_READY",
    "band": "144 MHz",
    "origin": "URE",
    "geometry_source": "URE exact site coordinate",
    "vs_production": "NEW",
    "review_reason": null
   }
  },
  {
   "type": "Feature",
   "geometry": {
    "type": "Point",
    "coordinates": [
     -8.7,
     42.3
    ]
   },
   "properties": {
    "callsign": "ED1YBW",
    "name": null,
    "service_type": "repeater",
    "modes": [
     "FM"
    ],
    "rx_frequency_mhz": 145.725,
    "tx_frequency_mhz": null,
    "offset_mhz": -0.6,
    "ctcss_hz": 77.0,
    "dmr_color_code": null,
    "dmr_network": null,
    "locator": "IN52PH",
    "municipality": "Moaña",
    "province": "Pontevedra",
    "autonomous_region": "Galicia",
    "status": "on-air",
    "operator": "URE Vigo",
    "notes": "Administrative areas derived from exact URE site coordinates using OpenStreetMap Nominatim. DMR metadata from RadioID withheld pending mode-conflict review.",
    "last_verified_at": "2026-09-13",
    "latitude": 42.3,
    "longitude": -8.7,
    "source_name": "URE repeater and beacon listings",
    "source_url": "https://www.ure.es/appure/repetidores/repe144_N.php",
    "source_record_id": "repe144_N.php:ED1YBW:145.7250",
    "classification": "NEEDS_REVIEW",
    "band": "144 MHz",
    "origin": "URE",
    "geometry_source": "URE exact site coordinate",
    "vs_production": "NEW",
    "review_reason": "unresolved URE/RadioID conflict"
   }
  },
  {
   "type": "Feature",
   "geometry": {
    "type": "Point",
    "coordinates": [
     -8.283333,
     42.633333
    ]
   },
   "properties": {
    "callsign": "ED1YBX",
    "name": null,
    "service_type": "repeater",
    "modes": [
     "FM"
    ],
    "rx_frequency_mhz": 145.6,
    "tx_frequency_mhz": null,
    "offset_mhz": -0.6,
    "ctcss_hz": 88.5,
    "dmr_color_code": null,
    "dmr_network": null,
    "locator": "IN52UP",
    "municipality": "Forcarei",
    "province": "Pontevedra",
    "autonomous_region": "Galicia",
    "status": null,
    "operator": "Subtono 88,5 Hz URE Rías Baixas",
    "notes": "Administrative areas derived from exact URE site coordinates using OpenStreetMap Nominatim.",
    "last_verified_at": "2026-09-13",
    "latitude": 42.633333,
    "longitude": -8.283333,
    "source_name": "URE repeater and beacon listings",
    "source_url": "https://www.ure.es/appure/repetidores/repe144_N.php",
    "source_record_id": "repe144_N.php:ED1YBX:145.6000",
    "classification": "IMPORT_READY",
    "band": "144 MHz",
    "origin": "URE",
    "geometry_source": "URE exact site coordinate",
    "vs_production": "NEW",
    "review_reason": null
   }
  },
  {
   "type": "Feature",
   "geometry": {
    "type": "Point",
    "coordinates": [
     -7.301389,
     42.258611
    ]
   },
   "properties": {
    "callsign": "ED1YBY",
    "name": null,
    "service_type": "repeater",
    "modes": [
     "FM"
    ],
    "rx_frequency_mhz": 145.75,
    "tx_frequency_mhz": null,
    "offset_mhz": -0.6,
    "ctcss_hz": null,
    "dmr_color_code": null,
    "dmr_network": null,
    "locator": "IN62IG",
    "municipality": "Manzaneda",
    "province": "Ourense",
    "autonomous_region": "Galicia",
    "status": null,
    "operator": "URE Ourense",
    "notes": "Administrative areas derived from exact URE site coordinates using OpenStreetMap Nominatim.",
    "last_verified_at": "2026-09-13",
    "latitude": 42.258611,
    "longitude": -7.301389,
    "source_name": "URE repeater and beacon listings",
    "source_url": "https://www.ure.es/appure/repetidores/repe144_N.php",
    "source_record_id": "repe144_N.php:ED1YBY:145.7500",
    "classification": "IMPORT_READY",
    "band": "144 MHz",
    "origin": "URE",
    "geometry_source": "URE exact site coordinate",
    "vs_production": "NEW",
    "review_reason": null
   }
  },
  {
   "type": "Feature",
   "geometry": {
    "type": "Point",
    "coordinates": [
     -6.204357,
     40.514582
    ]
   },
   "properties": {
    "callsign": "ED1YBZ",
    "name": null,
    "service_type": "repeater",
    "modes": [
     "FM"
    ],
    "rx_frequency_mhz": 145.775,
    "tx_frequency_mhz": null,
    "offset_mhz": -0.6,
    "ctcss_hz": 77.0,
    "dmr_color_code": null,
    "dmr_network": null,
    "locator": "IN60VM",
    "municipality": "Monsagro",
    "province": "Salamanca",
    "autonomous_region": "Castile and León",
    "status": null,
    "operator": "URE Salamanca",
    "notes": "Administrative areas derived from exact URE site coordinates using OpenStreetMap Nominatim.",
    "last_verified_at": "2026-09-13",
    "latitude": 40.514582,
    "longitude": -6.204357,
    "source_name": "URE repeater and beacon listings",
    "source_url": "https://www.ure.es/appure/repetidores/repe144_N.php",
    "source_record_id": "repe144_N.php:ED1YBZ:145.7750",
    "classification": "IMPORT_READY",
    "band": "144 MHz",
    "origin": "URE",
    "geometry_source": "URE exact site coordinate",
    "vs_production": "NEW",
    "review_reason": null
   }
  },
  {
   "type": "Feature",
   "geometry": {
    "type": "Point",
    "coordinates": [
     -4.481563,
     42.834437
    ]
   },
   "properties": {
    "callsign": "ED1YCB",
    "name": null,
    "service_type": "repeater",
    "modes": [
     "FM"
    ],
    "rx_frequency_mhz": 145.75,
    "tx_frequency_mhz": null,
    "offset_mhz": -0.6,
    "ctcss_hz": 74.4,
    "dmr_color_code": null,
    "dmr_network": null,
    "locator": "IN72ST",
    "municipality": "Dehesa de Montejo",
    "province": "Palencia",
    "autonomous_region": "Castile and León",
    "status": null,
    "operator": "Asociación Palentina de Radioaficionados",
    "notes": "Administrative areas derived from exact URE site coordinates using OpenStreetMap Nominatim.",
    "last_verified_at": "2026-09-13",
    "latitude": 42.834437,
    "longitude": -4.481563,
    "source_name": "URE repeater and beacon listings",
    "source_url": "https://www.ure.es/appure/repetidores/repe144_N.php",
    "source_record_id": "repe144_N.php:ED1YCB:145.7500",
    "classification": "IMPORT_READY",
    "band": "144 MHz",
    "origin": "URE",
    "geometry_source": "URE exact site coordinate",
    "vs_production": "NEW",
    "review_reason": null
   }
  },
  {
   "type": "Feature",
   "geometry": {
    "type": "Point",
    "coordinates": [
     -7.61,
     42.349722
    ]
   },
   "properties": {
    "callsign": "ED1ZBG",
    "name": null,
    "service_type": "repeater",
    "modes": [
     "C4FM"
    ],
    "rx_frequency_mhz": 145.7125,
    "tx_frequency_mhz": null,
    "offset_mhz": -0.6,
    "ctcss_hz": null,
    "dmr_color_code": null,
    "dmr_network": null,
    "locator": "IN62EI",
    "municipality": "Parada de Sil",
    "province": "Ourense",
    "autonomous_region": "Galicia",
    "status": null,
    "operator": "URE Ourense",
    "notes": "Administrative areas derived from exact URE site coordinates using OpenStreetMap Nominatim.",
    "last_verified_at": "2026-09-13",
    "latitude": 42.349722,
    "longitude": -7.61,
    "source_name": "URE repeater and beacon listings",
    "source_url": "https://www.ure.es/appure/repetidores/repe144_N.php",
    "source_record_id": "repe144_N.php:ED1ZBG:145.7125",
    "classification": "IMPORT_READY",
    "band": "144 MHz",
    "origin": "URE",
    "geometry_source": "URE exact site coordinate",
    "vs_production": "ALREADY_PRESENT",
    "review_reason": null
   }
  },
  {
   "type": "Feature",
   "geometry": {
    "type": "Point",
    "coordinates": [
     -7.610556,
     42.35
    ]
   },
   "properties": {
    "callsign": "ED1ZBG_C",
    "name": null,
    "service_type": "repeater",
    "modes": [
     "D-Star"
    ],
    "rx_frequency_mhz": 145.6375,
    "tx_frequency_mhz": null,
    "offset_mhz": -0.6,
    "ctcss_hz": null,
    "dmr_color_code": null,
    "dmr_network": null,
    "locator": "IN62EI",
    "municipality": "Parada de Sil",
    "province": "Ourense",
    "autonomous_region": "Galicia",
    "status": null,
    "operator": "URE Ourense",
    "notes": "Administrative areas derived from exact URE site coordinates using OpenStreetMap Nominatim.",
    "last_verified_at": "2026-09-13",
    "latitude": 42.35,
    "longitude": -7.610556,
    "source_name": "URE repeater and beacon listings",
    "source_url": "https://www.ure.es/appure/repetidores/repe144_N.php",
    "source_record_id": "repe144_N.php:ED1ZBG_C:145.6375",
    "classification": "IMPORT_READY",
    "band": "144 MHz",
    "origin": "URE",
    "geometry_source": "URE exact site coordinate",
    "vs_production": "ALREADY_PRESENT",
    "review_reason": null
   }
  },
  {
   "type": "Feature",
   "geometry": {
    "type": "Point",
    "coordinates": [
     -2.867646,
     43.123352
    ]
   },
   "properties": {
    "callsign": "ED2YAA",
    "name": null,
    "service_type": "repeater",
    "modes": [
     "FM"
    ],
    "rx_frequency_mhz": 145.7,
    "tx_frequency_mhz": null,
    "offset_mhz": -0.6,
    "ctcss_hz": null,
    "dmr_color_code": null,
    "dmr_network": null,
    "locator": "IN83ND",
    "municipality": "Orozko",
    "province": "Bizkaia",
    "autonomous_region": "Basque Country",
    "status": null,
    "operator": "Radio Club Unzueta",
    "notes": "Administrative areas derived from exact URE site coordinates using OpenStreetMap Nominatim.",
    "last_verified_at": "2026-09-13",
    "latitude": 43.123352,
    "longitude": -2.867646,
    "source_name": "URE repeater and beacon listings",
    "source_url": "https://www.ure.es/appure/repetidores/repe144_N.php",
    "source_record_id": "repe144_N.php:ED2YAA:145.7000",
    "classification": "IMPORT_READY",
    "band": "144 MHz",
    "origin": "URE",
    "geometry_source": "URE exact site coordinate",
    "vs_production": "NEW",
    "review_reason": null
   }
  },
  {
   "type": "Feature",
   "geometry": {
    "type": "Point",
    "coordinates": [
     -2.521319,
     43.220095
    ]
   },
   "properties": {
    "callsign": "ED2YAC",
    "name": null,
    "service_type": "repeater",
    "modes": [
     "FM"
    ],
    "rx_frequency_mhz": 145.6,
    "tx_frequency_mhz": null,
    "offset_mhz": -0.6,
    "ctcss_hz": null,
    "dmr_color_code": null,
    "dmr_network": null,
    "locator": "IN83RF",
    "municipality": "Markina-Xemein",
    "province": "Bizkaia",
    "autonomous_region": "Basque Country",
    "status": null,
    "operator": "URE Vizcaya",
    "notes": "Administrative areas derived from exact URE site coordinates using OpenStreetMap Nominatim.",
    "last_verified_at": "2026-09-13",
    "latitude": 43.220095,
    "longitude": -2.521319,
    "source_name": "URE repeater and beacon listings",
    "source_url": "https://www.ure.es/appure/repetidores/repe144_N.php",
    "source_record_id": "repe144_N.php:ED2YAC:145.6000",
    "classification": "IMPORT_READY",
    "band": "144 MHz",
    "origin": "URE",
    "geometry_source": "URE exact site coordinate",
    "vs_production": "NEW",
    "review_reason": null
   }
  },
  {
   "type": "Feature",
   "geometry": {
    "type": "Point",
    "coordinates": [
     -3.221397,
     43.188657
    ]
   },
   "properties": {
    "callsign": "ED2YAD",
    "name": null,
    "service_type": "repeater",
    "modes": [
     "FM"
    ],
    "rx_frequency_mhz": 145.725,
    "tx_frequency_mhz": null,
    "offset_mhz": -0.6,
    "ctcss_hz": null,
    "dmr_color_code": null,
    "dmr_network": null,
    "locator": "IN83JE",
    "municipality": "Balmaseda",
    "province": "Bizkaia",
    "autonomous_region": "Basque Country",
    "status": null,
    "operator": "URE Vizcaya",
    "notes": "Administrative areas derived from exact URE site coordinates using OpenStreetMap Nominatim.",
    "last_verified_at": "2026-09-13",
    "latitude": 43.188657,
    "longitude": -3.221397,
    "source_name": "URE repeater and beacon listings",
    "source_url": "https://www.ure.es/appure/repetidores/repe144_N.php",
    "source_record_id": "repe144_N.php:ED2YAD:145.7250",
    "classification": "IMPORT_READY",
    "band": "144 MHz",
    "origin": "URE",
    "geometry_source": "URE exact site coordinate",
    "vs_production": "NEW",
    "review_reason": null
   }
  },
  {
   "type": "Feature",
   "geometry": {
    "type": "Point",
    "coordinates": [
     -2.060623,
     43.272706
    ]
   },
   "properties": {
    "callsign": "ED2YAF",
    "name": null,
    "service_type": "repeater",
    "modes": [
     "FM"
    ],
    "rx_frequency_mhz": 145.625,
    "tx_frequency_mhz": null,
    "offset_mhz": -0.6,
    "ctcss_hz": null,
    "dmr_color_code": null,
    "dmr_network": null,
    "locator": "IN83XF",
    "municipality": "Usurbil",
    "province": "Gipuzkoa",
    "autonomous_region": "Basque Country",
    "status": null,
    "operator": "URE San Sebastián",
    "notes": "Administrative areas derived from exact URE site coordinates using OpenStreetMap Nominatim.",
    "last_verified_at": "2026-09-13",
    "latitude": 43.272706,
    "longitude": -2.060623,
    "source_name": "URE repeater and beacon listings",
    "source_url": "https://www.ure.es/appure/repetidores/repe144_N.php",
    "source_record_id": "repe144_N.php:ED2YAF:145.6250",
    "classification": "IMPORT_READY",
    "band": "144 MHz",
    "origin": "URE",
    "geometry_source": "URE exact site coordinate",
    "vs_production": "NEW",
    "review_reason": null
   }
  },
  {
   "type": "Feature",
   "geometry": {
    "type": "Point",
    "coordinates": [
     -1.997222,
     43.309167
    ]
   },
   "properties": {
    "callsign": "ED2YAG",
    "name": null,
    "service_type": "repeater",
    "modes": [
     "FM"
    ],
    "rx_frequency_mhz": 145.725,
    "tx_frequency_mhz": null,
    "offset_mhz": -0.6,
    "ctcss_hz": null,
    "dmr_color_code": null,
    "dmr_network": null,
    "locator": "IN93BH",
    "municipality": "Donostia / San Sebastián",
    "province": "Gipuzkoa",
    "autonomous_region": "Basque Country",
    "status": null,
    "operator": "URE San Sebastián",
    "notes": "Administrative areas derived from exact URE site coordinates using OpenStreetMap Nominatim.",
    "last_verified_at": "2026-09-13",
    "latitude": 43.309167,
    "longitude": -1.997222,
    "source_name": "URE repeater and beacon listings",
    "source_url": "https://www.ure.es/appure/repetidores/repe144_N.php",
    "source_record_id": "repe144_N.php:ED2YAG:145.7250",
    "classification": "IMPORT_READY",
    "band": "144 MHz",
    "origin": "URE",
    "geometry_source": "URE exact site coordinate",
    "vs_production": "NEW",
    "review_reason": null
   }
  },
  {
   "type": "Feature",
   "geometry": {
    "type": "Point",
    "coordinates": [
     -0.448594,
     41.715083
    ]
   },
   "properties": {
    "callsign": "ED2YAH",
    "name": null,
    "service_type": "repeater",
    "modes": [
     "FM"
    ],
    "rx_frequency_mhz": 145.7,
    "tx_frequency_mhz": null,
    "offset_mhz": -0.6,
    "ctcss_hz": null,
    "dmr_color_code": null,
    "dmr_network": null,
    "locator": "IN91SR",
    "municipality": "Lanaja",
    "province": "Huesca",
    "autonomous_region": "Aragon",
    "status": null,
    "operator": "URE Zaragoza",
    "notes": "Administrative areas derived from exact URE site coordinates using OpenStreetMap Nominatim.",
    "last_verified_at": "2026-09-13",
    "latitude": 41.715083,
    "longitude": -0.448594,
    "source_name": "URE repeater and beacon listings",
    "source_url": "https://www.ure.es/appure/repetidores/repe144_N.php",
    "source_record_id": "repe144_N.php:ED2YAH:145.7000",
    "classification": "IMPORT_READY",
    "band": "144 MHz",
    "origin": "URE",
    "geometry_source": "URE exact site coordinate",
    "vs_production": "NEW",
    "review_reason": null
   }
  },
  {
   "type": "Feature",
   "geometry": {
    "type": "Point",
    "coordinates": [
     -1.449938,
     41.383442
    ]
   },
   "properties": {
    "callsign": "ED2YAI",
    "name": null,
    "service_type": "repeater",
    "modes": [
     "FM"
    ],
    "rx_frequency_mhz": 145.625,
    "tx_frequency_mhz": null,
    "offset_mhz": -0.6,
    "ctcss_hz": null,
    "dmr_color_code": null,
    "dmr_network": null,
    "locator": "IN91GJ",
    "municipality": "El Frasno",
    "province": "Zaragoza",
    "autonomous_region": "Aragon",
    "status": null,
    "operator": "URE Zaragoza",
    "notes": "Administrative areas derived from exact URE site coordinates using OpenStreetMap Nominatim.",
    "last_verified_at": "2026-09-13",
    "latitude": 41.383442,
    "longitude": -1.449938,
    "source_name": "URE repeater and beacon listings",
    "source_url": "https://www.ure.es/appure/repetidores/repe144_N.php",
    "source_record_id": "repe144_N.php:ED2YAI:145.6250",
    "classification": "IMPORT_READY",
    "band": "144 MHz",
    "origin": "URE",
    "geometry_source": "URE exact site coordinate",
    "vs_production": "NEW",
    "review_reason": null
   }
  },
  {
   "type": "Feature",
   "geometry": {
    "type": "Point",
    "coordinates": [
     -0.866547,
     41.633407
    ]
   },
   "properties": {
    "callsign": "ED2YAJ",
    "name": null,
    "service_type": "repeater",
    "modes": [
     "FM"
    ],
    "rx_frequency_mhz": 145.65,
    "tx_frequency_mhz": null,
    "offset_mhz": -0.6,
    "ctcss_hz": null,
    "dmr_color_code": null,
    "dmr_network": null,
    "locator": "IN91NP",
    "municipality": "Zaragoza",
    "province": "Zaragoza",
    "autonomous_region": "Aragon",
    "status": null,
    "operator": "URE Zaragoza",
    "notes": "Administrative areas derived from exact URE site coordinates using OpenStreetMap Nominatim.",
    "last_verified_at": "2026-09-13",
    "latitude": 41.633407,
    "longitude": -0.866547,
    "source_name": "URE repeater and beacon listings",
    "source_url": "https://www.ure.es/appure/repetidores/repe144_N.php",
    "source_record_id": "repe144_N.php:ED2YAJ:145.6500",
    "classification": "IMPORT_READY",
    "band": "144 MHz",
    "origin": "URE",
    "geometry_source": "URE exact site coordinate",
    "vs_production": "NEW",
    "review_reason": null
   }
  },
  {
   "type": "Feature",
   "geometry": {
    "type": "Point",
    "coordinates": [
     -0.514855,
     42.35274
    ]
   },
   "properties": {
    "callsign": "ED2YAK",
    "name": null,
    "service_type": "repeater",
    "modes": [
     "FM"
    ],
    "rx_frequency_mhz": 145.725,
    "tx_frequency_mhz": null,
    "offset_mhz": -0.6,
    "ctcss_hz": null,
    "dmr_color_code": null,
    "dmr_network": null,
    "locator": "IN92RI",
    "municipality": "Arguis",
    "province": "Huesca",
    "autonomous_region": "Aragon",
    "status": null,
    "operator": "URE Huesca",
    "notes": "Administrative areas derived from exact URE site coordinates using OpenStreetMap Nominatim.",
    "last_verified_at": "2026-09-13",
    "latitude": 42.35274,
    "longitude": -0.514855,
    "source_name": "URE repeater and beacon listings",
    "source_url": "https://www.ure.es/appure/repetidores/repe144_N.php",
    "source_record_id": "repe144_N.php:ED2YAK:145.7250",
    "classification": "IMPORT_READY",
    "band": "144 MHz",
    "origin": "URE",
    "geometry_source": "URE exact site coordinate",
    "vs_production": "NEW",
    "review_reason": null
   }
  },
  {
   "type": "Feature",
   "geometry": {
    "type": "Point",
    "coordinates": [
     -1.025194,
     40.096794
    ]
   },
   "properties": {
    "callsign": "ED2YAL",
    "name": null,
    "service_type": "repeater",
    "modes": [
     "FM"
    ],
    "rx_frequency_mhz": 145.6,
    "tx_frequency_mhz": null,
    "offset_mhz": -0.6,
    "ctcss_hz": null,
    "dmr_color_code": null,
    "dmr_network": null,
    "locator": "IN90LC",
    "municipality": "La Puebla de Valverde",
    "province": "Teruel",
    "autonomous_region": "Aragon",
    "status": null,
    "operator": "URE Teruel",
    "notes": "Administrative areas derived from exact URE site coordinates using OpenStreetMap Nominatim.",
    "last_verified_at": "2026-09-13",
    "latitude": 40.096794,
    "longitude": -1.025194,
    "source_name": "URE repeater and beacon listings",
    "source_url": "https://www.ure.es/appure/repetidores/repe144_N.php",
    "source_record_id": "repe144_N.php:ED2YAL:145.6000",
    "classification": "IMPORT_READY",
    "band": "144 MHz",
    "origin": "URE",
    "geometry_source": "URE exact site coordinate",
    "vs_production": "NEW",
    "review_reason": null
   }
  },
  {
   "type": "Feature",
   "geometry": {
    "type": "Point",
    "coordinates": [
     0.366669,
     41.516708
    ]
   },
   "properties": {
    "callsign": "ED2YAM",
    "name": null,
    "service_type": "repeater",
    "modes": [
     "FM"
    ],
    "rx_frequency_mhz": 145.6,
    "tx_frequency_mhz": null,
    "offset_mhz": -0.6,
    "ctcss_hz": 88.5,
    "dmr_color_code": null,
    "dmr_network": null,
    "locator": "JN01EM",
    "municipality": "Fraga",
    "province": "Huesca",
    "autonomous_region": "Aragon",
    "status": null,
    "operator": "URE Valle del Cinca",
    "notes": "Administrative areas derived from exact URE site coordinates using OpenStreetMap Nominatim.",
    "last_verified_at": "2026-09-13",
    "latitude": 41.516708,
    "longitude": 0.366669,
    "source_name": "URE repeater and beacon listings",
    "source_url": "https://www.ure.es/appure/repetidores/repe144_N.php",
    "source_record_id": "repe144_N.php:ED2YAM:145.6000",
    "classification": "IMPORT_READY",
    "band": "144 MHz",
    "origin": "URE",
    "geometry_source": "URE exact site coordinate",
    "vs_production": "NEW",
    "review_reason": null
   }
  },
  {
   "type": "Feature",
   "geometry": {
    "type": "Point",
    "coordinates": [
     -2.761889,
     43.368389
    ]
   },
   "properties": {
    "callsign": "ED2YAN",
    "name": null,
    "service_type": "repeater",
    "modes": [
     "FM"
    ],
    "rx_frequency_mhz": 145.75,
    "tx_frequency_mhz": null,
    "offset_mhz": -0.6,
    "ctcss_hz": null,
    "dmr_color_code": null,
    "dmr_network": null,
    "locator": "IN83PI",
    "municipality": "Arrieta",
    "province": "Bizkaia",
    "autonomous_region": "Basque Country",
    "status": null,
    "operator": "As. Euskobite Elkarte",
    "notes": "Administrative areas derived from exact URE site coordinates using OpenStreetMap Nominatim.",
    "last_verified_at": "2026-09-13",
    "latitude": 43.368389,
    "longitude": -2.761889,
    "source_name": "URE repeater and beacon listings",
    "source_url": "https://www.ure.es/appure/repetidores/repe144_N.php",
    "source_record_id": "repe144_N.php:ED2YAN:145.7500",
    "classification": "IMPORT_READY",
    "band": "144 MHz",
    "origin": "URE",
    "geometry_source": "URE exact site coordinate",
    "vs_production": "NEW",
    "review_reason": null
   }
  },
  {
   "type": "Feature",
   "geometry": {
    "type": "Point",
    "coordinates": [
     -2.616677,
     42.849981
    ]
   },
   "properties": {
    "callsign": "ED2YAP",
    "name": null,
    "service_type": "repeater",
    "modes": [
     "FM"
    ],
    "rx_frequency_mhz": 145.65,
    "tx_frequency_mhz": null,
    "offset_mhz": -0.6,
    "ctcss_hz": 123.0,
    "dmr_color_code": null,
    "dmr_network": null,
    "locator": "IN82QU",
    "municipality": "Vitoria-Gasteiz",
    "province": "Álava",
    "autonomous_region": "Basque Country",
    "status": "on-air",
    "operator": "RC Foronda",
    "notes": "Administrative areas derived from exact URE site coordinates using OpenStreetMap Nominatim. DMR metadata from RadioID withheld pending mode-conflict review.",
    "last_verified_at": "2026-09-13",
    "latitude": 42.849981,
    "longitude": -2.616677,
    "source_name": "URE repeater and beacon listings",
    "source_url": "https://www.ure.es/appure/repetidores/repe144_N.php",
    "source_record_id": "repe144_N.php:ED2YAP:145.6500",
    "classification": "NEEDS_REVIEW",
    "band": "144 MHz",
    "origin": "URE",
    "geometry_source": "URE exact site coordinate",
    "vs_production": "NEW",
    "review_reason": "unresolved URE/RadioID conflict"
   }
  },
  {
   "type": "Feature",
   "geometry": {
    "type": "Point",
    "coordinates": [
     -2.541833,
     42.971905
    ]
   },
   "properties": {
    "callsign": "ED2YAQ",
    "name": null,
    "service_type": "repeater",
    "modes": [
     "FM"
    ],
    "rx_frequency_mhz": 145.775,
    "tx_frequency_mhz": null,
    "offset_mhz": -0.6,
    "ctcss_hz": 123.0,
    "dmr_color_code": null,
    "dmr_network": null,
    "locator": "IN82RX",
    "municipality": "Leintz-Gatzaga",
    "province": "Gipuzkoa",
    "autonomous_region": "Basque Country",
    "status": "on-air",
    "operator": "RC Foronda",
    "notes": "Administrative areas derived from exact URE site coordinates using OpenStreetMap Nominatim. DMR metadata from RadioID withheld pending mode-conflict review.",
    "last_verified_at": "2026-09-13",
    "latitude": 42.971905,
    "longitude": -2.541833,
    "source_name": "URE repeater and beacon listings",
    "source_url": "https://www.ure.es/appure/repetidores/repe144_N.php",
    "source_record_id": "repe144_N.php:ED2YAQ:145.7750",
    "classification": "NEEDS_REVIEW",
    "band": "144 MHz",
    "origin": "URE",
    "geometry_source": "URE exact site coordinate",
    "vs_production": "NEW",
    "review_reason": "unresolved URE/RadioID conflict"
   }
  },
  {
   "type": "Feature",
   "geometry": {
    "type": "Point",
    "coordinates": [
     -1.533322,
     42.683319
    ]
   },
   "properties": {
    "callsign": "ED2YAR",
    "name": null,
    "service_type": "repeater",
    "modes": [
     "FM"
    ],
    "rx_frequency_mhz": 145.675,
    "tx_frequency_mhz": null,
    "offset_mhz": -0.6,
    "ctcss_hz": 77.0,
    "dmr_color_code": null,
    "dmr_network": null,
    "locator": "IN93FQ",
    "municipality": "Ibargoiti",
    "province": "Navarra",
    "autonomous_region": "Navarre",
    "status": null,
    "operator": "URE Navarra",
    "notes": "Administrative areas derived from exact URE site coordinates using OpenStreetMap Nominatim.",
    "last_verified_at": "2026-09-13",
    "latitude": 42.683319,
    "longitude": -1.533322,
    "source_name": "URE repeater and beacon listings",
    "source_url": "https://www.ure.es/appure/repetidores/repe144_N.php",
    "source_record_id": "repe144_N.php:ED2YAR:145.6750",
    "classification": "IMPORT_READY",
    "band": "144 MHz",
    "origin": "URE",
    "geometry_source": "URE exact site coordinate",
    "vs_production": "NEW",
    "review_reason": null
   }
  },
  {
   "type": "Feature",
   "geometry": {
    "type": "Point",
    "coordinates": [
     -1.761667,
     43.328
    ]
   },
   "properties": {
    "callsign": "ED2YAS",
    "name": null,
    "service_type": "repeater",
    "modes": [
     "FM"
    ],
    "rx_frequency_mhz": 145.6875,
    "tx_frequency_mhz": null,
    "offset_mhz": -0.6,
    "ctcss_hz": null,
    "dmr_color_code": null,
    "dmr_network": null,
    "locator": "IN83CH",
    "municipality": "Irun",
    "province": "Gipuzkoa",
    "autonomous_region": "Basque Country",
    "status": null,
    "operator": "Radioaficionados del Bidasoa",
    "notes": "Administrative areas derived from exact URE site coordinates using OpenStreetMap Nominatim.",
    "last_verified_at": "2026-09-13",
    "latitude": 43.328,
    "longitude": -1.761667,
    "source_name": "URE repeater and beacon listings",
    "source_url": "https://www.ure.es/appure/repetidores/repe144_N.php",
    "source_record_id": "repe144_N.php:ED2YAS:145.6875",
    "classification": "IMPORT_READY",
    "band": "144 MHz",
    "origin": "URE",
    "geometry_source": "URE exact site coordinate",
    "vs_production": "NEW",
    "review_reason": null
   }
  },
  {
   "type": "Feature",
   "geometry": {
    "type": "Point",
    "coordinates": [
     -1.761667,
     43.311333
    ]
   },
   "properties": {
    "callsign": "ED2ZAB",
    "name": null,
    "service_type": "repeater",
    "modes": [
     "D-Star",
     "FM"
    ],
    "rx_frequency_mhz": 145.775,
    "tx_frequency_mhz": null,
    "offset_mhz": -0.6,
    "ctcss_hz": null,
    "dmr_color_code": null,
    "dmr_network": null,
    "locator": "IN83CH",
    "municipality": "Irun",
    "province": "Gipuzkoa",
    "autonomous_region": "Basque Country",
    "status": null,
    "operator": "Radioaficionados del Bidasoa",
    "notes": "Administrative areas derived from exact URE site coordinates using OpenStreetMap Nominatim.",
    "last_verified_at": "2026-09-13",
    "latitude": 43.311333,
    "longitude": -1.761667,
    "source_name": "URE repeater and beacon listings",
    "source_url": "https://www.ure.es/appure/repetidores/repe144_N.php",
    "source_record_id": "repe144_N.php:ED2ZAB:145.7750",
    "classification": "IMPORT_READY",
    "band": "144 MHz",
    "origin": "URE",
    "geometry_source": "URE exact site coordinate",
    "vs_production": "ALREADY_PRESENT",
    "review_reason": null
   }
  },
  {
   "type": "Feature",
   "geometry": {
    "type": "Point",
    "coordinates": [
     1.78266,
     41.601035
    ]
   },
   "properties": {
    "callsign": "ED3YAB",
    "name": null,
    "service_type": "repeater",
    "modes": [
     "FM"
    ],
    "rx_frequency_mhz": 145.7,
    "tx_frequency_mhz": null,
    "offset_mhz": -0.6,
    "ctcss_hz": 88.5,
    "dmr_color_code": null,
    "dmr_network": null,
    "locator": "JN01VO",
    "municipality": "el Bruc",
    "province": "Barcelona",
    "autonomous_region": "Catalonia",
    "status": null,
    "operator": "AMIRED",
    "notes": "Administrative areas derived from exact URE site coordinates using OpenStreetMap Nominatim.",
    "last_verified_at": "2026-09-13",
    "latitude": 41.601035,
    "longitude": 1.78266,
    "source_name": "URE repeater and beacon listings",
    "source_url": "https://www.ure.es/appure/repetidores/repe144_N.php",
    "source_record_id": "repe144_N.php:ED3YAB:145.7000",
    "classification": "IMPORT_READY",
    "band": "144 MHz",
    "origin": "URE",
    "geometry_source": "URE exact site coordinate",
    "vs_production": "NEW",
    "review_reason": null
   }
  },
  {
   "type": "Feature",
   "geometry": {
    "type": "Point",
    "coordinates": [
     2.117615,
     42.185794
    ]
   },
   "properties": {
    "callsign": "ED3YAF",
    "name": null,
    "service_type": "repeater",
    "modes": [
     "FM"
    ],
    "rx_frequency_mhz": 145.775,
    "tx_frequency_mhz": null,
    "offset_mhz": -0.6,
    "ctcss_hz": 77.0,
    "dmr_color_code": null,
    "dmr_network": null,
    "locator": "JN12BE",
    "municipality": "les Llosses",
    "province": "Girona",
    "autonomous_region": "Catalonia",
    "status": null,
    "operator": "R.C. Ripollés",
    "notes": "Administrative areas derived from exact URE site coordinates using OpenStreetMap Nominatim.",
    "last_verified_at": "2026-09-13",
    "latitude": 42.185794,
    "longitude": 2.117615,
    "source_name": "URE repeater and beacon listings",
    "source_url": "https://www.ure.es/appure/repetidores/repe144_N.php",
    "source_record_id": "repe144_N.php:ED3YAF:145.7750",
    "classification": "IMPORT_READY",
    "band": "144 MHz",
    "origin": "URE",
    "geometry_source": "URE exact site coordinate",
    "vs_production": "NEW",
    "review_reason": null
   }
  },
  {
   "type": "Feature",
   "geometry": {
    "type": "Point",
    "coordinates": [
     1.533279,
     41.85
    ]
   },
   "properties": {
    "callsign": "ED3YAG",
    "name": null,
    "service_type": "repeater",
    "modes": [
     "FM"
    ],
    "rx_frequency_mhz": 145.75,
    "tx_frequency_mhz": null,
    "offset_mhz": -0.6,
    "ctcss_hz": 123.0,
    "dmr_color_code": null,
    "dmr_network": null,
    "locator": "JN01SU",
    "municipality": "Pinós",
    "province": "Lleida",
    "autonomous_region": "Catalonia",
    "status": null,
    "operator": "Asoc. Radioaf. Solsonés",
    "notes": "Administrative areas derived from exact URE site coordinates using OpenStreetMap Nominatim.",
    "last_verified_at": "2026-09-13",
    "latitude": 41.85,
    "longitude": 1.533279,
    "source_name": "URE repeater and beacon listings",
    "source_url": "https://www.ure.es/appure/repetidores/repe144_N.php",
    "source_record_id": "repe144_N.php:ED3YAG:145.7500",
    "classification": "IMPORT_READY",
    "band": "144 MHz",
    "origin": "URE",
    "geometry_source": "URE exact site coordinate",
    "vs_production": "NEW",
    "review_reason": null
   }
  },
  {
   "type": "Feature",
   "geometry": {
    "type": "Point",
    "coordinates": [
     0.343889,
     40.803611
    ]
   },
   "properties": {
    "callsign": "ED3YAH",
    "name": null,
    "service_type": "repeater",
    "modes": [
     "FM"
    ],
    "rx_frequency_mhz": 145.675,
    "tx_frequency_mhz": null,
    "offset_mhz": -0.6,
    "ctcss_hz": 88.5,
    "dmr_color_code": null,
    "dmr_network": null,
    "locator": "JN00ET",
    "municipality": "Roquetes",
    "province": "Tarragona",
    "autonomous_region": "Catalonia",
    "status": null,
    "operator": "AMIRED",
    "notes": "Administrative areas derived from exact URE site coordinates using OpenStreetMap Nominatim.",
    "last_verified_at": "2026-09-13",
    "latitude": 40.803611,
    "longitude": 0.343889,
    "source_name": "URE repeater and beacon listings",
    "source_url": "https://www.ure.es/appure/repetidores/repe144_N.php",
    "source_record_id": "repe144_N.php:ED3YAH:145.6750",
    "classification": "IMPORT_READY",
    "band": "144 MHz",
    "origin": "URE",
    "geometry_source": "URE exact site coordinate",
    "vs_production": "NEW",
    "review_reason": null
   }
  },
  {
   "type": "Feature",
   "geometry": {
    "type": "Point",
    "coordinates": [
     2.366674,
     41.766639
    ]
   },
   "properties": {
    "callsign": "ED3YAJ",
    "name": null,
    "service_type": "repeater",
    "modes": [
     "FM"
    ],
    "rx_frequency_mhz": 145.6,
    "tx_frequency_mhz": null,
    "offset_mhz": -0.6,
    "ctcss_hz": null,
    "dmr_color_code": null,
    "dmr_network": null,
    "locator": "JN11ES",
    "municipality": "Montseny",
    "province": "Barcelona",
    "autonomous_region": "Catalonia",
    "status": null,
    "operator": "URE Catalunya",
    "notes": "Administrative areas derived from exact URE site coordinates using OpenStreetMap Nominatim.",
    "last_verified_at": "2026-09-13",
    "latitude": 41.766639,
    "longitude": 2.366674,
    "source_name": "URE repeater and beacon listings",
    "source_url": "https://www.ure.es/appure/repetidores/repe144_N.php",
    "source_record_id": "repe144_N.php:ED3YAJ:145.6000",
    "classification": "IMPORT_READY",
    "band": "144 MHz",
    "origin": "URE",
    "geometry_source": "URE exact site coordinate",
    "vs_production": "NEW",
    "review_reason": null
   }
  },
  {
   "type": "Feature",
   "geometry": {
    "type": "Point",
    "coordinates": [
     2.116928,
     41.383088
    ]
   },
   "properties": {
    "callsign": "ED3YAK",
    "name": null,
    "service_type": "repeater",
    "modes": [
     "D-Star",
     "FM"
    ],
    "rx_frequency_mhz": 145.65,
    "tx_frequency_mhz": null,
    "offset_mhz": -0.6,
    "ctcss_hz": null,
    "dmr_color_code": null,
    "dmr_network": null,
    "locator": "JN11BJ",
    "municipality": "Barcelona",
    "province": "Barcelona",
    "autonomous_region": "Catalonia",
    "status": null,
    "operator": "URE Barcelona",
    "notes": "Administrative areas derived from exact URE site coordinates using OpenStreetMap Nominatim.",
    "last_verified_at": "2026-09-13",
    "latitude": 41.383088,
    "longitude": 2.116928,
    "source_name": "URE repeater and beacon listings",
    "source_url": "https://www.ure.es/appure/repetidores/repe144_N.php",
    "source_record_id": "repe144_N.php:ED3YAK:145.6500",
    "classification": "IMPORT_READY",
    "band": "144 MHz",
    "origin": "URE",
    "geometry_source": "URE exact site coordinate",
    "vs_production": "ALREADY_PRESENT",
    "review_reason": null
   }
  },
  {
   "type": "Feature",
   "geometry": {
    "type": "Point",
    "coordinates": [
     1.840553,
     41.84399
    ]
   },
   "properties": {
    "callsign": "ED3YAL",
    "name": null,
    "service_type": "repeater",
    "modes": [
     "FM"
    ],
    "rx_frequency_mhz": 145.725,
    "tx_frequency_mhz": null,
    "offset_mhz": -0.6,
    "ctcss_hz": null,
    "dmr_color_code": null,
    "dmr_network": null,
    "locator": "JN01WU",
    "municipality": "Castellnou de Bages",
    "province": "Barcelona",
    "autonomous_region": "Catalonia",
    "status": null,
    "operator": "URE Bages",
    "notes": "Administrative areas derived from exact URE site coordinates using OpenStreetMap Nominatim.",
    "last_verified_at": "2026-09-13",
    "latitude": 41.84399,
    "longitude": 1.840553,
    "source_name": "URE repeater and beacon listings",
    "source_url": "https://www.ure.es/appure/repetidores/repe144_N.php",
    "source_record_id": "repe144_N.php:ED3YAL:145.7250",
    "classification": "IMPORT_READY",
    "band": "144 MHz",
    "origin": "URE",
    "geometry_source": "URE exact site coordinate",
    "vs_production": "NEW",
    "review_reason": null
   }
  },
  {
   "type": "Feature",
   "geometry": {
    "type": "Point",
    "coordinates": [
     2.950516,
     42.271196
    ]
   },
   "properties": {
    "callsign": "ED3YAP",
    "name": null,
    "service_type": "repeater",
    "modes": [
     "FM"
    ],
    "rx_frequency_mhz": 145.7,
    "tx_frequency_mhz": null,
    "offset_mhz": -0.6,
    "ctcss_hz": null,
    "dmr_color_code": null,
    "dmr_network": null,
    "locator": "JN12LG",
    "municipality": "Figueres",
    "province": "Girona",
    "autonomous_region": "Catalonia",
    "status": null,
    "operator": "URE Alt Empordá",
    "notes": "Administrative areas derived from exact URE site coordinates using OpenStreetMap Nominatim.",
    "last_verified_at": "2026-09-13",
    "latitude": 42.271196,
    "longitude": 2.950516,
    "source_name": "URE repeater and beacon listings",
    "source_url": "https://www.ure.es/appure/repetidores/repe144_N.php",
    "source_record_id": "repe144_N.php:ED3YAP:145.7000",
    "classification": "IMPORT_READY",
    "band": "144 MHz",
    "origin": "URE",
    "geometry_source": "URE exact site coordinate",
    "vs_production": "NEW",
    "review_reason": null
   }
  },
  {
   "type": "Feature",
   "geometry": {
    "type": "Point",
    "coordinates": [
     2.196944,
     41.771944
    ]
   },
   "properties": {
    "callsign": "ED3YAQ",
    "name": null,
    "service_type": "repeater",
    "modes": [
     "D-Star",
     "FM"
    ],
    "rx_frequency_mhz": 145.7375,
    "tx_frequency_mhz": null,
    "offset_mhz": -0.6,
    "ctcss_hz": null,
    "dmr_color_code": null,
    "dmr_network": null,
    "locator": "JN01CT",
    "municipality": "Sant Martí de Centelles",
    "province": "Barcelona",
    "autonomous_region": "Catalonia",
    "status": null,
    "operator": "Unión Radioaficionados Osona (URO)",
    "notes": "Administrative areas derived from exact URE site coordinates using OpenStreetMap Nominatim.",
    "last_verified_at": "2026-09-13",
    "latitude": 41.771944,
    "longitude": 2.196944,
    "source_name": "URE repeater and beacon listings",
    "source_url": "https://www.ure.es/appure/repetidores/repe144_N.php",
    "source_record_id": "repe144_N.php:ED3YAQ:145.7375",
    "classification": "IMPORT_READY",
    "band": "144 MHz",
    "origin": "URE",
    "geometry_source": "URE exact site coordinate",
    "vs_production": "NEW",
    "review_reason": null
   }
  },
  {
   "type": "Feature",
   "geometry": {
    "type": "Point",
    "coordinates": [
     0.697503,
     42.629854
    ]
   },
   "properties": {
    "callsign": "ED3YAU",
    "name": null,
    "service_type": "repeater",
    "modes": [
     "FM"
    ],
    "rx_frequency_mhz": 145.675,
    "tx_frequency_mhz": null,
    "offset_mhz": -0.6,
    "ctcss_hz": 77.0,
    "dmr_color_code": null,
    "dmr_network": null,
    "locator": "JN02IP",
    "municipality": "Montanuy / Montanui",
    "province": "Huesca",
    "autonomous_region": "Aragon",
    "status": null,
    "operator": "URE Valle de Arán",
    "notes": "Administrative areas derived from exact URE site coordinates using OpenStreetMap Nominatim.",
    "last_verified_at": "2026-09-13",
    "latitude": 42.629854,
    "longitude": 0.697503,
    "source_name": "URE repeater and beacon listings",
    "source_url": "https://www.ure.es/appure/repetidores/repe144_N.php",
    "source_record_id": "repe144_N.php:ED3YAU:145.6750",
    "classification": "IMPORT_READY",
    "band": "144 MHz",
    "origin": "URE",
    "geometry_source": "URE exact site coordinate",
    "vs_production": "NEW",
    "review_reason": null
   }
  },
  {
   "type": "Feature",
   "geometry": {
    "type": "Point",
    "coordinates": [
     0.783291,
     42.016652
    ]
   },
   "properties": {
    "callsign": "ED3YAW",
    "name": null,
    "service_type": "repeater",
    "modes": [
     "FM"
    ],
    "rx_frequency_mhz": 145.775,
    "tx_frequency_mhz": null,
    "offset_mhz": -0.6,
    "ctcss_hz": null,
    "dmr_color_code": null,
    "dmr_network": null,
    "locator": "JN02JA",
    "municipality": "Àger",
    "province": "Lleida",
    "autonomous_region": "Catalonia",
    "status": null,
    "operator": "Radio Club Lleida",
    "notes": "Administrative areas derived from exact URE site coordinates using OpenStreetMap Nominatim.",
    "last_verified_at": "2026-09-13",
    "latitude": 42.016652,
    "longitude": 0.783291,
    "source_name": "URE repeater and beacon listings",
    "source_url": "https://www.ure.es/appure/repetidores/repe144_N.php",
    "source_record_id": "repe144_N.php:ED3YAW:145.7750",
    "classification": "IMPORT_READY",
    "band": "144 MHz",
    "origin": "URE",
    "geometry_source": "URE exact site coordinate",
    "vs_production": "NEW",
    "review_reason": null
   }
  },
  {
   "type": "Feature",
   "geometry": {
    "type": "Point",
    "coordinates": [
     0.633087,
     41.613389
    ]
   },
   "properties": {
    "callsign": "ED3YAY",
    "name": null,
    "service_type": "repeater",
    "modes": [
     "FM"
    ],
    "rx_frequency_mhz": 145.65,
    "tx_frequency_mhz": null,
    "offset_mhz": -0.6,
    "ctcss_hz": null,
    "dmr_color_code": null,
    "dmr_network": null,
    "locator": "JN01HO",
    "municipality": "Lleida",
    "province": "Lleida",
    "autonomous_region": "Catalonia",
    "status": null,
    "operator": "Radio Club Lleida",
    "notes": "Administrative areas derived from exact URE site coordinates using OpenStreetMap Nominatim.",
    "last_verified_at": "2026-09-13",
    "latitude": 41.613389,
    "longitude": 0.633087,
    "source_name": "URE repeater and beacon listings",
    "source_url": "https://www.ure.es/appure/repetidores/repe144_N.php",
    "source_record_id": "repe144_N.php:ED3YAY:145.6500",
    "classification": "IMPORT_READY",
    "band": "144 MHz",
    "origin": "URE",
    "geometry_source": "URE exact site coordinate",
    "vs_production": "NEW",
    "review_reason": null
   }
  },
  {
   "type": "Feature",
   "geometry": {
    "type": "Point",
    "coordinates": [
     2.533336,
     42.016652
    ]
   },
   "properties": {
    "callsign": "ED3YAZ",
    "name": null,
    "service_type": "repeater",
    "modes": [
     "FM"
    ],
    "rx_frequency_mhz": 145.675,
    "tx_frequency_mhz": null,
    "offset_mhz": -0.6,
    "ctcss_hz": null,
    "dmr_color_code": null,
    "dmr_network": null,
    "locator": "JN12GA",
    "municipality": "Susqueda",
    "province": "Girona",
    "autonomous_region": "Catalonia",
    "status": null,
    "operator": "URE Gironés",
    "notes": "Administrative areas derived from exact URE site coordinates using OpenStreetMap Nominatim.",
    "last_verified_at": "2026-09-13",
    "latitude": 42.016652,
    "longitude": 2.533336,
    "source_name": "URE repeater and beacon listings",
    "source_url": "https://www.ure.es/appure/repetidores/repe144_N.php",
    "source_record_id": "repe144_N.php:ED3YAZ:145.6750",
    "classification": "IMPORT_READY",
    "band": "144 MHz",
    "origin": "URE",
    "geometry_source": "URE exact site coordinate",
    "vs_production": "NEW",
    "review_reason": null
   }
  },
  {
   "type": "Feature",
   "geometry": {
    "type": "Point",
    "coordinates": [
     2.366695,
     42.133336
    ]
   },
   "properties": {
    "callsign": "ED3YBA",
    "name": null,
    "service_type": "repeater",
    "modes": [
     "FM"
    ],
    "rx_frequency_mhz": 145.625,
    "tx_frequency_mhz": null,
    "offset_mhz": -0.6,
    "ctcss_hz": null,
    "dmr_color_code": null,
    "dmr_network": null,
    "locator": "JN12ED",
    "municipality": "la Vall d'en Bas",
    "province": "Girona",
    "autonomous_region": "Catalonia",
    "status": null,
    "operator": "URE Garrotxa",
    "notes": "Administrative areas derived from exact URE site coordinates using OpenStreetMap Nominatim.",
    "last_verified_at": "2026-09-13",
    "latitude": 42.133336,
    "longitude": 2.366695,
    "source_name": "URE repeater and beacon listings",
    "source_url": "https://www.ure.es/appure/repetidores/repe144_N.php",
    "source_record_id": "repe144_N.php:ED3YBA:145.6250",
    "classification": "IMPORT_READY",
    "band": "144 MHz",
    "origin": "URE",
    "geometry_source": "URE exact site coordinate",
    "vs_production": "NEW",
    "review_reason": null
   }
  },
  {
   "type": "Feature",
   "geometry": {
    "type": "Point",
    "coordinates": [
     3.033342,
     41.800047
    ]
   },
   "properties": {
    "callsign": "ED3YBB",
    "name": null,
    "service_type": "repeater",
    "modes": [
     "FM"
    ],
    "rx_frequency_mhz": 145.75,
    "tx_frequency_mhz": null,
    "offset_mhz": -0.6,
    "ctcss_hz": null,
    "dmr_color_code": null,
    "dmr_network": null,
    "locator": "JN11MT",
    "municipality": "Sant Feliu de Guíxols",
    "province": "Girona",
    "autonomous_region": "Catalonia",
    "status": "on-air",
    "operator": "URE Baix Empordà",
    "notes": "Administrative areas derived from exact URE site coordinates using OpenStreetMap Nominatim. DMR metadata from RadioID withheld pending mode-conflict review.",
    "last_verified_at": "2026-09-13",
    "latitude": 41.800047,
    "longitude": 3.033342,
    "source_name": "URE repeater and beacon listings",
    "source_url": "https://www.ure.es/appure/repetidores/repe144_N.php",
    "source_record_id": "repe144_N.php:ED3YBB:145.7500",
    "classification": "NEEDS_REVIEW",
    "band": "144 MHz",
    "origin": "URE",
    "geometry_source": "URE exact site coordinate",
    "vs_production": "NEW",
    "review_reason": "unresolved URE/RadioID conflict"
   }
  },
  {
   "type": "Feature",
   "geometry": {
    "type": "Point",
    "coordinates": [
     3.033342,
     41.800047
    ]
   },
   "properties": {
    "callsign": "ED3ZAN",
    "name": null,
    "service_type": "repeater",
    "modes": [
     "DMR"
    ],
    "rx_frequency_mhz": 145.5875,
    "tx_frequency_mhz": null,
    "offset_mhz": -0.6,
    "ctcss_hz": null,
    "dmr_color_code": 1,
    "dmr_network": "BrandMeister",
    "locator": "JN12LG",
    "municipality": "Sant Feliu de Guíxols",
    "province": "Girona",
    "autonomous_region": "Catalonia",
    "status": "on-air",
    "operator": "Sección URE Alt Empordá",
    "notes": "Administrative areas derived from exact URE site coordinates using OpenStreetMap Nominatim. DMR metadata enriched from RadioID: color_code=1, network=BrandMeister; RadioID identity_id 730; principal source remains URE. Status on-air from RadioID.",
    "last_verified_at": "2026-09-13",
    "latitude": 41.800047,
    "longitude": 3.033342,
    "source_name": "URE repeater and beacon listings",
    "source_url": "https://www.ure.es/appure/repetidores/repe144_N.php",
    "source_record_id": "repe144_N.php:ED3ZAN:145.5875",
    "classification": "IMPORT_READY",
    "band": "144 MHz",
    "origin": "URE",
    "geometry_source": "URE exact site coordinate",
    "vs_production": "ALREADY_PRESENT",
    "review_reason": null
   }
  },
  {
   "type": "Feature",
   "geometry": {
    "type": "Point",
    "coordinates": [
     -3.67114,
     40.390728
    ]
   },
   "properties": {
    "callsign": "EA4URE-R",
    "name": null,
    "service_type": "repeater",
    "modes": [],
    "rx_frequency_mhz": 145.2875,
    "tx_frequency_mhz": null,
    "offset_mhz": null,
    "ctcss_hz": 77.0,
    "dmr_color_code": null,
    "dmr_network": null,
    "locator": "IN80DJ",
    "municipality": "Madrid",
    "province": null,
    "autonomous_region": "Community of Madrid",
    "status": null,
    "operator": "URE Central",
    "notes": "URE listing does not state an operating mode. URE lists Echolink access. Administrative areas derived from exact URE site coordinates using OpenStreetMap Nominatim.",
    "last_verified_at": "2026-09-13",
    "latitude": 40.390728,
    "longitude": -3.67114,
    "source_name": "URE repeater and beacon listings",
    "source_url": "https://www.ure.es/appure/repetidores/repe144_N.php",
    "source_record_id": "repe144_N.php:EA4URE-R:145.2875",
    "classification": "IMPORT_READY",
    "band": "144 MHz",
    "origin": "URE",
    "geometry_source": "URE exact site coordinate",
    "vs_production": "NEW",
    "review_reason": null
   }
  },
  {
   "type": "Feature",
   "geometry": {
    "type": "Point",
    "coordinates": [
     -3.726422,
     40.452034
    ]
   },
   "properties": {
    "callsign": "ED4YAC",
    "name": null,
    "service_type": "repeater",
    "modes": [
     "FM"
    ],
    "rx_frequency_mhz": 145.65,
    "tx_frequency_mhz": null,
    "offset_mhz": -0.6,
    "ctcss_hz": null,
    "dmr_color_code": null,
    "dmr_network": null,
    "locator": "IN80DK",
    "municipality": "Madrid",
    "province": null,
    "autonomous_region": "Community of Madrid",
    "status": null,
    "operator": "Sección URE Madrid / Colaboradores Radio Club EIT EA4RCT",
    "notes": "Administrative areas derived from exact URE site coordinates using OpenStreetMap Nominatim.",
    "last_verified_at": "2026-09-13",
    "latitude": 40.452034,
    "longitude": -3.726422,
    "source_name": "URE repeater and beacon listings",
    "source_url": "https://www.ure.es/appure/repetidores/repe144_N.php",
    "source_record_id": "repe144_N.php:ED4YAC:145.6500",
    "classification": "IMPORT_READY",
    "band": "144 MHz",
    "origin": "URE",
    "geometry_source": "URE exact site coordinate",
    "vs_production": "NEW",
    "review_reason": null
   }
  },
  {
   "type": "Feature",
   "geometry": {
    "type": "Point",
    "coordinates": [
     -3.8225,
     40.336389
    ]
   },
   "properties": {
    "callsign": "ED4YAD",
    "name": null,
    "service_type": "repeater",
    "modes": [
     "FM"
    ],
    "rx_frequency_mhz": 145.6,
    "tx_frequency_mhz": null,
    "offset_mhz": -0.6,
    "ctcss_hz": 82.5,
    "dmr_color_code": null,
    "dmr_network": null,
    "locator": "IN80CI",
    "municipality": "Alcorcón",
    "province": null,
    "autonomous_region": "Community of Madrid",
    "status": null,
    "operator": "URE Alcorcón",
    "notes": "Administrative areas derived from exact URE site coordinates using OpenStreetMap Nominatim.",
    "last_verified_at": "2026-09-13",
    "latitude": 40.336389,
    "longitude": -3.8225,
    "source_name": "URE repeater and beacon listings",
    "source_url": "https://www.ure.es/appure/repetidores/repe144_N.php",
    "source_record_id": "repe144_N.php:ED4YAD:145.6000",
    "classification": "IMPORT_READY",
    "band": "144 MHz",
    "origin": "URE",
    "geometry_source": "URE exact site coordinate",
    "vs_production": "NEW",
    "review_reason": null
   }
  },
  {
   "type": "Feature",
   "geometry": {
    "type": "Point",
    "coordinates": [
     -4.140928,
     40.710231
    ]
   },
   "properties": {
    "callsign": "ED4YAE",
    "name": null,
    "service_type": "repeater",
    "modes": [
     "FM"
    ],
    "rx_frequency_mhz": 145.675,
    "tx_frequency_mhz": null,
    "offset_mhz": -0.6,
    "ctcss_hz": 97.4,
    "dmr_color_code": null,
    "dmr_network": null,
    "locator": "IN70WR",
    "municipality": "El Espinar",
    "province": "Segovia",
    "autonomous_region": "Castile and León",
    "status": null,
    "operator": "URE Sierra Guadarrama",
    "notes": "Administrative areas derived from exact URE site coordinates using OpenStreetMap Nominatim.",
    "last_verified_at": "2026-09-13",
    "latitude": 40.710231,
    "longitude": -4.140928,
    "source_name": "URE repeater and beacon listings",
    "source_url": "https://www.ure.es/appure/repetidores/repe144_N.php",
    "source_record_id": "repe144_N.php:ED4YAE:145.6750",
    "classification": "IMPORT_READY",
    "band": "144 MHz",
    "origin": "URE",
    "geometry_source": "URE exact site coordinate",
    "vs_production": "NEW",
    "review_reason": null
   }
  },
  {
   "type": "Feature",
   "geometry": {
    "type": "Point",
    "coordinates": [
     -3.671136,
     40.390701
    ]
   },
   "properties": {
    "callsign": "ED4YAG",
    "name": null,
    "service_type": "repeater",
    "modes": [
     "APRS"
    ],
    "rx_frequency_mhz": 144.8,
    "tx_frequency_mhz": null,
    "offset_mhz": null,
    "ctcss_hz": null,
    "dmr_color_code": null,
    "dmr_network": null,
    "locator": "IN80DJ",
    "municipality": "Madrid",
    "province": null,
    "autonomous_region": "Community of Madrid",
    "status": null,
    "operator": "URE Central",
    "notes": "Administrative areas derived from exact URE site coordinates using OpenStreetMap Nominatim.",
    "last_verified_at": "2026-09-13",
    "latitude": 40.390701,
    "longitude": -3.671136,
    "source_name": "URE repeater and beacon listings",
    "source_url": "https://www.ure.es/appure/repetidores/repe144_N.php",
    "source_record_id": "repe144_N.php:ED4YAG:144.8000",
    "classification": "IMPORT_READY",
    "band": "144 MHz",
    "origin": "URE",
    "geometry_source": "URE exact site coordinate",
    "vs_production": "ALREADY_PRESENT",
    "review_reason": null
   }
  },
  {
   "type": "Feature",
   "geometry": {
    "type": "Point",
    "coordinates": [
     -3.203201,
     38.60292
    ]
   },
   "properties": {
    "callsign": "ED4YAH",
    "name": null,
    "service_type": "repeater",
    "modes": [
     "FM"
    ],
    "rx_frequency_mhz": 145.775,
    "tx_frequency_mhz": null,
    "offset_mhz": -0.6,
    "ctcss_hz": null,
    "dmr_color_code": null,
    "dmr_network": null,
    "locator": "IM88JO",
    "municipality": "Torre de Juan Abad",
    "province": "Ciudad Real",
    "autonomous_region": "Castile-La Mancha",
    "status": null,
    "operator": "URE Ciudad Real",
    "notes": "Administrative areas derived from exact URE site coordinates using OpenStreetMap Nominatim.",
    "last_verified_at": "2026-09-13",
    "latitude": 38.60292,
    "longitude": -3.203201,
    "source_name": "URE repeater and beacon listings",
    "source_url": "https://www.ure.es/appure/repetidores/repe144_N.php",
    "source_record_id": "repe144_N.php:ED4YAH:145.7750",
    "classification": "IMPORT_READY",
    "band": "144 MHz",
    "origin": "URE",
    "geometry_source": "URE exact site coordinate",
    "vs_production": "NEW",
    "review_reason": null
   }
  },
  {
   "type": "Feature",
   "geometry": {
    "type": "Point",
    "coordinates": [
     -4.153611,
     39.025278
    ]
   },
   "properties": {
    "callsign": "ED4YAI",
    "name": null,
    "service_type": "repeater",
    "modes": [
     "FM"
    ],
    "rx_frequency_mhz": 145.725,
    "tx_frequency_mhz": null,
    "offset_mhz": -0.6,
    "ctcss_hz": 85.4,
    "dmr_color_code": null,
    "dmr_network": null,
    "locator": "IN79VA",
    "municipality": "Piedrabuena",
    "province": "Ciudad Real",
    "autonomous_region": "Castile-La Mancha",
    "status": null,
    "operator": "URE Ciudad Real",
    "notes": "Administrative areas derived from exact URE site coordinates using OpenStreetMap Nominatim.",
    "last_verified_at": "2026-09-13",
    "latitude": 39.025278,
    "longitude": -4.153611,
    "source_name": "URE repeater and beacon listings",
    "source_url": "https://www.ure.es/appure/repetidores/repe144_N.php",
    "source_record_id": "repe144_N.php:ED4YAI:145.7250",
    "classification": "IMPORT_READY",
    "band": "144 MHz",
    "origin": "URE",
    "geometry_source": "URE exact site coordinate",
    "vs_production": "NEW",
    "review_reason": null
   }
  },
  {
   "type": "Feature",
   "geometry": {
    "type": "Point",
    "coordinates": [
     -2.602577,
     40.794639
    ]
   },
   "properties": {
    "callsign": "ED4YAL",
    "name": null,
    "service_type": "repeater",
    "modes": [
     "FM"
    ],
    "rx_frequency_mhz": 145.725,
    "tx_frequency_mhz": null,
    "offset_mhz": -0.6,
    "ctcss_hz": null,
    "dmr_color_code": null,
    "dmr_network": null,
    "locator": "IN80QT",
    "municipality": "Cifuentes",
    "province": "Guadalajara",
    "autonomous_region": "Castile-La Mancha",
    "status": "out_of_service_temporarily",
    "operator": "URE Cifuentes",
    "notes": "URE lists this service as temporarily out of service. Administrative areas derived from exact URE site coordinates using OpenStreetMap Nominatim.",
    "last_verified_at": "2026-09-13",
    "latitude": 40.794639,
    "longitude": -2.602577,
    "source_name": "URE repeater and beacon listings",
    "source_url": "https://www.ure.es/appure/repetidores/repe144_N.php",
    "source_record_id": "repe144_N.php:ED4YAL:145.7250",
    "classification": "IMPORT_READY",
    "band": "144 MHz",
    "origin": "URE",
    "geometry_source": "URE exact site coordinate",
    "vs_production": "NEW",
    "review_reason": null
   }
  },
  {
   "type": "Feature",
   "geometry": {
    "type": "Point",
    "coordinates": [
     -4.121933,
     38.620089
    ]
   },
   "properties": {
    "callsign": "ED4YAM",
    "name": null,
    "service_type": "repeater",
    "modes": [
     "FM"
    ],
    "rx_frequency_mhz": 145.75,
    "tx_frequency_mhz": null,
    "offset_mhz": -0.6,
    "ctcss_hz": null,
    "dmr_color_code": null,
    "dmr_network": null,
    "locator": "IM78WO",
    "municipality": "Puertollano",
    "province": "Ciudad Real",
    "autonomous_region": "Castile-La Mancha",
    "status": null,
    "operator": "R.C. Puertollano",
    "notes": "Administrative areas derived from exact URE site coordinates using OpenStreetMap Nominatim.",
    "last_verified_at": "2026-09-13",
    "latitude": 38.620089,
    "longitude": -4.121933,
    "source_name": "URE repeater and beacon listings",
    "source_url": "https://www.ure.es/appure/repetidores/repe144_N.php",
    "source_record_id": "repe144_N.php:ED4YAM:145.7500",
    "classification": "IMPORT_READY",
    "band": "144 MHz",
    "origin": "URE",
    "geometry_source": "URE exact site coordinate",
    "vs_production": "NEW",
    "review_reason": null
   }
  },
  {
   "type": "Feature",
   "geometry": {
    "type": "Point",
    "coordinates": [
     -6.049004,
     40.011313
    ]
   },
   "properties": {
    "callsign": "ED4YAO",
    "name": null,
    "service_type": "repeater",
    "modes": [
     "FM"
    ],
    "rx_frequency_mhz": 145.675,
    "tx_frequency_mhz": null,
    "offset_mhz": -0.6,
    "ctcss_hz": 67.0,
    "dmr_color_code": null,
    "dmr_network": null,
    "locator": "IN60XA",
    "municipality": "Malpartida de Plasencia",
    "province": "Cáceres",
    "autonomous_region": "Extremadura",
    "status": null,
    "operator": "URE Plasencia",
    "notes": "Administrative areas derived from exact URE site coordinates using OpenStreetMap Nominatim.",
    "last_verified_at": "2026-09-13",
    "latitude": 40.011313,
    "longitude": -6.049004,
    "source_name": "URE repeater and beacon listings",
    "source_url": "https://www.ure.es/appure/repetidores/repe144_N.php",
    "source_record_id": "repe144_N.php:ED4YAO:145.6750",
    "classification": "IMPORT_READY",
    "band": "144 MHz",
    "origin": "URE",
    "geometry_source": "URE exact site coordinate",
    "vs_production": "NEW",
    "review_reason": null
   }
  },
  {
   "type": "Feature",
   "geometry": {
    "type": "Point",
    "coordinates": [
     -6.354845,
     39.464517
    ]
   },
   "properties": {
    "callsign": "ED4YAP",
    "name": null,
    "service_type": "repeater",
    "modes": [
     "FM"
    ],
    "rx_frequency_mhz": 145.725,
    "tx_frequency_mhz": null,
    "offset_mhz": -0.6,
    "ctcss_hz": null,
    "dmr_color_code": null,
    "dmr_network": null,
    "locator": "IM69TL",
    "municipality": "Cáceres",
    "province": "Cáceres",
    "autonomous_region": "Extremadura",
    "status": null,
    "operator": "URE Cáceres",
    "notes": "Administrative areas derived from exact URE site coordinates using OpenStreetMap Nominatim.",
    "last_verified_at": "2026-09-13",
    "latitude": 39.464517,
    "longitude": -6.354845,
    "source_name": "URE repeater and beacon listings",
    "source_url": "https://www.ure.es/appure/repetidores/repe144_N.php",
    "source_record_id": "repe144_N.php:ED4YAP:145.7250",
    "classification": "IMPORT_READY",
    "band": "144 MHz",
    "origin": "URE",
    "geometry_source": "URE exact site coordinate",
    "vs_production": "NEW",
    "review_reason": null
   }
  },
  {
   "type": "Feature",
   "geometry": {
    "type": "Point",
    "coordinates": [
     -5.494194,
     39.039186
    ]
   },
   "properties": {
    "callsign": "ED4YAR",
    "name": null,
    "service_type": "repeater",
    "modes": [
     "FM"
    ],
    "rx_frequency_mhz": 145.775,
    "tx_frequency_mhz": null,
    "offset_mhz": -0.6,
    "ctcss_hz": 88.5,
    "dmr_color_code": null,
    "dmr_network": null,
    "locator": "IM79GA",
    "municipality": "Orellana de la Sierra",
    "province": "Badajoz",
    "autonomous_region": "Extremadura",
    "status": null,
    "operator": "RC Francisco de Orellana",
    "notes": "Administrative areas derived from exact URE site coordinates using OpenStreetMap Nominatim.",
    "last_verified_at": "2026-09-13",
    "latitude": 39.039186,
    "longitude": -5.494194,
    "source_name": "URE repeater and beacon listings",
    "source_url": "https://www.ure.es/appure/repetidores/repe144_N.php",
    "source_record_id": "repe144_N.php:ED4YAR:145.7750",
    "classification": "IMPORT_READY",
    "band": "144 MHz",
    "origin": "URE",
    "geometry_source": "URE exact site coordinate",
    "vs_production": "NEW",
    "review_reason": null
   }
  },
  {
   "type": "Feature",
   "geometry": {
    "type": "Point",
    "coordinates": [
     -6.6996,
     38.467568
    ]
   },
   "properties": {
    "callsign": "ED4YAS",
    "name": null,
    "service_type": "repeater",
    "modes": [
     "FM"
    ],
    "rx_frequency_mhz": 145.625,
    "tx_frequency_mhz": null,
    "offset_mhz": -0.6,
    "ctcss_hz": 88.5,
    "dmr_color_code": null,
    "dmr_network": null,
    "locator": "IM68PL",
    "municipality": "Salvatierra de los Barros",
    "province": "Badajoz",
    "autonomous_region": "Extremadura",
    "status": null,
    "operator": "URE Badajoz",
    "notes": "Administrative areas derived from exact URE site coordinates using OpenStreetMap Nominatim.",
    "last_verified_at": "2026-09-13",
    "latitude": 38.467568,
    "longitude": -6.6996,
    "source_name": "URE repeater and beacon listings",
    "source_url": "https://www.ure.es/appure/repetidores/repe144_N.php",
    "source_record_id": "repe144_N.php:ED4YAS:145.6250",
    "classification": "IMPORT_READY",
    "band": "144 MHz",
    "origin": "URE",
    "geometry_source": "URE exact site coordinate",
    "vs_production": "NEW",
    "review_reason": null
   }
  },
  {
   "type": "Feature",
   "geometry": {
    "type": "Point",
    "coordinates": [
     -6.427517,
     38.863236
    ]
   },
   "properties": {
    "callsign": "ED4YAT",
    "name": null,
    "service_type": "repeater",
    "modes": [
     "FM"
    ],
    "rx_frequency_mhz": 145.7,
    "tx_frequency_mhz": null,
    "offset_mhz": -0.6,
    "ctcss_hz": 88.5,
    "dmr_color_code": null,
    "dmr_network": null,
    "locator": "IM68SU",
    "municipality": "Mérida",
    "province": "Badajoz",
    "autonomous_region": "Extremadura",
    "status": null,
    "operator": "Subtono 88.5 URE Mérida",
    "notes": "Administrative areas derived from exact URE site coordinates using OpenStreetMap Nominatim.",
    "last_verified_at": "2026-09-13",
    "latitude": 38.863236,
    "longitude": -6.427517,
    "source_name": "URE repeater and beacon listings",
    "source_url": "https://www.ure.es/appure/repetidores/repe144_N.php",
    "source_record_id": "repe144_N.php:ED4YAT:145.7000",
    "classification": "IMPORT_READY",
    "band": "144 MHz",
    "origin": "URE",
    "geometry_source": "URE exact site coordinate",
    "vs_production": "NEW",
    "review_reason": null
   }
  },
  {
   "type": "Feature",
   "geometry": {
    "type": "Point",
    "coordinates": [
     -4.743304,
     40.154146
    ]
   },
   "properties": {
    "callsign": "ED4YAV",
    "name": null,
    "service_type": "repeater",
    "modes": [
     "FM"
    ],
    "rx_frequency_mhz": 145.625,
    "tx_frequency_mhz": null,
    "offset_mhz": -0.6,
    "ctcss_hz": 67.0,
    "dmr_color_code": null,
    "dmr_network": null,
    "locator": "IN70PD",
    "municipality": "Navamorcuende",
    "province": "Toledo",
    "autonomous_region": "Castile-La Mancha",
    "status": null,
    "operator": "URE Talavera de la Reina",
    "notes": "Administrative areas derived from exact URE site coordinates using OpenStreetMap Nominatim.",
    "last_verified_at": "2026-09-13",
    "latitude": 40.154146,
    "longitude": -4.743304,
    "source_name": "URE repeater and beacon listings",
    "source_url": "https://www.ure.es/appure/repetidores/repe144_N.php",
    "source_record_id": "repe144_N.php:ED4YAV:145.6250",
    "classification": "IMPORT_READY",
    "band": "144 MHz",
    "origin": "URE",
    "geometry_source": "URE exact site coordinate",
    "vs_production": "NEW",
    "review_reason": null
   }
  },
  {
   "type": "Feature",
   "geometry": {
    "type": "Point",
    "coordinates": [
     -4.026664,
     39.888837
    ]
   },
   "properties": {
    "callsign": "ED4YAY",
    "name": null,
    "service_type": "repeater",
    "modes": [
     "FM"
    ],
    "rx_frequency_mhz": 145.725,
    "tx_frequency_mhz": null,
    "offset_mhz": -0.6,
    "ctcss_hz": null,
    "dmr_color_code": null,
    "dmr_network": null,
    "locator": "IM79XV",
    "municipality": "Toledo",
    "province": "Toledo",
    "autonomous_region": "Castile-La Mancha",
    "status": null,
    "operator": "URE Toledo",
    "notes": "Administrative areas derived from exact URE site coordinates using OpenStreetMap Nominatim.",
    "last_verified_at": "2026-09-13",
    "latitude": 39.888837,
    "longitude": -4.026664,
    "source_name": "URE repeater and beacon listings",
    "source_url": "https://www.ure.es/appure/repetidores/repe144_N.php",
    "source_record_id": "repe144_N.php:ED4YAY:145.7250",
    "classification": "IMPORT_READY",
    "band": "144 MHz",
    "origin": "URE",
    "geometry_source": "URE exact site coordinate",
    "vs_production": "NEW",
    "review_reason": null
   }
  },
  {
   "type": "Feature",
   "geometry": {
    "type": "Point",
    "coordinates": [
     -2.866667,
     39.766667
    ]
   },
   "properties": {
    "callsign": "ED4YAZ",
    "name": null,
    "service_type": "repeater",
    "modes": [
     "FM"
    ],
    "rx_frequency_mhz": 145.625,
    "tx_frequency_mhz": null,
    "offset_mhz": -0.6,
    "ctcss_hz": null,
    "dmr_color_code": null,
    "dmr_network": null,
    "locator": "IM98NS",
    "municipality": "Villamayor de Santiago",
    "province": "Cuenca",
    "autonomous_region": "Castile-La Mancha",
    "status": null,
    "operator": "URE Cuenca",
    "notes": "Administrative areas derived from exact URE site coordinates using OpenStreetMap Nominatim.",
    "last_verified_at": "2026-09-13",
    "latitude": 39.766667,
    "longitude": -2.866667,
    "source_name": "URE repeater and beacon listings",
    "source_url": "https://www.ure.es/appure/repetidores/repe144_N.php",
    "source_record_id": "repe144_N.php:ED4YAZ:145.6250",
    "classification": "IMPORT_READY",
    "band": "144 MHz",
    "origin": "URE",
    "geometry_source": "URE exact site coordinate",
    "vs_production": "NEW",
    "review_reason": null
   }
  },
  {
   "type": "Feature",
   "geometry": {
    "type": "Point",
    "coordinates": [
     -2.120946,
     40.087089
    ]
   },
   "properties": {
    "callsign": "ED4YBA",
    "name": null,
    "service_type": "repeater",
    "modes": [
     "FM"
    ],
    "rx_frequency_mhz": 145.75,
    "tx_frequency_mhz": null,
    "offset_mhz": -0.6,
    "ctcss_hz": 67.0,
    "dmr_color_code": null,
    "dmr_network": null,
    "locator": "IN80WC",
    "municipality": "Cuenca",
    "province": "Cuenca",
    "autonomous_region": "Castile-La Mancha",
    "status": null,
    "operator": "URE Cuenca",
    "notes": "Administrative areas derived from exact URE site coordinates using OpenStreetMap Nominatim.",
    "last_verified_at": "2026-09-13",
    "latitude": 40.087089,
    "longitude": -2.120946,
    "source_name": "URE repeater and beacon listings",
    "source_url": "https://www.ure.es/appure/repetidores/repe144_N.php",
    "source_record_id": "repe144_N.php:ED4YBA:145.7500",
    "classification": "IMPORT_READY",
    "band": "144 MHz",
    "origin": "URE",
    "geometry_source": "URE exact site coordinate",
    "vs_production": "NEW",
    "review_reason": null
   }
  },
  {
   "type": "Feature",
   "geometry": {
    "type": "Point",
    "coordinates": [
     -2.345833,
     38.641111
    ]
   },
   "properties": {
    "callsign": "ED5YAA",
    "name": null,
    "service_type": "repeater",
    "modes": [
     "FM"
    ],
    "rx_frequency_mhz": 145.7,
    "tx_frequency_mhz": null,
    "offset_mhz": -0.6,
    "ctcss_hz": null,
    "dmr_color_code": null,
    "dmr_network": null,
    "locator": "IM88TP",
    "municipality": "Peñascosa",
    "province": "Albacete",
    "autonomous_region": "Castile-La Mancha",
    "status": null,
    "operator": "URAB",
    "notes": "Administrative areas derived from exact URE site coordinates using OpenStreetMap Nominatim.",
    "last_verified_at": "2026-09-13",
    "latitude": 38.641111,
    "longitude": -2.345833,
    "source_name": "URE repeater and beacon listings",
    "source_url": "https://www.ure.es/appure/repetidores/repe144_N.php",
    "source_record_id": "repe144_N.php:ED5YAA:145.7000",
    "classification": "IMPORT_READY",
    "band": "144 MHz",
    "origin": "URE",
    "geometry_source": "URE exact site coordinate",
    "vs_production": "NEW",
    "review_reason": null
   }
  },
  {
   "type": "Feature",
   "geometry": {
    "type": "Point",
    "coordinates": [
     -0.945168,
     37.601992
    ]
   },
   "properties": {
    "callsign": "ED5YAB",
    "name": null,
    "service_type": "repeater",
    "modes": [
     "FM"
    ],
    "rx_frequency_mhz": 145.625,
    "tx_frequency_mhz": null,
    "offset_mhz": -0.6,
    "ctcss_hz": null,
    "dmr_color_code": null,
    "dmr_network": null,
    "locator": "IM97MO",
    "municipality": "Cartagena",
    "province": "Murcia",
    "autonomous_region": "Region of Murcia",
    "status": null,
    "operator": "URE Cartagena",
    "notes": "Administrative areas derived from exact URE site coordinates using OpenStreetMap Nominatim.",
    "last_verified_at": "2026-09-13",
    "latitude": 37.601992,
    "longitude": -0.945168,
    "source_name": "URE repeater and beacon listings",
    "source_url": "https://www.ure.es/appure/repetidores/repe144_N.php",
    "source_record_id": "repe144_N.php:ED5YAB:145.6250",
    "classification": "IMPORT_READY",
    "band": "144 MHz",
    "origin": "URE",
    "geometry_source": "URE exact site coordinate",
    "vs_production": "NEW",
    "review_reason": null
   }
  },
  {
   "type": "Feature",
   "geometry": {
    "type": "Point",
    "coordinates": [
     0.107138,
     38.842993
    ]
   },
   "properties": {
    "callsign": "ED5YAC",
    "name": null,
    "service_type": "repeater",
    "modes": [
     "FM"
    ],
    "rx_frequency_mhz": 145.75,
    "tx_frequency_mhz": null,
    "offset_mhz": -0.6,
    "ctcss_hz": 118.8,
    "dmr_color_code": null,
    "dmr_network": null,
    "locator": "JM08BU",
    "municipality": "Dénia",
    "province": "Alicante",
    "autonomous_region": "Valencian Community",
    "status": null,
    "operator": "Subtono 118,8 Hz - Radio Club Montgó Denia",
    "notes": "Administrative areas derived from exact URE site coordinates using OpenStreetMap Nominatim.",
    "last_verified_at": "2026-09-13",
    "latitude": 38.842993,
    "longitude": 0.107138,
    "source_name": "URE repeater and beacon listings",
    "source_url": "https://www.ure.es/appure/repetidores/repe144_N.php",
    "source_record_id": "repe144_N.php:ED5YAC:145.7500",
    "classification": "IMPORT_READY",
    "band": "144 MHz",
    "origin": "URE",
    "geometry_source": "URE exact site coordinate",
    "vs_production": "NEW",
    "review_reason": null
   }
  },
  {
   "type": "Feature",
   "geometry": {
    "type": "Point",
    "coordinates": [
     -0.719433,
     38.453051
    ]
   },
   "properties": {
    "callsign": "ED5YAF",
    "name": null,
    "service_type": "repeater",
    "modes": [
     "FM"
    ],
    "rx_frequency_mhz": 145.7,
    "tx_frequency_mhz": null,
    "offset_mhz": -0.6,
    "ctcss_hz": 77.0,
    "dmr_color_code": null,
    "dmr_network": null,
    "locator": "IM98OL",
    "municipality": "Petrer",
    "province": "Alicante",
    "autonomous_region": "Valencian Community",
    "status": null,
    "operator": "URE Elda",
    "notes": "Administrative areas derived from exact URE site coordinates using OpenStreetMap Nominatim.",
    "last_verified_at": "2026-09-13",
    "latitude": 38.453051,
    "longitude": -0.719433,
    "source_name": "URE repeater and beacon listings",
    "source_url": "https://www.ure.es/appure/repetidores/repe144_N.php",
    "source_record_id": "repe144_N.php:ED5YAF:145.7000",
    "classification": "IMPORT_READY",
    "band": "144 MHz",
    "origin": "URE",
    "geometry_source": "URE exact site coordinate",
    "vs_production": "NEW",
    "review_reason": null
   }
  },
  {
   "type": "Feature",
   "geometry": {
    "type": "Point",
    "coordinates": [
     -0.456448,
     38.360099
    ]
   },
   "properties": {
    "callsign": "ED5YAG",
    "name": null,
    "service_type": "repeater",
    "modes": [
     "FM"
    ],
    "rx_frequency_mhz": 145.65,
    "tx_frequency_mhz": null,
    "offset_mhz": -0.6,
    "ctcss_hz": 88.5,
    "dmr_color_code": null,
    "dmr_network": null,
    "locator": "IM98SI",
    "municipality": "Alacant / Alicante",
    "province": "Alicante",
    "autonomous_region": "Valencian Community",
    "status": null,
    "operator": "URE Alicante",
    "notes": "Administrative areas derived from exact URE site coordinates using OpenStreetMap Nominatim.",
    "last_verified_at": "2026-09-13",
    "latitude": 38.360099,
    "longitude": -0.456448,
    "source_name": "URE repeater and beacon listings",
    "source_url": "https://www.ure.es/appure/repetidores/repe144_N.php",
    "source_record_id": "repe144_N.php:ED5YAG:145.6500",
    "classification": "IMPORT_READY",
    "band": "144 MHz",
    "origin": "URE",
    "geometry_source": "URE exact site coordinate",
    "vs_production": "NEW",
    "review_reason": null
   }
  },
  {
   "type": "Feature",
   "geometry": {
    "type": "Point",
    "coordinates": [
     0.037422,
     40.098559
    ]
   },
   "properties": {
    "callsign": "ED5YAH",
    "name": null,
    "service_type": "repeater",
    "modes": [
     "FM"
    ],
    "rx_frequency_mhz": 145.7,
    "tx_frequency_mhz": null,
    "offset_mhz": -0.6,
    "ctcss_hz": null,
    "dmr_color_code": null,
    "dmr_network": null,
    "locator": "JN00AC",
    "municipality": "Cabanes",
    "province": "Castellón",
    "autonomous_region": "Valencian Community",
    "status": null,
    "operator": "URE Castellón",
    "notes": "Administrative areas derived from exact URE site coordinates using OpenStreetMap Nominatim.",
    "last_verified_at": "2026-09-13",
    "latitude": 40.098559,
    "longitude": 0.037422,
    "source_name": "URE repeater and beacon listings",
    "source_url": "https://www.ure.es/appure/repetidores/repe144_N.php",
    "source_record_id": "repe144_N.php:ED5YAH:145.7000",
    "classification": "IMPORT_READY",
    "band": "144 MHz",
    "origin": "URE",
    "geometry_source": "URE exact site coordinate",
    "vs_production": "NEW",
    "review_reason": null
   }
  },
  {
   "type": "Feature",
   "geometry": {
    "type": "Point",
    "coordinates": [
     -0.533309,
     38.633265
    ]
   },
   "properties": {
    "callsign": "ED5YAI",
    "name": null,
    "service_type": "repeater",
    "modes": [
     "FM"
    ],
    "rx_frequency_mhz": 145.725,
    "tx_frequency_mhz": null,
    "offset_mhz": -0.6,
    "ctcss_hz": 77.0,
    "dmr_color_code": null,
    "dmr_network": null,
    "locator": "IM98RP",
    "municipality": "Ibi",
    "province": "Alicante",
    "autonomous_region": "Valencian Community",
    "status": null,
    "operator": "URE Alcoy",
    "notes": "Administrative areas derived from exact URE site coordinates using OpenStreetMap Nominatim.",
    "last_verified_at": "2026-09-13",
    "latitude": 38.633265,
    "longitude": -0.533309,
    "source_name": "URE repeater and beacon listings",
    "source_url": "https://www.ure.es/appure/repetidores/repe144_N.php",
    "source_record_id": "repe144_N.php:ED5YAI:145.7250",
    "classification": "IMPORT_READY",
    "band": "144 MHz",
    "origin": "URE",
    "geometry_source": "URE exact site coordinate",
    "vs_production": "NEW",
    "review_reason": null
   }
  },
  {
   "type": "Feature",
   "geometry": {
    "type": "Point",
    "coordinates": [
     -1.532936,
     37.849917
    ]
   },
   "properties": {
    "callsign": "ED5YAK",
    "name": null,
    "service_type": "repeater",
    "modes": [
     "FM"
    ],
    "rx_frequency_mhz": 145.6,
    "tx_frequency_mhz": null,
    "offset_mhz": -0.6,
    "ctcss_hz": 77.0,
    "dmr_color_code": null,
    "dmr_network": null,
    "locator": "IM97FU",
    "municipality": "Totana",
    "province": "Murcia",
    "autonomous_region": "Region of Murcia",
    "status": null,
    "operator": "URE Murcia",
    "notes": "Administrative areas derived from exact URE site coordinates using OpenStreetMap Nominatim.",
    "last_verified_at": "2026-09-13",
    "latitude": 37.849917,
    "longitude": -1.532936,
    "source_name": "URE repeater and beacon listings",
    "source_url": "https://www.ure.es/appure/repetidores/repe144_N.php",
    "source_record_id": "repe144_N.php:ED5YAK:145.6000",
    "classification": "IMPORT_READY",
    "band": "144 MHz",
    "origin": "URE",
    "geometry_source": "URE exact site coordinate",
    "vs_production": "NEW",
    "review_reason": null
   }
  },
  {
   "type": "Feature",
   "geometry": {
    "type": "Point",
    "coordinates": [
     -0.143166,
     38.962612
    ]
   },
   "properties": {
    "callsign": "ED5YAN",
    "name": null,
    "service_type": "repeater",
    "modes": [
     "FM"
    ],
    "rx_frequency_mhz": 145.65,
    "tx_frequency_mhz": null,
    "offset_mhz": -0.6,
    "ctcss_hz": 123.0,
    "dmr_color_code": null,
    "dmr_network": null,
    "locator": "IM98VW",
    "municipality": "Bellreguard",
    "province": "València",
    "autonomous_region": "Valencian Community",
    "status": null,
    "operator": "Radio Club Gandía",
    "notes": "Administrative areas derived from exact URE site coordinates using OpenStreetMap Nominatim.",
    "last_verified_at": "2026-09-13",
    "latitude": 38.962612,
    "longitude": -0.143166,
    "source_name": "URE repeater and beacon listings",
    "source_url": "https://www.ure.es/appure/repetidores/repe144_N.php",
    "source_record_id": "repe144_N.php:ED5YAN:145.6500",
    "classification": "IMPORT_READY",
    "band": "144 MHz",
    "origin": "URE",
    "geometry_source": "URE exact site coordinate",
    "vs_production": "NEW",
    "review_reason": null
   }
  },
  {
   "type": "Feature",
   "geometry": {
    "type": "Point",
    "coordinates": [
     -0.536957,
     38.976492
    ]
   },
   "properties": {
    "callsign": "ED5YAO",
    "name": null,
    "service_type": "repeater",
    "modes": [
     "FM"
    ],
    "rx_frequency_mhz": 145.75,
    "tx_frequency_mhz": null,
    "offset_mhz": -0.6,
    "ctcss_hz": null,
    "dmr_color_code": null,
    "dmr_network": null,
    "locator": "IM98RX",
    "municipality": "Xàtiva",
    "province": "València",
    "autonomous_region": "Valencian Community",
    "status": null,
    "operator": "URE Játiva",
    "notes": "Administrative areas derived from exact URE site coordinates using OpenStreetMap Nominatim.",
    "last_verified_at": "2026-09-13",
    "latitude": 38.976492,
    "longitude": -0.536957,
    "source_name": "URE repeater and beacon listings",
    "source_url": "https://www.ure.es/appure/repetidores/repe144_N.php",
    "source_record_id": "repe144_N.php:ED5YAO:145.7500",
    "classification": "IMPORT_READY",
    "band": "144 MHz",
    "origin": "URE",
    "geometry_source": "URE exact site coordinate",
    "vs_production": "NEW",
    "review_reason": null
   }
  },
  {
   "type": "Feature",
   "geometry": {
    "type": "Point",
    "coordinates": [
     -0.366667,
     39.683333
    ]
   },
   "properties": {
    "callsign": "ED5YAP",
    "name": null,
    "service_type": "repeater",
    "modes": [
     "FM"
    ],
    "rx_frequency_mhz": 145.625,
    "tx_frequency_mhz": null,
    "offset_mhz": -0.6,
    "ctcss_hz": 88.5,
    "dmr_color_code": null,
    "dmr_network": null,
    "locator": "IM99TQ",
    "municipality": "Segart",
    "province": "València",
    "autonomous_region": "Valencian Community",
    "status": null,
    "operator": "URE Valencia",
    "notes": "URE lists Echolink access. Administrative areas derived from exact URE site coordinates using OpenStreetMap Nominatim.",
    "last_verified_at": "2026-09-13",
    "latitude": 39.683333,
    "longitude": -0.366667,
    "source_name": "URE repeater and beacon listings",
    "source_url": "https://www.ure.es/appure/repetidores/repe144_N.php",
    "source_record_id": "repe144_N.php:ED5YAP:145.6250",
    "classification": "IMPORT_READY",
    "band": "144 MHz",
    "origin": "URE",
    "geometry_source": "URE exact site coordinate",
    "vs_production": "NEW",
    "review_reason": null
   }
  },
  {
   "type": "Feature",
   "geometry": {
    "type": "Point",
    "coordinates": [
     -0.87131,
     39.380288
    ]
   },
   "properties": {
    "callsign": "ED5YAQ",
    "name": null,
    "service_type": "repeater",
    "modes": [
     "FM"
    ],
    "rx_frequency_mhz": 145.775,
    "tx_frequency_mhz": null,
    "offset_mhz": -0.6,
    "ctcss_hz": null,
    "dmr_color_code": null,
    "dmr_network": null,
    "locator": "IM99NJ",
    "municipality": "Yátova",
    "province": "València",
    "autonomous_region": "Valencian Community",
    "status": null,
    "operator": "URE Oeste de Valencia",
    "notes": "Administrative areas derived from exact URE site coordinates using OpenStreetMap Nominatim.",
    "last_verified_at": "2026-09-13",
    "latitude": 39.380288,
    "longitude": -0.87131,
    "source_name": "URE repeater and beacon listings",
    "source_url": "https://www.ure.es/appure/repetidores/repe144_N.php",
    "source_record_id": "repe144_N.php:ED5YAQ:145.7750",
    "classification": "IMPORT_READY",
    "band": "144 MHz",
    "origin": "URE",
    "geometry_source": "URE exact site coordinate",
    "vs_production": "NEW",
    "review_reason": null
   }
  },
  {
   "type": "Feature",
   "geometry": {
    "type": "Point",
    "coordinates": [
     -0.859167,
     37.613333
    ]
   },
   "properties": {
    "callsign": "ED5YAR",
    "name": null,
    "service_type": "repeater",
    "modes": [
     "FM"
    ],
    "rx_frequency_mhz": 145.75,
    "tx_frequency_mhz": null,
    "offset_mhz": -0.6,
    "ctcss_hz": null,
    "dmr_color_code": null,
    "dmr_network": null,
    "locator": "IM97NO",
    "municipality": "La Unión",
    "province": "Murcia",
    "autonomous_region": "Region of Murcia",
    "status": null,
    "operator": "RC Carthago",
    "notes": "Administrative areas derived from exact URE site coordinates using OpenStreetMap Nominatim.",
    "last_verified_at": "2026-09-13",
    "latitude": 37.613333,
    "longitude": -0.859167,
    "source_name": "URE repeater and beacon listings",
    "source_url": "https://www.ure.es/appure/repetidores/repe144_N.php",
    "source_record_id": "repe144_N.php:ED5YAR:145.7500",
    "classification": "IMPORT_READY",
    "band": "144 MHz",
    "origin": "URE",
    "geometry_source": "URE exact site coordinate",
    "vs_production": "NEW",
    "review_reason": null
   }
  },
  {
   "type": "Feature",
   "geometry": {
    "type": "Point",
    "coordinates": [
     -1.580833,
     37.401667
    ]
   },
   "properties": {
    "callsign": "ED5YAT",
    "name": null,
    "service_type": "repeater",
    "modes": [
     "FM"
    ],
    "rx_frequency_mhz": 145.625,
    "tx_frequency_mhz": null,
    "offset_mhz": -0.6,
    "ctcss_hz": 127.3,
    "dmr_color_code": null,
    "dmr_network": null,
    "locator": "IM97FJ",
    "municipality": "Águilas",
    "province": "Murcia",
    "autonomous_region": "Region of Murcia",
    "status": "on-air",
    "operator": "RC Águilas",
    "notes": "Administrative areas derived from exact URE site coordinates using OpenStreetMap Nominatim. DMR metadata from RadioID withheld pending mode-conflict review.",
    "last_verified_at": "2026-09-13",
    "latitude": 37.401667,
    "longitude": -1.580833,
    "source_name": "URE repeater and beacon listings",
    "source_url": "https://www.ure.es/appure/repetidores/repe144_N.php",
    "source_record_id": "repe144_N.php:ED5YAT:145.6250",
    "classification": "NEEDS_REVIEW",
    "band": "144 MHz",
    "origin": "URE",
    "geometry_source": "URE exact site coordinate",
    "vs_production": "NEW",
    "review_reason": "unresolved URE/RadioID conflict"
   }
  },
  {
   "type": "Feature",
   "geometry": {
    "type": "Point",
    "coordinates": [
     -2.080437,
     38.728696
    ]
   },
   "properties": {
    "callsign": "ED5YAW",
    "name": null,
    "service_type": "repeater",
    "modes": [
     "FM"
    ],
    "rx_frequency_mhz": 145.675,
    "tx_frequency_mhz": null,
    "offset_mhz": -0.6,
    "ctcss_hz": 123.0,
    "dmr_color_code": null,
    "dmr_network": null,
    "locator": "IM88XR",
    "municipality": "Peñas de San Pedro",
    "province": "Albacete",
    "autonomous_region": "Castile-La Mancha",
    "status": null,
    "operator": "URE Albacete",
    "notes": "Administrative areas derived from exact URE site coordinates using OpenStreetMap Nominatim.",
    "last_verified_at": "2026-09-13",
    "latitude": 38.728696,
    "longitude": -2.080437,
    "source_name": "URE repeater and beacon listings",
    "source_url": "https://www.ure.es/appure/repetidores/repe144_N.php",
    "source_record_id": "repe144_N.php:ED5YAW:145.6750",
    "classification": "IMPORT_READY",
    "band": "144 MHz",
    "origin": "URE",
    "geometry_source": "URE exact site coordinate",
    "vs_production": "NEW",
    "review_reason": null
   }
  },
  {
   "type": "Feature",
   "geometry": {
    "type": "Point",
    "coordinates": [
     0.1075,
     38.843056
    ]
   },
   "properties": {
    "callsign": "ED5ZAC",
    "name": null,
    "service_type": "repeater",
    "modes": [
     "D-Star",
     "FM"
    ],
    "rx_frequency_mhz": 145.6875,
    "tx_frequency_mhz": null,
    "offset_mhz": -0.6,
    "ctcss_hz": null,
    "dmr_color_code": null,
    "dmr_network": null,
    "locator": "JM08BU",
    "municipality": "Dénia",
    "province": "Alicante",
    "autonomous_region": "Valencian Community",
    "status": null,
    "operator": "RC Denia",
    "notes": "Administrative areas derived from exact URE site coordinates using OpenStreetMap Nominatim.",
    "last_verified_at": "2026-09-13",
    "latitude": 38.843056,
    "longitude": 0.1075,
    "source_name": "URE repeater and beacon listings",
    "source_url": "https://www.ure.es/appure/repetidores/repe144_N.php",
    "source_record_id": "repe144_N.php:ED5ZAC:145.6875",
    "classification": "IMPORT_READY",
    "band": "144 MHz",
    "origin": "URE",
    "geometry_source": "URE exact site coordinate",
    "vs_production": "ALREADY_PRESENT",
    "review_reason": null
   }
  },
  {
   "type": "Feature",
   "geometry": {
    "type": "Point",
    "coordinates": [
     2.605133,
     39.604233
    ]
   },
   "properties": {
    "callsign": "ED6YAA",
    "name": null,
    "service_type": "repeater",
    "modes": [
     "FM"
    ],
    "rx_frequency_mhz": 145.7,
    "tx_frequency_mhz": null,
    "offset_mhz": -0.6,
    "ctcss_hz": null,
    "dmr_color_code": null,
    "dmr_network": null,
    "locator": "JM19HO",
    "municipality": "Palma",
    "province": "Illes Balears",
    "autonomous_region": "Balearic Islands",
    "status": null,
    "operator": "Unión Radioaficionados Islas Baleares",
    "notes": "Administrative areas derived from exact URE site coordinates using OpenStreetMap Nominatim.",
    "last_verified_at": "2026-09-13",
    "latitude": 39.604233,
    "longitude": 2.605133,
    "source_name": "URE repeater and beacon listings",
    "source_url": "https://www.ure.es/appure/repetidores/repe144_N.php",
    "source_record_id": "repe144_N.php:ED6YAA:145.7000",
    "classification": "IMPORT_READY",
    "band": "144 MHz",
    "origin": "URE",
    "geometry_source": "URE exact site coordinate",
    "vs_production": "NEW",
    "review_reason": null
   }
  },
  {
   "type": "Feature",
   "geometry": {
    "type": "Point",
    "coordinates": [
     2.889404,
     39.523773
    ]
   },
   "properties": {
    "callsign": "ED6YAB",
    "name": null,
    "service_type": "repeater",
    "modes": [
     "FM"
    ],
    "rx_frequency_mhz": 145.75,
    "tx_frequency_mhz": null,
    "offset_mhz": -0.6,
    "ctcss_hz": null,
    "dmr_color_code": null,
    "dmr_network": null,
    "locator": "JM19KM",
    "municipality": "Llucmajor",
    "province": "Illes Balears",
    "autonomous_region": "Balearic Islands",
    "status": null,
    "operator": "URE Palma",
    "notes": "Administrative areas derived from exact URE site coordinates using OpenStreetMap Nominatim.",
    "last_verified_at": "2026-09-13",
    "latitude": 39.523773,
    "longitude": 2.889404,
    "source_name": "URE repeater and beacon listings",
    "source_url": "https://www.ure.es/appure/repetidores/repe144_N.php",
    "source_record_id": "repe144_N.php:ED6YAB:145.7500",
    "classification": "IMPORT_READY",
    "band": "144 MHz",
    "origin": "URE",
    "geometry_source": "URE exact site coordinate",
    "vs_production": "NEW",
    "review_reason": null
   }
  },
  {
   "type": "Feature",
   "geometry": {
    "type": "Point",
    "coordinates": [
     3.2,
     39.55
    ]
   },
   "properties": {
    "callsign": "ED6YAC",
    "name": null,
    "service_type": "repeater",
    "modes": [
     "FM"
    ],
    "rx_frequency_mhz": 145.65,
    "tx_frequency_mhz": null,
    "offset_mhz": -0.6,
    "ctcss_hz": 88.5,
    "dmr_color_code": null,
    "dmr_network": null,
    "locator": "JM19ON",
    "municipality": "Manacor",
    "province": "Illes Balears",
    "autonomous_region": "Balearic Islands",
    "status": null,
    "operator": "URE Llevant",
    "notes": "Administrative areas derived from exact URE site coordinates using OpenStreetMap Nominatim.",
    "last_verified_at": "2026-09-13",
    "latitude": 39.55,
    "longitude": 3.2,
    "source_name": "URE repeater and beacon listings",
    "source_url": "https://www.ure.es/appure/repetidores/repe144_N.php",
    "source_record_id": "repe144_N.php:ED6YAC:145.6500",
    "classification": "IMPORT_READY",
    "band": "144 MHz",
    "origin": "URE",
    "geometry_source": "URE exact site coordinate",
    "vs_production": "NEW",
    "review_reason": null
   }
  },
  {
   "type": "Feature",
   "geometry": {
    "type": "Point",
    "coordinates": [
     4.113178,
     39.985144
    ]
   },
   "properties": {
    "callsign": "ED6YAD",
    "name": null,
    "service_type": "repeater",
    "modes": [
     "FM"
    ],
    "rx_frequency_mhz": 145.6,
    "tx_frequency_mhz": null,
    "offset_mhz": -0.6,
    "ctcss_hz": null,
    "dmr_color_code": null,
    "dmr_network": null,
    "locator": "JM29BX",
    "municipality": "es Mercadal",
    "province": "Illes Balears",
    "autonomous_region": "Balearic Islands",
    "status": null,
    "operator": "URE Menorca",
    "notes": "Administrative areas derived from exact URE site coordinates using OpenStreetMap Nominatim.",
    "last_verified_at": "2026-09-13",
    "latitude": 39.985144,
    "longitude": 4.113178,
    "source_name": "URE repeater and beacon listings",
    "source_url": "https://www.ure.es/appure/repetidores/repe144_N.php",
    "source_record_id": "repe144_N.php:ED6YAD:145.6000",
    "classification": "IMPORT_READY",
    "band": "144 MHz",
    "origin": "URE",
    "geometry_source": "URE exact site coordinate",
    "vs_production": "NEW",
    "review_reason": null
   }
  },
  {
   "type": "Feature",
   "geometry": {
    "type": "Point",
    "coordinates": [
     1.256561,
     38.889429
    ]
   },
   "properties": {
    "callsign": "ED6YAE",
    "name": null,
    "service_type": "repeater",
    "modes": [
     "FM"
    ],
    "rx_frequency_mhz": 145.675,
    "tx_frequency_mhz": null,
    "offset_mhz": -0.6,
    "ctcss_hz": 173.8,
    "dmr_color_code": null,
    "dmr_network": null,
    "locator": "JM08PV",
    "municipality": "Es Cubells",
    "province": "Illes Balears",
    "autonomous_region": "Balearic Islands",
    "status": null,
    "operator": "Subtono 173,8 Hz URE Ibiza",
    "notes": "Administrative areas derived from exact URE site coordinates using OpenStreetMap Nominatim.",
    "last_verified_at": "2026-09-13",
    "latitude": 38.889429,
    "longitude": 1.256561,
    "source_name": "URE repeater and beacon listings",
    "source_url": "https://www.ure.es/appure/repetidores/repe144_N.php",
    "source_record_id": "repe144_N.php:ED6YAE:145.6750",
    "classification": "IMPORT_READY",
    "band": "144 MHz",
    "origin": "URE",
    "geometry_source": "URE exact site coordinate",
    "vs_production": "NEW",
    "review_reason": null
   }
  },
  {
   "type": "Feature",
   "geometry": {
    "type": "Point",
    "coordinates": [
     2.786064,
     39.716827
    ]
   },
   "properties": {
    "callsign": "ED6YAF",
    "name": null,
    "service_type": "repeater",
    "modes": [
     "FM"
    ],
    "rx_frequency_mhz": 145.7125,
    "tx_frequency_mhz": null,
    "offset_mhz": -0.6,
    "ctcss_hz": null,
    "dmr_color_code": null,
    "dmr_network": null,
    "locator": "JM19JR",
    "municipality": "Alaró",
    "province": "Illes Balears",
    "autonomous_region": "Balearic Islands",
    "status": null,
    "operator": "URE Palma",
    "notes": "Administrative areas derived from exact URE site coordinates using OpenStreetMap Nominatim.",
    "last_verified_at": "2026-09-13",
    "latitude": 39.716827,
    "longitude": 2.786064,
    "source_name": "URE repeater and beacon listings",
    "source_url": "https://www.ure.es/appure/repetidores/repe144_N.php",
    "source_record_id": "repe144_N.php:ED6YAF:145.7125",
    "classification": "IMPORT_READY",
    "band": "144 MHz",
    "origin": "URE",
    "geometry_source": "URE exact site coordinate",
    "vs_production": "NEW",
    "review_reason": null
   }
  },
  {
   "type": "Feature",
   "geometry": {
    "type": "Point",
    "coordinates": [
     3.2,
     39.55
    ]
   },
   "properties": {
    "callsign": "ED6YAG",
    "name": null,
    "service_type": "repeater",
    "modes": [
     "FM"
    ],
    "rx_frequency_mhz": 145.775,
    "tx_frequency_mhz": null,
    "offset_mhz": -0.6,
    "ctcss_hz": 88.5,
    "dmr_color_code": null,
    "dmr_network": null,
    "locator": "JM19ON",
    "municipality": "Manacor",
    "province": "Illes Balears",
    "autonomous_region": "Balearic Islands",
    "status": null,
    "operator": "URE Llevant",
    "notes": "Administrative areas derived from exact URE site coordinates using OpenStreetMap Nominatim.",
    "last_verified_at": "2026-09-13",
    "latitude": 39.55,
    "longitude": 3.2,
    "source_name": "URE repeater and beacon listings",
    "source_url": "https://www.ure.es/appure/repetidores/repe144_N.php",
    "source_record_id": "repe144_N.php:ED6YAG:145.7750",
    "classification": "IMPORT_READY",
    "band": "144 MHz",
    "origin": "URE",
    "geometry_source": "URE exact site coordinate",
    "vs_production": "NEW",
    "review_reason": null
   }
  },
  {
   "type": "Feature",
   "geometry": {
    "type": "Point",
    "coordinates": [
     2.713889,
     39.737778
    ]
   },
   "properties": {
    "callsign": "ED6ZAC",
    "name": null,
    "service_type": "repeater",
    "modes": [
     "D-Star",
     "FM"
    ],
    "rx_frequency_mhz": 145.625,
    "tx_frequency_mhz": null,
    "offset_mhz": -0.6,
    "ctcss_hz": null,
    "dmr_color_code": null,
    "dmr_network": null,
    "locator": "JM19IR",
    "municipality": "Bunyola",
    "province": "Illes Balears",
    "autonomous_region": "Balearic Islands",
    "status": null,
    "operator": "Digigrup",
    "notes": "Administrative areas derived from exact URE site coordinates using OpenStreetMap Nominatim.",
    "last_verified_at": "2026-09-13",
    "latitude": 39.737778,
    "longitude": 2.713889,
    "source_name": "URE repeater and beacon listings",
    "source_url": "https://www.ure.es/appure/repetidores/repe144_N.php",
    "source_record_id": "repe144_N.php:ED6ZAC:145.6250",
    "classification": "IMPORT_READY",
    "band": "144 MHz",
    "origin": "URE",
    "geometry_source": "URE exact site coordinate",
    "vs_production": "ALREADY_PRESENT",
    "review_reason": null
   }
  },
  {
   "type": "Feature",
   "geometry": {
    "type": "Point",
    "coordinates": [
     -5.697441,
     36.800351
    ]
   },
   "properties": {
    "callsign": "ED7YAA",
    "name": null,
    "service_type": "repeater",
    "modes": [
     "FM"
    ],
    "rx_frequency_mhz": 145.775,
    "tx_frequency_mhz": null,
    "offset_mhz": -0.6,
    "ctcss_hz": 82.5,
    "dmr_color_code": null,
    "dmr_network": null,
    "locator": "IM76DT",
    "municipality": "Arcos de la Frontera",
    "province": "Cádiz",
    "autonomous_region": "Andalusia",
    "status": null,
    "operator": "Andalucia Unida por la Radio (AUR)",
    "notes": "Administrative areas derived from exact URE site coordinates using OpenStreetMap Nominatim.",
    "last_verified_at": "2026-09-13",
    "latitude": 36.800351,
    "longitude": -5.697441,
    "source_name": "URE repeater and beacon listings",
    "source_url": "https://www.ure.es/appure/repetidores/repe144_N.php",
    "source_record_id": "repe144_N.php:ED7YAA:145.7750",
    "classification": "IMPORT_READY",
    "band": "144 MHz",
    "origin": "URE",
    "geometry_source": "URE exact site coordinate",
    "vs_production": "NEW",
    "review_reason": null
   }
  },
  {
   "type": "Feature",
   "geometry": {
    "type": "Point",
    "coordinates": [
     -4.788496,
     37.966988
    ]
   },
   "properties": {
    "callsign": "ED7YAC",
    "name": null,
    "service_type": "repeater",
    "modes": [
     "FM"
    ],
    "rx_frequency_mhz": 145.675,
    "tx_frequency_mhz": null,
    "offset_mhz": -0.6,
    "ctcss_hz": 77.0,
    "dmr_color_code": null,
    "dmr_network": null,
    "locator": "IM77OX",
    "municipality": "Córdoba",
    "province": "Córdoba",
    "autonomous_region": "Andalusia",
    "status": null,
    "operator": "URE Córdoba",
    "notes": "Administrative areas derived from exact URE site coordinates using OpenStreetMap Nominatim.",
    "last_verified_at": "2026-09-13",
    "latitude": 37.966988,
    "longitude": -4.788496,
    "source_name": "URE repeater and beacon listings",
    "source_url": "https://www.ure.es/appure/repetidores/repe144_N.php",
    "source_record_id": "repe144_N.php:ED7YAC:145.6750",
    "classification": "IMPORT_READY",
    "band": "144 MHz",
    "origin": "URE",
    "geometry_source": "URE exact site coordinate",
    "vs_production": "NEW",
    "review_reason": null
   }
  },
  {
   "type": "Feature",
   "geometry": {
    "type": "Point",
    "coordinates": [
     -4.616661,
     36.600025
    ]
   },
   "properties": {
    "callsign": "ED7YAD",
    "name": null,
    "service_type": "repeater",
    "modes": [
     "FM"
    ],
    "rx_frequency_mhz": 145.7,
    "tx_frequency_mhz": null,
    "offset_mhz": -0.6,
    "ctcss_hz": 82.5,
    "dmr_color_code": null,
    "dmr_network": null,
    "locator": "IM76QO",
    "municipality": "Mijas",
    "province": "Málaga",
    "autonomous_region": "Andalusia",
    "status": null,
    "operator": "URE Málaga - https://www.ea7urm.com",
    "notes": "URE operator link https://www.ea7urm.com. Administrative areas derived from exact URE site coordinates using OpenStreetMap Nominatim.",
    "last_verified_at": "2026-09-13",
    "latitude": 36.600025,
    "longitude": -4.616661,
    "source_name": "URE repeater and beacon listings",
    "source_url": "https://www.ure.es/appure/repetidores/repe144_N.php",
    "source_record_id": "repe144_N.php:ED7YAD:145.7000",
    "classification": "IMPORT_READY",
    "band": "144 MHz",
    "origin": "URE",
    "geometry_source": "URE exact site coordinate",
    "vs_production": "NEW",
    "review_reason": null
   }
  },
  {
   "type": "Feature",
   "geometry": {
    "type": "Point",
    "coordinates": [
     -5.198936,
     36.465196
    ]
   },
   "properties": {
    "callsign": "ED7YAF",
    "name": null,
    "service_type": "repeater",
    "modes": [
     "FM"
    ],
    "rx_frequency_mhz": 145.75,
    "tx_frequency_mhz": null,
    "offset_mhz": -0.6,
    "ctcss_hz": 82.5,
    "dmr_color_code": null,
    "dmr_network": null,
    "locator": "IM76JL",
    "municipality": "Estepona",
    "province": "Málaga",
    "autonomous_region": "Andalusia",
    "status": null,
    "operator": "Subtono 82.5 Hz URE Estepona",
    "notes": "Administrative areas derived from exact URE site coordinates using OpenStreetMap Nominatim.",
    "last_verified_at": "2026-09-13",
    "latitude": 36.465196,
    "longitude": -5.198936,
    "source_name": "URE repeater and beacon listings",
    "source_url": "https://www.ure.es/appure/repetidores/repe144_N.php",
    "source_record_id": "repe144_N.php:ED7YAF:145.7500",
    "classification": "IMPORT_READY",
    "band": "144 MHz",
    "origin": "URE",
    "geometry_source": "URE exact site coordinate",
    "vs_production": "NEW",
    "review_reason": null
   }
  },
  {
   "type": "Feature",
   "geometry": {
    "type": "Point",
    "coordinates": [
     -2.801111,
     36.88
    ]
   },
   "properties": {
    "callsign": "ED7YAG",
    "name": null,
    "service_type": "repeater",
    "modes": [
     "FM"
    ],
    "rx_frequency_mhz": 145.725,
    "tx_frequency_mhz": null,
    "offset_mhz": -0.6,
    "ctcss_hz": 100.0,
    "dmr_color_code": null,
    "dmr_network": null,
    "locator": "IM86OV",
    "municipality": "Dalías",
    "province": "Almería",
    "autonomous_region": "Andalusia",
    "status": null,
    "operator": "Subtono 100 Hz - Asociación Radioaficionados Poniente Almería",
    "notes": "Administrative areas derived from exact URE site coordinates using OpenStreetMap Nominatim.",
    "last_verified_at": "2026-09-13",
    "latitude": 36.88,
    "longitude": -2.801111,
    "source_name": "URE repeater and beacon listings",
    "source_url": "https://www.ure.es/appure/repetidores/repe144_N.php",
    "source_record_id": "repe144_N.php:ED7YAG:145.7250",
    "classification": "IMPORT_READY",
    "band": "144 MHz",
    "origin": "URE",
    "geometry_source": "URE exact site coordinate",
    "vs_production": "NEW",
    "review_reason": null
   }
  },
  {
   "type": "Feature",
   "geometry": {
    "type": "Point",
    "coordinates": [
     -2.456388,
     37.217582
    ]
   },
   "properties": {
    "callsign": "ED7YAH",
    "name": null,
    "service_type": "repeater",
    "modes": [
     "FM"
    ],
    "rx_frequency_mhz": 145.675,
    "tx_frequency_mhz": null,
    "offset_mhz": -0.6,
    "ctcss_hz": null,
    "dmr_color_code": null,
    "dmr_network": null,
    "locator": "IM87SF",
    "municipality": "Bacares",
    "province": "Almería",
    "autonomous_region": "Andalusia",
    "status": null,
    "operator": "URE Cuanca del Almanzora",
    "notes": "Administrative areas derived from exact URE site coordinates using OpenStreetMap Nominatim.",
    "last_verified_at": "2026-09-13",
    "latitude": 37.217582,
    "longitude": -2.456388,
    "source_name": "URE repeater and beacon listings",
    "source_url": "https://www.ure.es/appure/repetidores/repe144_N.php",
    "source_record_id": "repe144_N.php:ED7YAH:145.6750",
    "classification": "IMPORT_READY",
    "band": "144 MHz",
    "origin": "URE",
    "geometry_source": "URE exact site coordinate",
    "vs_production": "NEW",
    "review_reason": null
   }
  },
  {
   "type": "Feature",
   "geometry": {
    "type": "Point",
    "coordinates": [
     -2.449951,
     36.84999
    ]
   },
   "properties": {
    "callsign": "ED7YAJ",
    "name": null,
    "service_type": "repeater",
    "modes": [
     "FM"
    ],
    "rx_frequency_mhz": 145.65,
    "tx_frequency_mhz": null,
    "offset_mhz": -0.6,
    "ctcss_hz": null,
    "dmr_color_code": null,
    "dmr_network": null,
    "locator": "IM86SU",
    "municipality": "Almería",
    "province": "Almería",
    "autonomous_region": "Andalusia",
    "status": null,
    "operator": "URE Almería",
    "notes": "Administrative areas derived from exact URE site coordinates using OpenStreetMap Nominatim.",
    "last_verified_at": "2026-09-13",
    "latitude": 36.84999,
    "longitude": -2.449951,
    "source_name": "URE repeater and beacon listings",
    "source_url": "https://www.ure.es/appure/repetidores/repe144_N.php",
    "source_record_id": "repe144_N.php:ED7YAJ:145.6500",
    "classification": "IMPORT_READY",
    "band": "144 MHz",
    "origin": "URE",
    "geometry_source": "URE exact site coordinate",
    "vs_production": "NEW",
    "review_reason": null
   }
  },
  {
   "type": "Feature",
   "geometry": {
    "type": "Point",
    "coordinates": [
     -6.775947,
     37.884744
    ]
   },
   "properties": {
    "callsign": "ED7YAK",
    "name": null,
    "service_type": "repeater",
    "modes": [
     "FM"
    ],
    "rx_frequency_mhz": 145.675,
    "tx_frequency_mhz": null,
    "offset_mhz": -0.6,
    "ctcss_hz": null,
    "dmr_color_code": null,
    "dmr_network": null,
    "locator": "IM67OV",
    "municipality": "Almonaster la Real",
    "province": "Huelva",
    "autonomous_region": "Andalusia",
    "status": null,
    "operator": "URE Huelva",
    "notes": "Administrative areas derived from exact URE site coordinates using OpenStreetMap Nominatim.",
    "last_verified_at": "2026-09-13",
    "latitude": 37.884744,
    "longitude": -6.775947,
    "source_name": "URE repeater and beacon listings",
    "source_url": "https://www.ure.es/appure/repetidores/repe144_N.php",
    "source_record_id": "repe144_N.php:ED7YAK:145.6750",
    "classification": "IMPORT_READY",
    "band": "144 MHz",
    "origin": "URE",
    "geometry_source": "URE exact site coordinate",
    "vs_production": "NEW",
    "review_reason": null
   }
  },
  {
   "type": "Feature",
   "geometry": {
    "type": "Point",
    "coordinates": [
     -3.366795,
     37.049423
    ]
   },
   "properties": {
    "callsign": "ED7YAN",
    "name": null,
    "service_type": "repeater",
    "modes": [
     "FM"
    ],
    "rx_frequency_mhz": 145.625,
    "tx_frequency_mhz": null,
    "offset_mhz": -0.6,
    "ctcss_hz": 88.5,
    "dmr_color_code": null,
    "dmr_network": null,
    "locator": "IM87HB",
    "municipality": "Capileira",
    "province": "Granada",
    "autonomous_region": "Andalusia",
    "status": null,
    "operator": "URE Granada",
    "notes": "Administrative areas derived from exact URE site coordinates using OpenStreetMap Nominatim.",
    "last_verified_at": "2026-09-13",
    "latitude": 37.049423,
    "longitude": -3.366795,
    "source_name": "URE repeater and beacon listings",
    "source_url": "https://www.ure.es/appure/repetidores/repe144_N.php",
    "source_record_id": "repe144_N.php:ED7YAN:145.6250",
    "classification": "IMPORT_READY",
    "band": "144 MHz",
    "origin": "URE",
    "geometry_source": "URE exact site coordinate",
    "vs_production": "NEW",
    "review_reason": null
   }
  },
  {
   "type": "Feature",
   "geometry": {
    "type": "Point",
    "coordinates": [
     -4.532547,
     36.933977
    ]
   },
   "properties": {
    "callsign": "ED7YAO",
    "name": null,
    "service_type": "repeater",
    "modes": [
     "FM"
    ],
    "rx_frequency_mhz": 145.725,
    "tx_frequency_mhz": null,
    "offset_mhz": -0.6,
    "ctcss_hz": 82.5,
    "dmr_color_code": null,
    "dmr_network": null,
    "locator": "IM76RW",
    "municipality": "Villanueva de la Concepción",
    "province": "Málaga",
    "autonomous_region": "Andalusia",
    "status": null,
    "operator": "R.C. Romeo Alfa Charlie",
    "notes": "Administrative areas derived from exact URE site coordinates using OpenStreetMap Nominatim.",
    "last_verified_at": "2026-09-13",
    "latitude": 36.933977,
    "longitude": -4.532547,
    "source_name": "URE repeater and beacon listings",
    "source_url": "https://www.ure.es/appure/repetidores/repe144_N.php",
    "source_record_id": "repe144_N.php:ED7YAO:145.7250",
    "classification": "IMPORT_READY",
    "band": "144 MHz",
    "origin": "URE",
    "geometry_source": "URE exact site coordinate",
    "vs_production": "NEW",
    "review_reason": null
   }
  },
  {
   "type": "Feature",
   "geometry": {
    "type": "Point",
    "coordinates": [
     -5.984449,
     37.399445
    ]
   },
   "properties": {
    "callsign": "ED7YAP",
    "name": null,
    "service_type": "repeater",
    "modes": [
     "FM"
    ],
    "rx_frequency_mhz": 145.65,
    "tx_frequency_mhz": null,
    "offset_mhz": -0.6,
    "ctcss_hz": 77.0,
    "dmr_color_code": null,
    "dmr_network": null,
    "locator": "IM77AJ",
    "municipality": "Sevilla",
    "province": "Sevilla",
    "autonomous_region": "Andalusia",
    "status": null,
    "operator": "R.C. Sevilla",
    "notes": "Administrative areas derived from exact URE site coordinates using OpenStreetMap Nominatim.",
    "last_verified_at": "2026-09-13",
    "latitude": 37.399445,
    "longitude": -5.984449,
    "source_name": "URE repeater and beacon listings",
    "source_url": "https://www.ure.es/appure/repetidores/repe144_N.php",
    "source_record_id": "repe144_N.php:ED7YAP:145.6500",
    "classification": "IMPORT_READY",
    "band": "144 MHz",
    "origin": "URE",
    "geometry_source": "URE exact site coordinate",
    "vs_production": "NEW",
    "review_reason": null
   }
  },
  {
   "type": "Feature",
   "geometry": {
    "type": "Point",
    "coordinates": [
     -5.616074,
     37.851001
    ]
   },
   "properties": {
    "callsign": "ED7YAQ",
    "name": null,
    "service_type": "repeater",
    "modes": [
     "FM"
    ],
    "rx_frequency_mhz": 145.7,
    "tx_frequency_mhz": null,
    "offset_mhz": -0.6,
    "ctcss_hz": 77.0,
    "dmr_color_code": null,
    "dmr_network": null,
    "locator": "IM77EU",
    "municipality": "Constantina",
    "province": "Sevilla",
    "autonomous_region": "Andalusia",
    "status": null,
    "operator": "R.C. Sevilla",
    "notes": "Administrative areas derived from exact URE site coordinates using OpenStreetMap Nominatim.",
    "last_verified_at": "2026-09-13",
    "latitude": 37.851001,
    "longitude": -5.616074,
    "source_name": "URE repeater and beacon listings",
    "source_url": "https://www.ure.es/appure/repetidores/repe144_N.php",
    "source_record_id": "repe144_N.php:ED7YAQ:145.7000",
    "classification": "IMPORT_READY",
    "band": "144 MHz",
    "origin": "URE",
    "geometry_source": "URE exact site coordinate",
    "vs_production": "NEW",
    "review_reason": null
   }
  },
  {
   "type": "Feature",
   "geometry": {
    "type": "Point",
    "coordinates": [
     -2.811127,
     37.567984
    ]
   },
   "properties": {
    "callsign": "ED7YAS",
    "name": null,
    "service_type": "repeater",
    "modes": [
     "FM"
    ],
    "rx_frequency_mhz": 145.7,
    "tx_frequency_mhz": null,
    "offset_mhz": -0.6,
    "ctcss_hz": null,
    "dmr_color_code": null,
    "dmr_network": null,
    "locator": "IM87ON",
    "municipality": "Zújar",
    "province": "Granada",
    "autonomous_region": "Andalusia",
    "status": null,
    "operator": "URE Baza",
    "notes": "Administrative areas derived from exact URE site coordinates using OpenStreetMap Nominatim.",
    "last_verified_at": "2026-09-13",
    "latitude": 37.567984,
    "longitude": -2.811127,
    "source_name": "URE repeater and beacon listings",
    "source_url": "https://www.ure.es/appure/repetidores/repe144_N.php",
    "source_record_id": "repe144_N.php:ED7YAS:145.7000",
    "classification": "IMPORT_READY",
    "band": "144 MHz",
    "origin": "URE",
    "geometry_source": "URE exact site coordinate",
    "vs_production": "NEW",
    "review_reason": null
   }
  },
  {
   "type": "Feature",
   "geometry": {
    "type": "Point",
    "coordinates": [
     -3.781944,
     37.633611
    ]
   },
   "properties": {
    "callsign": "ED7YAT",
    "name": null,
    "service_type": "repeater",
    "modes": [],
    "rx_frequency_mhz": 145.65,
    "tx_frequency_mhz": null,
    "offset_mhz": -0.6,
    "ctcss_hz": null,
    "dmr_color_code": null,
    "dmr_network": null,
    "locator": "IM87CP",
    "municipality": "Los Villares",
    "province": "Jaén",
    "autonomous_region": "Andalusia",
    "status": null,
    "operator": "URE Jaén",
    "notes": "URE listing does not state an operating mode. Administrative areas derived from exact URE site coordinates using OpenStreetMap Nominatim.",
    "last_verified_at": "2026-09-13",
    "latitude": 37.633611,
    "longitude": -3.781944,
    "source_name": "URE repeater and beacon listings",
    "source_url": "https://www.ure.es/appure/repetidores/repe144_N.php",
    "source_record_id": "repe144_N.php:ED7YAT:145.6500",
    "classification": "IMPORT_READY",
    "band": "144 MHz",
    "origin": "URE",
    "geometry_source": "URE exact site coordinate",
    "vs_production": "NEW",
    "review_reason": null
   }
  },
  {
   "type": "Feature",
   "geometry": {
    "type": "Point",
    "coordinates": [
     -5.954708,
     36.835635
    ]
   },
   "properties": {
    "callsign": "ED7YAU",
    "name": null,
    "service_type": "repeater",
    "modes": [
     "APRS"
    ],
    "rx_frequency_mhz": 144.8,
    "tx_frequency_mhz": null,
    "offset_mhz": null,
    "ctcss_hz": null,
    "dmr_color_code": null,
    "dmr_network": null,
    "locator": "IM76AT",
    "municipality": "Jerez",
    "province": "Cádiz",
    "autonomous_region": "Andalusia",
    "status": null,
    "operator": "30 W - Antena omnidireccional - URE San Fernando",
    "notes": "Administrative areas derived from exact URE site coordinates using OpenStreetMap Nominatim.",
    "last_verified_at": "2026-09-13",
    "latitude": 36.835635,
    "longitude": -5.954708,
    "source_name": "URE repeater and beacon listings",
    "source_url": "https://www.ure.es/appure/repetidores/repe144_N.php",
    "source_record_id": "repe144_N.php:ED7YAU:144.8000",
    "classification": "IMPORT_READY",
    "band": "144 MHz",
    "origin": "URE",
    "geometry_source": "URE exact site coordinate",
    "vs_production": "ALREADY_PRESENT",
    "review_reason": null
   }
  },
  {
   "type": "Feature",
   "geometry": {
    "type": "Point",
    "coordinates": [
     -13.533096,
     29.101177
    ]
   },
   "properties": {
    "callsign": "ED8YAA",
    "name": null,
    "service_type": "repeater",
    "modes": [
     "FM"
    ],
    "rx_frequency_mhz": 145.6,
    "tx_frequency_mhz": null,
    "offset_mhz": -0.6,
    "ctcss_hz": null,
    "dmr_color_code": null,
    "dmr_network": null,
    "locator": "IL39FC",
    "municipality": "Teguise",
    "province": "Las Palmas",
    "autonomous_region": "Canary Islands",
    "status": null,
    "operator": "URE Arrecife",
    "notes": "Administrative areas derived from exact URE site coordinates using OpenStreetMap Nominatim.",
    "last_verified_at": "2026-09-13",
    "latitude": 29.101177,
    "longitude": -13.533096,
    "source_name": "URE repeater and beacon listings",
    "source_url": "https://www.ure.es/appure/repetidores/repe144_N.php",
    "source_record_id": "repe144_N.php:ED8YAA:145.6000",
    "classification": "IMPORT_READY",
    "band": "144 MHz",
    "origin": "URE",
    "geometry_source": "URE exact site coordinate",
    "vs_production": "NEW",
    "review_reason": null
   }
  },
  {
   "type": "Feature",
   "geometry": {
    "type": "Point",
    "coordinates": [
     -18.033414,
     27.716927
    ]
   },
   "properties": {
    "callsign": "ED8YAC",
    "name": null,
    "service_type": "repeater",
    "modes": [
     "FM"
    ],
    "rx_frequency_mhz": 145.7,
    "tx_frequency_mhz": null,
    "offset_mhz": -0.6,
    "ctcss_hz": null,
    "dmr_color_code": null,
    "dmr_network": null,
    "locator": "IL07XR",
    "municipality": "El Pinar de El Hierro",
    "province": "Santa Cruz de Tenerife",
    "autonomous_region": "Canary Islands",
    "status": null,
    "operator": "URE Aridane",
    "notes": "Administrative areas derived from exact URE site coordinates using OpenStreetMap Nominatim.",
    "last_verified_at": "2026-09-13",
    "latitude": 27.716927,
    "longitude": -18.033414,
    "source_name": "URE repeater and beacon listings",
    "source_url": "https://www.ure.es/appure/repetidores/repe144_N.php",
    "source_record_id": "repe144_N.php:ED8YAC:145.7000",
    "classification": "IMPORT_READY",
    "band": "144 MHz",
    "origin": "URE",
    "geometry_source": "URE exact site coordinate",
    "vs_production": "NEW",
    "review_reason": null
   }
  },
  {
   "type": "Feature",
   "geometry": {
    "type": "Point",
    "coordinates": [
     -15.416908,
     28.161308
    ]
   },
   "properties": {
    "callsign": "ED8YAD",
    "name": null,
    "service_type": "repeater",
    "modes": [
     "FM"
    ],
    "rx_frequency_mhz": 145.775,
    "tx_frequency_mhz": null,
    "offset_mhz": -0.6,
    "ctcss_hz": null,
    "dmr_color_code": null,
    "dmr_network": null,
    "locator": "IL28HD",
    "municipality": "Las Palmas de Gran Canaria",
    "province": "Las Palmas",
    "autonomous_region": "Canary Islands",
    "status": null,
    "operator": "URE Las Palmas",
    "notes": "Administrative areas derived from exact URE site coordinates using OpenStreetMap Nominatim.",
    "last_verified_at": "2026-09-13",
    "latitude": 28.161308,
    "longitude": -15.416908,
    "source_name": "URE repeater and beacon listings",
    "source_url": "https://www.ure.es/appure/repetidores/repe144_N.php",
    "source_record_id": "repe144_N.php:ED8YAD:145.7750",
    "classification": "IMPORT_READY",
    "band": "144 MHz",
    "origin": "URE",
    "geometry_source": "URE exact site coordinate",
    "vs_production": "NEW",
    "review_reason": null
   }
  },
  {
   "type": "Feature",
   "geometry": {
    "type": "Point",
    "coordinates": [
     -15.533338,
     27.933261
    ]
   },
   "properties": {
    "callsign": "ED8YAE",
    "name": null,
    "service_type": "repeater",
    "modes": [
     "FM"
    ],
    "rx_frequency_mhz": 145.625,
    "tx_frequency_mhz": null,
    "offset_mhz": -0.6,
    "ctcss_hz": null,
    "dmr_color_code": null,
    "dmr_network": null,
    "locator": "IL27FW",
    "municipality": "Santa Lucía de Tirajana",
    "province": "Las Palmas",
    "autonomous_region": "Canary Islands",
    "status": null,
    "operator": "URE Las Palmas",
    "notes": "Administrative areas derived from exact URE site coordinates using OpenStreetMap Nominatim.",
    "last_verified_at": "2026-09-13",
    "latitude": 27.933261,
    "longitude": -15.533338,
    "source_name": "URE repeater and beacon listings",
    "source_url": "https://www.ure.es/appure/repetidores/repe144_N.php",
    "source_record_id": "repe144_N.php:ED8YAE:145.6250",
    "classification": "IMPORT_READY",
    "band": "144 MHz",
    "origin": "URE",
    "geometry_source": "URE exact site coordinate",
    "vs_production": "NEW",
    "review_reason": null
   }
  },
  {
   "type": "Feature",
   "geometry": {
    "type": "Point",
    "coordinates": [
     -13.864746,
     28.523003
    ]
   },
   "properties": {
    "callsign": "ED8YAF",
    "name": null,
    "service_type": "repeater",
    "modes": [
     "FM"
    ],
    "rx_frequency_mhz": 145.675,
    "tx_frequency_mhz": null,
    "offset_mhz": -0.6,
    "ctcss_hz": null,
    "dmr_color_code": null,
    "dmr_network": null,
    "locator": "IL38BM",
    "municipality": "Puerto del Rosario",
    "province": "Las Palmas",
    "autonomous_region": "Canary Islands",
    "status": null,
    "operator": "URE Fuerteventura",
    "notes": "Administrative areas derived from exact URE site coordinates using OpenStreetMap Nominatim.",
    "last_verified_at": "2026-09-13",
    "latitude": 28.523003,
    "longitude": -13.864746,
    "source_name": "URE repeater and beacon listings",
    "source_url": "https://www.ure.es/appure/repetidores/repe144_N.php",
    "source_record_id": "repe144_N.php:ED8YAF:145.6750",
    "classification": "IMPORT_READY",
    "band": "144 MHz",
    "origin": "URE",
    "geometry_source": "URE exact site coordinate",
    "vs_production": "NEW",
    "review_reason": null
   }
  },
  {
   "type": "Feature",
   "geometry": {
    "type": "Point",
    "coordinates": [
     -16.285257,
     28.516856
    ]
   },
   "properties": {
    "callsign": "ED8YAG",
    "name": null,
    "service_type": "repeater",
    "modes": [
     "FM"
    ],
    "rx_frequency_mhz": 145.75,
    "tx_frequency_mhz": null,
    "offset_mhz": -0.6,
    "ctcss_hz": null,
    "dmr_color_code": null,
    "dmr_network": null,
    "locator": "IL18UM",
    "municipality": "Santa Cruz de Tenerife",
    "province": "Santa Cruz de Tenerife",
    "autonomous_region": "Canary Islands",
    "status": null,
    "operator": "URE S.C. Tenerife - La Laguna",
    "notes": "Administrative areas derived from exact URE site coordinates using OpenStreetMap Nominatim.",
    "last_verified_at": "2026-09-13",
    "latitude": 28.516856,
    "longitude": -16.285257,
    "source_name": "URE repeater and beacon listings",
    "source_url": "https://www.ure.es/appure/repetidores/repe144_N.php",
    "source_record_id": "repe144_N.php:ED8YAG:145.7500",
    "classification": "IMPORT_READY",
    "band": "144 MHz",
    "origin": "URE",
    "geometry_source": "URE exact site coordinate",
    "vs_production": "NEW",
    "review_reason": null
   }
  },
  {
   "type": "Feature",
   "geometry": {
    "type": "Point",
    "coordinates": [
     -17.78193,
     28.632332
    ]
   },
   "properties": {
    "callsign": "ED8YAH",
    "name": null,
    "service_type": "repeater",
    "modes": [
     "FM"
    ],
    "rx_frequency_mhz": 145.65,
    "tx_frequency_mhz": null,
    "offset_mhz": -0.6,
    "ctcss_hz": null,
    "dmr_color_code": null,
    "dmr_network": null,
    "locator": "IL18CP",
    "municipality": "Breña Baja",
    "province": "Santa Cruz de Tenerife",
    "autonomous_region": "Canary Islands",
    "status": null,
    "operator": "URE S.C. La Palma",
    "notes": "Administrative areas derived from exact URE site coordinates using OpenStreetMap Nominatim.",
    "last_verified_at": "2026-09-13",
    "latitude": 28.632332,
    "longitude": -17.78193,
    "source_name": "URE repeater and beacon listings",
    "source_url": "https://www.ure.es/appure/repetidores/repe144_N.php",
    "source_record_id": "repe144_N.php:ED8YAH:145.6500",
    "classification": "IMPORT_READY",
    "band": "144 MHz",
    "origin": "URE",
    "geometry_source": "URE exact site coordinate",
    "vs_production": "NEW",
    "review_reason": null
   }
  },
  {
   "type": "Feature",
   "geometry": {
    "type": "Point",
    "coordinates": [
     -17.199955,
     28.100301
    ]
   },
   "properties": {
    "callsign": "ED8YAI",
    "name": null,
    "service_type": "repeater",
    "modes": [
     "FM"
    ],
    "rx_frequency_mhz": 145.725,
    "tx_frequency_mhz": null,
    "offset_mhz": -0.6,
    "ctcss_hz": null,
    "dmr_color_code": null,
    "dmr_network": null,
    "locator": "IL18JC",
    "municipality": "San Sebastián de la Gomera",
    "province": "Santa Cruz de Tenerife",
    "autonomous_region": "Canary Islands",
    "status": null,
    "operator": "URE La Gomera",
    "notes": "Administrative areas derived from exact URE site coordinates using OpenStreetMap Nominatim.",
    "last_verified_at": "2026-09-13",
    "latitude": 28.100301,
    "longitude": -17.199955,
    "source_name": "URE repeater and beacon listings",
    "source_url": "https://www.ure.es/appure/repetidores/repe144_N.php",
    "source_record_id": "repe144_N.php:ED8YAI:145.7250",
    "classification": "IMPORT_READY",
    "band": "144 MHz",
    "origin": "URE",
    "geometry_source": "URE exact site coordinate",
    "vs_production": "NEW",
    "review_reason": null
   }
  },
  {
   "type": "Feature",
   "geometry": {
    "type": "Point",
    "coordinates": [
     -2.956361,
     35.314306
    ]
   },
   "properties": {
    "callsign": "ED9YAA",
    "name": null,
    "service_type": "repeater",
    "modes": [
     "FM"
    ],
    "rx_frequency_mhz": 145.775,
    "tx_frequency_mhz": null,
    "offset_mhz": -0.6,
    "ctcss_hz": null,
    "dmr_color_code": null,
    "dmr_network": null,
    "locator": "IM85MH",
    "municipality": "Melilla",
    "province": null,
    "autonomous_region": "Melilla",
    "status": null,
    "operator": "URE Melilla",
    "notes": "Administrative areas derived from exact URE site coordinates using OpenStreetMap Nominatim.",
    "last_verified_at": "2026-09-13",
    "latitude": 35.314306,
    "longitude": -2.956361,
    "source_name": "URE repeater and beacon listings",
    "source_url": "https://www.ure.es/appure/repetidores/repe144_N.php",
    "source_record_id": "repe144_N.php:ED9YAA:145.7750",
    "classification": "IMPORT_READY",
    "band": "144 MHz",
    "origin": "URE",
    "geometry_source": "URE exact site coordinate",
    "vs_production": "NEW",
    "review_reason": null
   }
  },
  {
   "type": "Feature",
   "geometry": {
    "type": "Point",
    "coordinates": [
     -5.686958,
     40.344797
    ]
   },
   "properties": {
    "callsign": "ED1YBQ",
    "name": null,
    "service_type": "repeater",
    "modes": [],
    "rx_frequency_mhz": 29.68,
    "tx_frequency_mhz": null,
    "offset_mhz": -0.1,
    "ctcss_hz": null,
    "dmr_color_code": null,
    "dmr_network": null,
    "locator": "IN70DI",
    "municipality": "Navacarros",
    "province": "Salamanca",
    "autonomous_region": "Castile and León",
    "status": null,
    "operator": "Sierra de Bejar - La Covatilla Grupo Radiopaquete Salamanca",
    "notes": "URE listing does not state an operating mode. Administrative areas derived from exact URE site coordinates using OpenStreetMap Nominatim.",
    "last_verified_at": "2026-09-13",
    "latitude": 40.344797,
    "longitude": -5.686958,
    "source_name": "URE repeater and beacon listings",
    "source_url": "https://www.ure.es/appure/repetidores/repe28_N.php",
    "source_record_id": "repe28_N.php:ED1YBQ:29.6800",
    "classification": "IMPORT_READY",
    "band": "28 MHz",
    "origin": "URE",
    "geometry_source": "URE exact site coordinate",
    "vs_production": "ALREADY_PRESENT",
    "review_reason": null
   }
  },
  {
   "type": "Feature",
   "geometry": {
    "type": "Point",
    "coordinates": [
     -1.537099,
     42.684013
    ]
   },
   "properties": {
    "callsign": "EC2E",
    "name": null,
    "service_type": "repeater",
    "modes": [
     "FM"
    ],
    "rx_frequency_mhz": 439.35,
    "tx_frequency_mhz": null,
    "offset_mhz": -7.6,
    "ctcss_hz": null,
    "dmr_color_code": null,
    "dmr_network": null,
    "locator": "IN92FQ",
    "municipality": "Ibargoiti",
    "province": "Navarra",
    "autonomous_region": "Navarre",
    "status": null,
    "operator": "URE Navarra",
    "notes": "Administrative areas derived from exact URE site coordinates using OpenStreetMap Nominatim.",
    "last_verified_at": "2026-09-13",
    "latitude": 42.684013,
    "longitude": -1.537099,
    "source_name": "URE repeater and beacon listings",
    "source_url": "https://www.ure.es/appure/repetidores/repe432_N.php",
    "source_record_id": "repe432_N.php:EC2E:439.3500",
    "classification": "IMPORT_READY",
    "band": "432 MHz",
    "origin": "URE",
    "geometry_source": "URE exact site coordinate",
    "vs_production": "ALREADY_PRESENT",
    "review_reason": null
   }
  },
  {
   "type": "Feature",
   "geometry": {
    "type": "Point",
    "coordinates": [
     -8.205242,
     43.478085
    ]
   },
   "properties": {
    "callsign": "ED1YAK",
    "name": null,
    "service_type": "repeater",
    "modes": [
     "FM"
    ],
    "rx_frequency_mhz": 438.725,
    "tx_frequency_mhz": null,
    "offset_mhz": -7.6,
    "ctcss_hz": null,
    "dmr_color_code": null,
    "dmr_network": null,
    "locator": "IN53VL",
    "municipality": "Ferrol",
    "province": "A Coruña",
    "autonomous_region": "Galicia",
    "status": null,
    "operator": "URE El Ferrol",
    "notes": "Administrative areas derived from exact URE site coordinates using OpenStreetMap Nominatim.",
    "last_verified_at": "2026-09-13",
    "latitude": 43.478085,
    "longitude": -8.205242,
    "source_name": "URE repeater and beacon listings",
    "source_url": "https://www.ure.es/appure/repetidores/repe432_N.php",
    "source_record_id": "repe432_N.php:ED1YAK:438.7250",
    "classification": "IMPORT_READY",
    "band": "432 MHz",
    "origin": "URE",
    "geometry_source": "URE exact site coordinate",
    "vs_production": "NEW",
    "review_reason": null
   }
  },
  {
   "type": "Feature",
   "geometry": {
    "type": "Point",
    "coordinates": [
     -4.529114,
     41.940083
    ]
   },
   "properties": {
    "callsign": "ED1YAN",
    "name": null,
    "service_type": "repeater",
    "modes": [
     "FM"
    ],
    "rx_frequency_mhz": 438.775,
    "tx_frequency_mhz": null,
    "offset_mhz": -7.6,
    "ctcss_hz": 88.5,
    "dmr_color_code": null,
    "dmr_network": null,
    "locator": "IN71QX",
    "municipality": "Villamuriel de Cerrato",
    "province": "Palencia",
    "autonomous_region": "Castile and León",
    "status": null,
    "operator": "Asociación Palentina de Radioaficionados",
    "notes": "Administrative areas derived from exact URE site coordinates using OpenStreetMap Nominatim.",
    "last_verified_at": "2026-09-13",
    "latitude": 41.940083,
    "longitude": -4.529114,
    "source_name": "URE repeater and beacon listings",
    "source_url": "https://www.ure.es/appure/repetidores/repe432_N.php",
    "source_record_id": "repe432_N.php:ED1YAN:438.7750",
    "classification": "IMPORT_READY",
    "band": "432 MHz",
    "origin": "URE",
    "geometry_source": "URE exact site coordinate",
    "vs_production": "NEW",
    "review_reason": null
   }
  },
  {
   "type": "Feature",
   "geometry": {
    "type": "Point",
    "coordinates": [
     -7.866726,
     42.600166
    ]
   },
   "properties": {
    "callsign": "ED1YAP",
    "name": null,
    "service_type": "repeater",
    "modes": [
     "FM"
    ],
    "rx_frequency_mhz": 438.775,
    "tx_frequency_mhz": null,
    "offset_mhz": -7.6,
    "ctcss_hz": null,
    "dmr_color_code": null,
    "dmr_network": null,
    "locator": "IN62BO",
    "municipality": "Chantada",
    "province": "Lugo",
    "autonomous_region": "Galicia",
    "status": null,
    "operator": "R.C. Lugo",
    "notes": "Administrative areas derived from exact URE site coordinates using OpenStreetMap Nominatim.",
    "last_verified_at": "2026-09-13",
    "latitude": 42.600166,
    "longitude": -7.866726,
    "source_name": "URE repeater and beacon listings",
    "source_url": "https://www.ure.es/appure/repetidores/repe432_N.php",
    "source_record_id": "repe432_N.php:ED1YAP:438.7750",
    "classification": "IMPORT_READY",
    "band": "432 MHz",
    "origin": "URE",
    "geometry_source": "URE exact site coordinate",
    "vs_production": "NEW",
    "review_reason": null
   }
  },
  {
   "type": "Feature",
   "geometry": {
    "type": "Point",
    "coordinates": [
     -3.78273,
     43.348152
    ]
   },
   "properties": {
    "callsign": "ED1YAT",
    "name": null,
    "service_type": "repeater",
    "modes": [
     "FM"
    ],
    "rx_frequency_mhz": 438.65,
    "tx_frequency_mhz": null,
    "offset_mhz": -7.6,
    "ctcss_hz": null,
    "dmr_color_code": null,
    "dmr_network": null,
    "locator": "IN83AJ",
    "municipality": "Liérganes",
    "province": "Cantabria",
    "autonomous_region": "Cantabria",
    "status": null,
    "operator": "R.C. Radioaficionados Montañeses",
    "notes": "Administrative areas derived from exact URE site coordinates using OpenStreetMap Nominatim.",
    "last_verified_at": "2026-09-13",
    "latitude": 43.348152,
    "longitude": -3.78273,
    "source_name": "URE repeater and beacon listings",
    "source_url": "https://www.ure.es/appure/repetidores/repe432_N.php",
    "source_record_id": "repe432_N.php:ED1YAT:438.6500",
    "classification": "IMPORT_READY",
    "band": "432 MHz",
    "origin": "URE",
    "geometry_source": "URE exact site coordinate",
    "vs_production": "NEW",
    "review_reason": null
   }
  },
  {
   "type": "Feature",
   "geometry": {
    "type": "Point",
    "coordinates": [
     -4.379897,
     43.010891
    ]
   },
   "properties": {
    "callsign": "ED1YAU",
    "name": null,
    "service_type": "repeater",
    "modes": [
     "FM"
    ],
    "rx_frequency_mhz": 438.85,
    "tx_frequency_mhz": null,
    "offset_mhz": -7.6,
    "ctcss_hz": null,
    "dmr_color_code": null,
    "dmr_network": null,
    "locator": "IN73TA",
    "municipality": "Hermandad de Campoo de Suso",
    "province": "Cantabria",
    "autonomous_region": "Cantabria",
    "status": null,
    "operator": "R.C. Radioaficionados Montañeses",
    "notes": "Administrative areas derived from exact URE site coordinates using OpenStreetMap Nominatim.",
    "last_verified_at": "2026-09-13",
    "latitude": 43.010891,
    "longitude": -4.379897,
    "source_name": "URE repeater and beacon listings",
    "source_url": "https://www.ure.es/appure/repetidores/repe432_N.php",
    "source_record_id": "repe432_N.php:ED1YAU:438.8500",
    "classification": "IMPORT_READY",
    "band": "432 MHz",
    "origin": "URE",
    "geometry_source": "URE exact site coordinate",
    "vs_production": "NEW",
    "review_reason": null
   }
  },
  {
   "type": "Feature",
   "geometry": {
    "type": "Point",
    "coordinates": [
     -5.656389,
     40.976944
    ]
   },
   "properties": {
    "callsign": "ED1YAV",
    "name": null,
    "service_type": "repeater",
    "modes": [
     "FM"
    ],
    "rx_frequency_mhz": 438.7,
    "tx_frequency_mhz": null,
    "offset_mhz": -7.6,
    "ctcss_hz": null,
    "dmr_color_code": null,
    "dmr_network": null,
    "locator": "IN70EX",
    "municipality": "Salamanca",
    "province": "Salamanca",
    "autonomous_region": "Castile and León",
    "status": null,
    "operator": "Grupo Radiopaquete Salamanca",
    "notes": "Administrative areas derived from exact URE site coordinates using OpenStreetMap Nominatim.",
    "last_verified_at": "2026-09-13",
    "latitude": 40.976944,
    "longitude": -5.656389,
    "source_name": "URE repeater and beacon listings",
    "source_url": "https://www.ure.es/appure/repetidores/repe432_N.php",
    "source_record_id": "repe432_N.php:ED1YAV:438.7000",
    "classification": "IMPORT_READY",
    "band": "432 MHz",
    "origin": "URE",
    "geometry_source": "URE exact site coordinate",
    "vs_production": "NEW",
    "review_reason": null
   }
  },
  {
   "type": "Feature",
   "geometry": {
    "type": "Point",
    "coordinates": [
     -7.994167,
     43.423611
    ]
   },
   "properties": {
    "callsign": "ED1YAX",
    "name": null,
    "service_type": "repeater",
    "modes": [
     "FM"
    ],
    "rx_frequency_mhz": 438.9,
    "tx_frequency_mhz": null,
    "offset_mhz": null,
    "ctcss_hz": 77.0,
    "dmr_color_code": null,
    "dmr_network": null,
    "locator": "IN63AK",
    "municipality": "As Pontes de García Rodríguez",
    "province": "A Coruña",
    "autonomous_region": "Galicia",
    "status": null,
    "operator": "RC Fene",
    "notes": "Administrative areas derived from exact URE site coordinates using OpenStreetMap Nominatim.",
    "last_verified_at": "2026-09-13",
    "latitude": 43.423611,
    "longitude": -7.994167,
    "source_name": "URE repeater and beacon listings",
    "source_url": "https://www.ure.es/appure/repetidores/repe432_N.php",
    "source_record_id": "repe432_N.php:ED1YAX:438.9000",
    "classification": "IMPORT_READY",
    "band": "432 MHz",
    "origin": "URE",
    "geometry_source": "URE exact site coordinate",
    "vs_production": "NEW",
    "review_reason": null
   }
  },
  {
   "type": "Feature",
   "geometry": {
    "type": "Point",
    "coordinates": [
     -8.033302,
     43.299946
    ]
   },
   "properties": {
    "callsign": "ED1YAY",
    "name": null,
    "service_type": "repeater",
    "modes": [
     "FM"
    ],
    "rx_frequency_mhz": 438.8,
    "tx_frequency_mhz": null,
    "offset_mhz": -7.6,
    "ctcss_hz": null,
    "dmr_color_code": null,
    "dmr_network": null,
    "locator": "IN53XH",
    "municipality": "Monfero",
    "province": "A Coruña",
    "autonomous_region": "Galicia",
    "status": null,
    "operator": "URE A Coruña",
    "notes": "Administrative areas derived from exact URE site coordinates using OpenStreetMap Nominatim.",
    "last_verified_at": "2026-09-13",
    "latitude": 43.299946,
    "longitude": -8.033302,
    "source_name": "URE repeater and beacon listings",
    "source_url": "https://www.ure.es/appure/repetidores/repe432_N.php",
    "source_record_id": "repe432_N.php:ED1YAY:438.8000",
    "classification": "IMPORT_READY",
    "band": "432 MHz",
    "origin": "URE",
    "geometry_source": "URE exact site coordinate",
    "vs_production": "NEW",
    "review_reason": null
   }
  },
  {
   "type": "Feature",
   "geometry": {
    "type": "Point",
    "coordinates": [
     -5.589167,
     42.838056
    ]
   },
   "properties": {
    "callsign": "ED1YAZ",
    "name": null,
    "service_type": "repeater",
    "modes": [
     "FM-N"
    ],
    "rx_frequency_mhz": 439.225,
    "tx_frequency_mhz": null,
    "offset_mhz": -7.6,
    "ctcss_hz": 88.5,
    "dmr_color_code": null,
    "dmr_network": null,
    "locator": "IN72EU",
    "municipality": "La Pola de Gordón",
    "province": "León",
    "autonomous_region": "Castile and León",
    "status": null,
    "operator": "URE León",
    "notes": "Administrative areas derived from exact URE site coordinates using OpenStreetMap Nominatim.",
    "last_verified_at": "2026-09-13",
    "latitude": 42.838056,
    "longitude": -5.589167,
    "source_name": "URE repeater and beacon listings",
    "source_url": "https://www.ure.es/appure/repetidores/repe432_N.php",
    "source_record_id": "repe432_N.php:ED1YAZ:439.2250",
    "classification": "IMPORT_READY",
    "band": "432 MHz",
    "origin": "URE",
    "geometry_source": "URE exact site coordinate",
    "vs_production": "NEW",
    "review_reason": null
   }
  },
  {
   "type": "Feature",
   "geometry": {
    "type": "Point",
    "coordinates": [
     -4.700003,
     40.633366
    ]
   },
   "properties": {
    "callsign": "ED1YBA",
    "name": null,
    "service_type": "repeater",
    "modes": [
     "FM"
    ],
    "rx_frequency_mhz": 438.85,
    "tx_frequency_mhz": null,
    "offset_mhz": -7.6,
    "ctcss_hz": 71.9,
    "dmr_color_code": null,
    "dmr_network": null,
    "locator": "IN70PP",
    "municipality": "Ávila",
    "province": "Ávila",
    "autonomous_region": "Castile and León",
    "status": null,
    "operator": "Club de Radioaficionados Abulenses",
    "notes": "Administrative areas derived from exact URE site coordinates using OpenStreetMap Nominatim.",
    "last_verified_at": "2026-09-13",
    "latitude": 40.633366,
    "longitude": -4.700003,
    "source_name": "URE repeater and beacon listings",
    "source_url": "https://www.ure.es/appure/repetidores/repe432_N.php",
    "source_record_id": "repe432_N.php:ED1YBA:438.8500",
    "classification": "IMPORT_READY",
    "band": "432 MHz",
    "origin": "URE",
    "geometry_source": "URE exact site coordinate",
    "vs_production": "NEW",
    "review_reason": null
   }
  },
  {
   "type": "Feature",
   "geometry": {
    "type": "Point",
    "coordinates": [
     -6.45,
     43.133333
    ]
   },
   "properties": {
    "callsign": "ED1YBD",
    "name": null,
    "service_type": "repeater",
    "modes": [
     "FM"
    ],
    "rx_frequency_mhz": 438.975,
    "tx_frequency_mhz": null,
    "offset_mhz": -7.6,
    "ctcss_hz": 100.0,
    "dmr_color_code": null,
    "dmr_network": null,
    "locator": "IN63SD",
    "municipality": "Cangas del Narcea",
    "province": "Asturias",
    "autonomous_region": "Asturias",
    "status": null,
    "operator": "(Alto Acebo 1.174 m.) - URE Narcea",
    "notes": "Administrative areas derived from exact URE site coordinates using OpenStreetMap Nominatim.",
    "last_verified_at": "2026-09-13",
    "latitude": 43.133333,
    "longitude": -6.45,
    "source_name": "URE repeater and beacon listings",
    "source_url": "https://www.ure.es/appure/repetidores/repe432_N.php",
    "source_record_id": "repe432_N.php:ED1YBD:438.9750",
    "classification": "IMPORT_READY",
    "band": "432 MHz",
    "origin": "URE",
    "geometry_source": "URE exact site coordinate",
    "vs_production": "NEW",
    "review_reason": null
   }
  },
  {
   "type": "Feature",
   "geometry": {
    "type": "Point",
    "coordinates": [
     -6.644833,
     43.485
    ]
   },
   "properties": {
    "callsign": "ED1YBE",
    "name": null,
    "service_type": "repeater",
    "modes": [
     "FM"
    ],
    "rx_frequency_mhz": 439.125,
    "tx_frequency_mhz": null,
    "offset_mhz": -7.6,
    "ctcss_hz": 88.5,
    "dmr_color_code": null,
    "dmr_network": null,
    "locator": "IN63QL",
    "municipality": "Villayón",
    "province": "Asturias",
    "autonomous_region": "Asturias",
    "status": null,
    "operator": "URE Asturias",
    "notes": "Administrative areas derived from exact URE site coordinates using OpenStreetMap Nominatim.",
    "last_verified_at": "2026-09-13",
    "latitude": 43.485,
    "longitude": -6.644833,
    "source_name": "URE repeater and beacon listings",
    "source_url": "https://www.ure.es/appure/repetidores/repe432_N.php",
    "source_record_id": "repe432_N.php:ED1YBE:439.1250",
    "classification": "IMPORT_READY",
    "band": "432 MHz",
    "origin": "URE",
    "geometry_source": "URE exact site coordinate",
    "vs_production": "NEW",
    "review_reason": null
   }
  },
  {
   "type": "Feature",
   "geometry": {
    "type": "Point",
    "coordinates": [
     -5.616632,
     43.433102
    ]
   },
   "properties": {
    "callsign": "ED1YBF",
    "name": null,
    "service_type": "repeater",
    "modes": [
     "FM"
    ],
    "rx_frequency_mhz": 439.075,
    "tx_frequency_mhz": null,
    "offset_mhz": -7.6,
    "ctcss_hz": null,
    "dmr_color_code": null,
    "dmr_network": null,
    "locator": "IN73EK",
    "municipality": "Siero",
    "province": "Asturias",
    "autonomous_region": "Asturias",
    "status": null,
    "operator": "URE Asturias",
    "notes": "Administrative areas derived from exact URE site coordinates using OpenStreetMap Nominatim.",
    "last_verified_at": "2026-09-13",
    "latitude": 43.433102,
    "longitude": -5.616632,
    "source_name": "URE repeater and beacon listings",
    "source_url": "https://www.ure.es/appure/repetidores/repe432_N.php",
    "source_record_id": "repe432_N.php:ED1YBF:439.0750",
    "classification": "IMPORT_READY",
    "band": "432 MHz",
    "origin": "URE",
    "geometry_source": "URE exact site coordinate",
    "vs_production": "NEW",
    "review_reason": null
   }
  },
  {
   "type": "Feature",
   "geometry": {
    "type": "Point",
    "coordinates": [
     -7.609722,
     42.349444
    ]
   },
   "properties": {
    "callsign": "ED1YBL-R",
    "name": null,
    "service_type": "repeater",
    "modes": [
     "FM"
    ],
    "rx_frequency_mhz": 438.75,
    "tx_frequency_mhz": null,
    "offset_mhz": -7.6,
    "ctcss_hz": 77.0,
    "dmr_color_code": null,
    "dmr_network": null,
    "locator": "IN62EI",
    "municipality": "Parada de Sil",
    "province": "Ourense",
    "autonomous_region": "Galicia",
    "status": null,
    "operator": "URE Ourense",
    "notes": "URE lists Echolink access. Administrative areas derived from exact URE site coordinates using OpenStreetMap Nominatim.",
    "last_verified_at": "2026-09-13",
    "latitude": 42.349444,
    "longitude": -7.609722,
    "source_name": "URE repeater and beacon listings",
    "source_url": "https://www.ure.es/appure/repetidores/repe432_N.php",
    "source_record_id": "repe432_N.php:ED1YBL-R:438.7500",
    "classification": "IMPORT_READY",
    "band": "432 MHz",
    "origin": "URE",
    "geometry_source": "URE exact site coordinate",
    "vs_production": "NEW",
    "review_reason": null
   }
  },
  {
   "type": "Feature",
   "geometry": {
    "type": "Point",
    "coordinates": [
     -2.296667,
     41.950333
    ]
   },
   "properties": {
    "callsign": "ED1YBM",
    "name": null,
    "service_type": "repeater",
    "modes": [
     "FM"
    ],
    "rx_frequency_mhz": 439.3,
    "tx_frequency_mhz": null,
    "offset_mhz": -7.6,
    "ctcss_hz": 71.9,
    "dmr_color_code": null,
    "dmr_network": null,
    "locator": "IN81UW",
    "municipality": "Oncala",
    "province": "Soria",
    "autonomous_region": "Castile and León",
    "status": "on-air",
    "operator": "URE Soria",
    "notes": "Administrative areas derived from exact URE site coordinates using OpenStreetMap Nominatim. DMR metadata from RadioID withheld pending mode-conflict review.",
    "last_verified_at": "2026-09-13",
    "latitude": 41.950333,
    "longitude": -2.296667,
    "source_name": "URE repeater and beacon listings",
    "source_url": "https://www.ure.es/appure/repetidores/repe432_N.php",
    "source_record_id": "repe432_N.php:ED1YBM:439.3000",
    "classification": "NEEDS_REVIEW",
    "band": "432 MHz",
    "origin": "URE",
    "geometry_source": "URE exact site coordinate",
    "vs_production": "NEW",
    "review_reason": "unresolved URE/RadioID conflict"
   }
  },
  {
   "type": "Feature",
   "geometry": {
    "type": "Point",
    "coordinates": [
     -6.535149,
     42.380264
    ]
   },
   "properties": {
    "callsign": "ED1YBO",
    "name": null,
    "service_type": "repeater",
    "modes": [
     "FM"
    ],
    "rx_frequency_mhz": 439.175,
    "tx_frequency_mhz": null,
    "offset_mhz": -7.6,
    "ctcss_hz": null,
    "dmr_color_code": null,
    "dmr_network": null,
    "locator": "IN62RJ",
    "municipality": "Castrillo de Cabrera",
    "province": "León",
    "autonomous_region": "Castile and León",
    "status": null,
    "operator": "URE El Bierzo",
    "notes": "Administrative areas derived from exact URE site coordinates using OpenStreetMap Nominatim.",
    "last_verified_at": "2026-09-13",
    "latitude": 42.380264,
    "longitude": -6.535149,
    "source_name": "URE repeater and beacon listings",
    "source_url": "https://www.ure.es/appure/repetidores/repe432_N.php",
    "source_record_id": "repe432_N.php:ED1YBO:439.1750",
    "classification": "IMPORT_READY",
    "band": "432 MHz",
    "origin": "URE",
    "geometry_source": "URE exact site coordinate",
    "vs_production": "NEW",
    "review_reason": null
   }
  },
  {
   "type": "Feature",
   "geometry": {
    "type": "Point",
    "coordinates": [
     -8.683333,
     42.616667
    ]
   },
   "properties": {
    "callsign": "ED1YBP",
    "name": null,
    "service_type": "repeater",
    "modes": [
     "FM"
    ],
    "rx_frequency_mhz": 439.0,
    "tx_frequency_mhz": null,
    "offset_mhz": -7.6,
    "ctcss_hz": 77.0,
    "dmr_color_code": null,
    "dmr_network": null,
    "locator": "IN52PO",
    "municipality": "Caldas de Reis",
    "province": "Pontevedra",
    "autonomous_region": "Galicia",
    "status": null,
    "operator": "RC Fene",
    "notes": "Administrative areas derived from exact URE site coordinates using OpenStreetMap Nominatim.",
    "last_verified_at": "2026-09-13",
    "latitude": 42.616667,
    "longitude": -8.683333,
    "source_name": "URE repeater and beacon listings",
    "source_url": "https://www.ure.es/appure/repetidores/repe432_N.php",
    "source_record_id": "repe432_N.php:ED1YBP:439.0000",
    "classification": "IMPORT_READY",
    "band": "432 MHz",
    "origin": "URE",
    "geometry_source": "URE exact site coordinate",
    "vs_production": "NEW",
    "review_reason": null
   }
  },
  {
   "type": "Feature",
   "geometry": {
    "type": "Point",
    "coordinates": [
     -8.591667,
     42.395
    ]
   },
   "properties": {
    "callsign": "ED1YBS",
    "name": null,
    "service_type": "repeater",
    "modes": [
     "FM"
    ],
    "rx_frequency_mhz": 438.875,
    "tx_frequency_mhz": null,
    "offset_mhz": -7.6,
    "ctcss_hz": 88.5,
    "dmr_color_code": null,
    "dmr_network": null,
    "locator": "IN52QJ",
    "municipality": "Ponte Caldelas",
    "province": "Pontevedra",
    "autonomous_region": "Galicia",
    "status": null,
    "operator": "URE Rías Baixas",
    "notes": "Administrative areas derived from exact URE site coordinates using OpenStreetMap Nominatim.",
    "last_verified_at": "2026-09-13",
    "latitude": 42.395,
    "longitude": -8.591667,
    "source_name": "URE repeater and beacon listings",
    "source_url": "https://www.ure.es/appure/repetidores/repe432_N.php",
    "source_record_id": "repe432_N.php:ED1YBS:438.8750",
    "classification": "IMPORT_READY",
    "band": "432 MHz",
    "origin": "URE",
    "geometry_source": "URE exact site coordinate",
    "vs_production": "NEW",
    "review_reason": null
   }
  },
  {
   "type": "Feature",
   "geometry": {
    "type": "Point",
    "coordinates": [
     -4.717019,
     41.654251
    ]
   },
   "properties": {
    "callsign": "ED1YBV",
    "name": null,
    "service_type": "repeater",
    "modes": [
     "FM"
    ],
    "rx_frequency_mhz": 439.05,
    "tx_frequency_mhz": null,
    "offset_mhz": -7.6,
    "ctcss_hz": 67.0,
    "dmr_color_code": null,
    "dmr_network": null,
    "locator": "IN71PP",
    "municipality": "Valladolid",
    "province": "Valladolid",
    "autonomous_region": "Castile and León",
    "status": null,
    "operator": "URE Valladolid",
    "notes": "Administrative areas derived from exact URE site coordinates using OpenStreetMap Nominatim.",
    "last_verified_at": "2026-09-13",
    "latitude": 41.654251,
    "longitude": -4.717019,
    "source_name": "URE repeater and beacon listings",
    "source_url": "https://www.ure.es/appure/repetidores/repe432_N.php",
    "source_record_id": "repe432_N.php:ED1YBV:439.0500",
    "classification": "IMPORT_READY",
    "band": "432 MHz",
    "origin": "URE",
    "geometry_source": "URE exact site coordinate",
    "vs_production": "NEW",
    "review_reason": null
   }
  },
  {
   "type": "Feature",
   "geometry": {
    "type": "Point",
    "coordinates": [
     -2.942333,
     42.668167
    ]
   },
   "properties": {
    "callsign": "ED1YCD",
    "name": null,
    "service_type": "repeater",
    "modes": [
     "FM"
    ],
    "rx_frequency_mhz": 439.4,
    "tx_frequency_mhz": null,
    "offset_mhz": -7.6,
    "ctcss_hz": null,
    "dmr_color_code": null,
    "dmr_network": null,
    "locator": "IN82MQ",
    "municipality": "Miranda de Ebro",
    "province": "Burgos",
    "autonomous_region": "Castile and León",
    "status": null,
    "operator": "URE Miranda de Ebro",
    "notes": "Administrative areas derived from exact URE site coordinates using OpenStreetMap Nominatim.",
    "last_verified_at": "2026-09-13",
    "latitude": 42.668167,
    "longitude": -2.942333,
    "source_name": "URE repeater and beacon listings",
    "source_url": "https://www.ure.es/appure/repetidores/repe432_N.php",
    "source_record_id": "repe432_N.php:ED1YCD:439.4000",
    "classification": "IMPORT_READY",
    "band": "432 MHz",
    "origin": "URE",
    "geometry_source": "URE exact site coordinate",
    "vs_production": "NEW",
    "review_reason": null
   }
  },
  {
   "type": "Feature",
   "geometry": {
    "type": "Point",
    "coordinates": [
     -4.82755,
     43.394578
    ]
   },
   "properties": {
    "callsign": "ED1YCF",
    "name": null,
    "service_type": "repeater",
    "modes": [
     "FM"
    ],
    "rx_frequency_mhz": 439.025,
    "tx_frequency_mhz": null,
    "offset_mhz": -7.6,
    "ctcss_hz": null,
    "dmr_color_code": null,
    "dmr_network": null,
    "locator": "IN73OJ",
    "municipality": "Llanes",
    "province": "Asturias",
    "autonomous_region": "Asturias",
    "status": null,
    "operator": "CT URE Asturias",
    "notes": "Administrative areas derived from exact URE site coordinates using OpenStreetMap Nominatim.",
    "last_verified_at": "2026-09-13",
    "latitude": 43.394578,
    "longitude": -4.82755,
    "source_name": "URE repeater and beacon listings",
    "source_url": "https://www.ure.es/appure/repetidores/repe432_N.php",
    "source_record_id": "repe432_N.php:ED1YCF:439.0250",
    "classification": "IMPORT_READY",
    "band": "432 MHz",
    "origin": "URE",
    "geometry_source": "URE exact site coordinate",
    "vs_production": "NEW",
    "review_reason": null
   }
  },
  {
   "type": "Feature",
   "geometry": {
    "type": "Point",
    "coordinates": [
     -5.668244,
     40.949969
    ]
   },
   "properties": {
    "callsign": "ED1ZAB",
    "name": null,
    "service_type": "repeater",
    "modes": [
     "D-Star",
     "FM"
    ],
    "rx_frequency_mhz": 438.3,
    "tx_frequency_mhz": null,
    "offset_mhz": -7.6,
    "ctcss_hz": null,
    "dmr_color_code": null,
    "dmr_network": null,
    "locator": "IN70DW",
    "municipality": "Salamanca",
    "province": "Salamanca",
    "autonomous_region": "Castile and León",
    "status": null,
    "operator": "URE Salamanca",
    "notes": "Administrative areas derived from exact URE site coordinates using OpenStreetMap Nominatim.",
    "last_verified_at": "2026-09-13",
    "latitude": 40.949969,
    "longitude": -5.668244,
    "source_name": "URE repeater and beacon listings",
    "source_url": "https://www.ure.es/appure/repetidores/repe432_N.php",
    "source_record_id": "repe432_N.php:ED1ZAB:438.3000",
    "classification": "IMPORT_READY",
    "band": "432 MHz",
    "origin": "URE",
    "geometry_source": "URE exact site coordinate",
    "vs_production": "NEW",
    "review_reason": null
   }
  },
  {
   "type": "Feature",
   "geometry": {
    "type": "Point",
    "coordinates": [
     -7.462833,
     41.904
    ]
   },
   "properties": {
    "callsign": "ED1ZAJ",
    "name": null,
    "service_type": "repeater",
    "modes": [
     "D-Star",
     "FM"
    ],
    "rx_frequency_mhz": 438.325,
    "tx_frequency_mhz": null,
    "offset_mhz": -7.6,
    "ctcss_hz": null,
    "dmr_color_code": null,
    "dmr_network": null,
    "locator": "IN61GV",
    "municipality": "Oímbra",
    "province": "Ourense",
    "autonomous_region": "Galicia",
    "status": null,
    "operator": "Comunicaciones Digitales de Galicia",
    "notes": "Administrative areas derived from exact URE site coordinates using OpenStreetMap Nominatim.",
    "last_verified_at": "2026-09-13",
    "latitude": 41.904,
    "longitude": -7.462833,
    "source_name": "URE repeater and beacon listings",
    "source_url": "https://www.ure.es/appure/repetidores/repe432_N.php",
    "source_record_id": "repe432_N.php:ED1ZAJ:438.3250",
    "classification": "IMPORT_READY",
    "band": "432 MHz",
    "origin": "URE",
    "geometry_source": "URE exact site coordinate",
    "vs_production": "NEW",
    "review_reason": null
   }
  },
  {
   "type": "Feature",
   "geometry": {
    "type": "Point",
    "coordinates": [
     -3.66,
     42.316389
    ]
   },
   "properties": {
    "callsign": "ED1ZAK",
    "name": null,
    "service_type": "repeater",
    "modes": [
     "FM"
    ],
    "rx_frequency_mhz": 438.65,
    "tx_frequency_mhz": null,
    "offset_mhz": -7.6,
    "ctcss_hz": 131.8,
    "dmr_color_code": null,
    "dmr_network": null,
    "locator": "IN82EH",
    "municipality": "Burgos",
    "province": "Burgos",
    "autonomous_region": "Castile and León",
    "status": "on-air",
    "operator": "Burgos HAM Radio",
    "notes": "Administrative areas derived from exact URE site coordinates using OpenStreetMap Nominatim. DMR metadata from RadioID withheld pending mode-conflict review.",
    "last_verified_at": "2026-09-13",
    "latitude": 42.316389,
    "longitude": -3.66,
    "source_name": "URE repeater and beacon listings",
    "source_url": "https://www.ure.es/appure/repetidores/repe432_N.php",
    "source_record_id": "repe432_N.php:ED1ZAK:438.6500",
    "classification": "NEEDS_REVIEW",
    "band": "432 MHz",
    "origin": "URE",
    "geometry_source": "URE exact site coordinate",
    "vs_production": "NEW",
    "review_reason": "unresolved URE/RadioID conflict"
   }
  },
  {
   "type": "Feature",
   "geometry": {
    "type": "Point",
    "coordinates": [
     -8.356667,
     42.701667
    ]
   },
   "properties": {
    "callsign": "ED1ZAT",
    "name": null,
    "service_type": "repeater",
    "modes": [
     "D-Star",
     "FM"
    ],
    "rx_frequency_mhz": 438.325,
    "tx_frequency_mhz": null,
    "offset_mhz": -7.6,
    "ctcss_hz": null,
    "dmr_color_code": null,
    "dmr_network": null,
    "locator": "IN52TQ",
    "municipality": "A Estrada",
    "province": "Pontevedra",
    "autonomous_region": "Galicia",
    "status": null,
    "operator": "Radio Club Estrada - EA1RKE",
    "notes": "Administrative areas derived from exact URE site coordinates using OpenStreetMap Nominatim.",
    "last_verified_at": "2026-09-13",
    "latitude": 42.701667,
    "longitude": -8.356667,
    "source_name": "URE repeater and beacon listings",
    "source_url": "https://www.ure.es/appure/repetidores/repe432_N.php",
    "source_record_id": "repe432_N.php:ED1ZAT:438.3250",
    "classification": "IMPORT_READY",
    "band": "432 MHz",
    "origin": "URE",
    "geometry_source": "URE exact site coordinate",
    "vs_production": "NEW",
    "review_reason": null
   }
  },
  {
   "type": "Feature",
   "geometry": {
    "type": "Point",
    "coordinates": [
     -5.784302,
     43.354143
    ]
   },
   "properties": {
    "callsign": "ED1ZAV",
    "name": null,
    "service_type": "repeater",
    "modes": [
     "C4FM"
    ],
    "rx_frequency_mhz": 438.625,
    "tx_frequency_mhz": null,
    "offset_mhz": -7.6,
    "ctcss_hz": null,
    "dmr_color_code": null,
    "dmr_network": null,
    "locator": "IN73CH",
    "municipality": "Oviedo",
    "province": "Asturias",
    "autonomous_region": "Asturias",
    "status": null,
    "operator": "CTCA URE Asturias",
    "notes": "Administrative areas derived from exact URE site coordinates using OpenStreetMap Nominatim.",
    "last_verified_at": "2026-09-13",
    "latitude": 43.354143,
    "longitude": -5.784302,
    "source_name": "URE repeater and beacon listings",
    "source_url": "https://www.ure.es/appure/repetidores/repe432_N.php",
    "source_record_id": "repe432_N.php:ED1ZAV:438.6250",
    "classification": "IMPORT_READY",
    "band": "432 MHz",
    "origin": "URE",
    "geometry_source": "URE exact site coordinate",
    "vs_production": "NEW",
    "review_reason": null
   }
  },
  {
   "type": "Feature",
   "geometry": {
    "type": "Point",
    "coordinates": [
     -5.19399,
     42.853278
    ]
   },
   "properties": {
    "callsign": "ED1ZAW",
    "name": null,
    "service_type": "repeater",
    "modes": [
     "DMR"
    ],
    "rx_frequency_mhz": 438.4,
    "tx_frequency_mhz": null,
    "offset_mhz": -7.6,
    "ctcss_hz": null,
    "dmr_color_code": 1,
    "dmr_network": "BrandMeister",
    "locator": "IN72JU",
    "municipality": "Sabero",
    "province": "León",
    "autonomous_region": "Castile and León",
    "status": "on-air",
    "operator": "URE León",
    "notes": "Administrative areas derived from exact URE site coordinates using OpenStreetMap Nominatim. DMR metadata enriched from RadioID: color_code=1, network=BrandMeister; RadioID identity_id 17582; principal source remains URE. Status on-air from RadioID.",
    "last_verified_at": "2026-09-13",
    "latitude": 42.853278,
    "longitude": -5.19399,
    "source_name": "URE repeater and beacon listings",
    "source_url": "https://www.ure.es/appure/repetidores/repe432_N.php",
    "source_record_id": "repe432_N.php:ED1ZAW:438.4000",
    "classification": "IMPORT_READY",
    "band": "432 MHz",
    "origin": "URE",
    "geometry_source": "URE exact site coordinate",
    "vs_production": "NEW",
    "review_reason": null
   }
  },
  {
   "type": "Feature",
   "geometry": {
    "type": "Point",
    "coordinates": [
     -5.784302,
     43.354143
    ]
   },
   "properties": {
    "callsign": "ED1ZAX",
    "name": null,
    "service_type": "repeater",
    "modes": [
     "DMR"
    ],
    "rx_frequency_mhz": 438.525,
    "tx_frequency_mhz": null,
    "offset_mhz": -7.6,
    "ctcss_hz": null,
    "dmr_color_code": 1,
    "dmr_network": "BrandMeister",
    "locator": "IN52PO",
    "municipality": "Oviedo",
    "province": "Asturias",
    "autonomous_region": "Asturias",
    "status": "on-air",
    "operator": "Radio Club Fene (EA1RKF)",
    "notes": "Administrative areas derived from exact URE site coordinates using OpenStreetMap Nominatim. DMR metadata enriched from RadioID: color_code=1, network=BrandMeister; RadioID identity_id 684; principal source remains URE. Status on-air from RadioID.",
    "last_verified_at": "2026-09-13",
    "latitude": 43.354143,
    "longitude": -5.784302,
    "source_name": "URE repeater and beacon listings",
    "source_url": "https://www.ure.es/appure/repetidores/repe432_N.php",
    "source_record_id": "repe432_N.php:ED1ZAX:438.5250",
    "classification": "IMPORT_READY",
    "band": "432 MHz",
    "origin": "URE",
    "geometry_source": "URE exact site coordinate",
    "vs_production": "NEW",
    "review_reason": null
   }
  },
  {
   "type": "Feature",
   "geometry": {
    "type": "Point",
    "coordinates": [
     -7.610278,
     42.349167
    ]
   },
   "properties": {
    "callsign": "ED1ZBG",
    "name": null,
    "service_type": "repeater",
    "modes": [
     "DMR"
    ],
    "rx_frequency_mhz": 438.55,
    "tx_frequency_mhz": null,
    "offset_mhz": -7.6,
    "ctcss_hz": null,
    "dmr_color_code": 1,
    "dmr_network": "BrandMeister",
    "locator": "IN62EI",
    "municipality": "Montederramo",
    "province": "Ourense",
    "autonomous_region": "Galicia",
    "status": "on-air",
    "operator": "URE Ourense",
    "notes": "Administrative areas derived from exact URE site coordinates using OpenStreetMap Nominatim. DMR metadata enriched from RadioID: color_code=1, network=BrandMeister; RadioID identity_id 687; principal source remains URE. Status on-air from RadioID.",
    "last_verified_at": "2026-09-13",
    "latitude": 42.349167,
    "longitude": -7.610278,
    "source_name": "URE repeater and beacon listings",
    "source_url": "https://www.ure.es/appure/repetidores/repe432_N.php",
    "source_record_id": "repe432_N.php:ED1ZBG:438.5500",
    "classification": "IMPORT_READY",
    "band": "432 MHz",
    "origin": "URE",
    "geometry_source": "URE exact site coordinate",
    "vs_production": "NEW",
    "review_reason": null
   }
  },
  {
   "type": "Feature",
   "geometry": {
    "type": "Point",
    "coordinates": [
     -7.301111,
     42.258056
    ]
   },
   "properties": {
    "callsign": "ED1ZBH",
    "name": null,
    "service_type": "repeater",
    "modes": [
     "DMR"
    ],
    "rx_frequency_mhz": 438.575,
    "tx_frequency_mhz": null,
    "offset_mhz": -7.6,
    "ctcss_hz": null,
    "dmr_color_code": 1,
    "dmr_network": "BrandMeister",
    "locator": "IN62IG",
    "municipality": "Manzaneda",
    "province": "Ourense",
    "autonomous_region": "Galicia",
    "status": "on-air",
    "operator": "URE Ourense",
    "notes": "Administrative areas derived from exact URE site coordinates using OpenStreetMap Nominatim. DMR metadata enriched from RadioID: color_code=1, network=BrandMeister; RadioID identity_id 682; principal source remains URE. Status on-air from RadioID.",
    "last_verified_at": "2026-09-13",
    "latitude": 42.258056,
    "longitude": -7.301111,
    "source_name": "URE repeater and beacon listings",
    "source_url": "https://www.ure.es/appure/repetidores/repe432_N.php",
    "source_record_id": "repe432_N.php:ED1ZBH:438.5750",
    "classification": "IMPORT_READY",
    "band": "432 MHz",
    "origin": "URE",
    "geometry_source": "URE exact site coordinate",
    "vs_production": "NEW",
    "review_reason": null
   }
  },
  {
   "type": "Feature",
   "geometry": {
    "type": "Point",
    "coordinates": [
     -7.829167,
     42.357778
    ]
   },
   "properties": {
    "callsign": "ED1ZBI",
    "name": null,
    "service_type": "repeater",
    "modes": [
     "DMR"
    ],
    "rx_frequency_mhz": 438.5,
    "tx_frequency_mhz": null,
    "offset_mhz": -7.6,
    "ctcss_hz": null,
    "dmr_color_code": 1,
    "dmr_network": "BrandMeister",
    "locator": "IN62CI",
    "municipality": "Ourense",
    "province": "Ourense",
    "autonomous_region": "Galicia",
    "status": "on-air",
    "operator": "URE Ourense",
    "notes": "Administrative areas derived from exact URE site coordinates using OpenStreetMap Nominatim. DMR metadata enriched from RadioID: color_code=1, network=BrandMeister; RadioID identity_id 681; principal source remains URE. Status on-air from RadioID.",
    "last_verified_at": "2026-09-13",
    "latitude": 42.357778,
    "longitude": -7.829167,
    "source_name": "URE repeater and beacon listings",
    "source_url": "https://www.ure.es/appure/repetidores/repe432_N.php",
    "source_record_id": "repe432_N.php:ED1ZBI:438.5000",
    "classification": "IMPORT_READY",
    "band": "432 MHz",
    "origin": "URE",
    "geometry_source": "URE exact site coordinate",
    "vs_production": "NEW",
    "review_reason": null
   }
  },
  {
   "type": "Feature",
   "geometry": {
    "type": "Point",
    "coordinates": [
     -7.829722,
     42.358056
    ]
   },
   "properties": {
    "callsign": "ED1ZBI_B",
    "name": null,
    "service_type": "repeater",
    "modes": [
     "D-Star"
    ],
    "rx_frequency_mhz": 438.25,
    "tx_frequency_mhz": null,
    "offset_mhz": -7.6,
    "ctcss_hz": null,
    "dmr_color_code": null,
    "dmr_network": null,
    "locator": "IN62CI",
    "municipality": "Ourense",
    "province": "Ourense",
    "autonomous_region": "Galicia",
    "status": null,
    "operator": "URE Ourense",
    "notes": "Administrative areas derived from exact URE site coordinates using OpenStreetMap Nominatim.",
    "last_verified_at": "2026-09-13",
    "latitude": 42.358056,
    "longitude": -7.829722,
    "source_name": "URE repeater and beacon listings",
    "source_url": "https://www.ure.es/appure/repetidores/repe432_N.php",
    "source_record_id": "repe432_N.php:ED1ZBI_B:438.2500",
    "classification": "IMPORT_READY",
    "band": "432 MHz",
    "origin": "URE",
    "geometry_source": "URE exact site coordinate",
    "vs_production": "NEW",
    "review_reason": null
   }
  },
  {
   "type": "Feature",
   "geometry": {
    "type": "Point",
    "coordinates": [
     -5.534456,
     42.581189
    ]
   },
   "properties": {
    "callsign": "ED1ZBJ",
    "name": null,
    "service_type": "repeater",
    "modes": [
     "DMR"
    ],
    "rx_frequency_mhz": 438.225,
    "tx_frequency_mhz": null,
    "offset_mhz": -7.6,
    "ctcss_hz": null,
    "dmr_color_code": 1,
    "dmr_network": "BrandMeister",
    "locator": "IN72FN",
    "municipality": "Valdefresno",
    "province": "León",
    "autonomous_region": "Castile and León",
    "status": "on-air",
    "operator": "URE León",
    "notes": "Administrative areas derived from exact URE site coordinates using OpenStreetMap Nominatim. DMR metadata enriched from RadioID: color_code=1, network=BrandMeister; RadioID identity_id 654; principal source remains URE. Status on-air from RadioID.",
    "last_verified_at": "2026-09-13",
    "latitude": 42.581189,
    "longitude": -5.534456,
    "source_name": "URE repeater and beacon listings",
    "source_url": "https://www.ure.es/appure/repetidores/repe432_N.php",
    "source_record_id": "repe432_N.php:ED1ZBJ:438.2250",
    "classification": "IMPORT_READY",
    "band": "432 MHz",
    "origin": "URE",
    "geometry_source": "URE exact site coordinate",
    "vs_production": "ALREADY_PRESENT",
    "review_reason": null
   }
  },
  {
   "type": "Feature",
   "geometry": {
    "type": "Point",
    "coordinates": [
     -2.866659,
     43.133373
    ]
   },
   "properties": {
    "callsign": "ED2YAB",
    "name": null,
    "service_type": "repeater",
    "modes": [
     "FM"
    ],
    "rx_frequency_mhz": 438.7,
    "tx_frequency_mhz": null,
    "offset_mhz": -7.6,
    "ctcss_hz": null,
    "dmr_color_code": null,
    "dmr_network": null,
    "locator": "IN83ND",
    "municipality": "Zeberio",
    "province": "Bizkaia",
    "autonomous_region": "Basque Country",
    "status": null,
    "operator": "R.C. Unzueta de Laudio",
    "notes": "Administrative areas derived from exact URE site coordinates using OpenStreetMap Nominatim.",
    "last_verified_at": "2026-09-13",
    "latitude": 43.133373,
    "longitude": -2.866659,
    "source_name": "URE repeater and beacon listings",
    "source_url": "https://www.ure.es/appure/repetidores/repe432_N.php",
    "source_record_id": "repe432_N.php:ED2YAB:438.7000",
    "classification": "IMPORT_READY",
    "band": "432 MHz",
    "origin": "URE",
    "geometry_source": "URE exact site coordinate",
    "vs_production": "NEW",
    "review_reason": null
   }
  },
  {
   "type": "Feature",
   "geometry": {
    "type": "Point",
    "coordinates": [
     -2.530117,
     43.22097
    ]
   },
   "properties": {
    "callsign": "ED2YAE",
    "name": null,
    "service_type": "repeater",
    "modes": [
     "FM"
    ],
    "rx_frequency_mhz": 439.0,
    "tx_frequency_mhz": null,
    "offset_mhz": -7.6,
    "ctcss_hz": 77.0,
    "dmr_color_code": null,
    "dmr_network": null,
    "locator": "IN83RF",
    "municipality": "Mallabia",
    "province": "Bizkaia",
    "autonomous_region": "Basque Country",
    "status": null,
    "operator": "URE Vizcaya",
    "notes": "Administrative areas derived from exact URE site coordinates using OpenStreetMap Nominatim.",
    "last_verified_at": "2026-09-13",
    "latitude": 43.22097,
    "longitude": -2.530117,
    "source_name": "URE repeater and beacon listings",
    "source_url": "https://www.ure.es/appure/repetidores/repe432_N.php",
    "source_record_id": "repe432_N.php:ED2YAE:439.0000",
    "classification": "IMPORT_READY",
    "band": "432 MHz",
    "origin": "URE",
    "geometry_source": "URE exact site coordinate",
    "vs_production": "NEW",
    "review_reason": null
   }
  },
  {
   "type": "Feature",
   "geometry": {
    "type": "Point",
    "coordinates": [
     -1.991667,
     43.3055
    ]
   },
   "properties": {
    "callsign": "ED2YAG",
    "name": null,
    "service_type": "repeater",
    "modes": [
     "FM"
    ],
    "rx_frequency_mhz": 438.925,
    "tx_frequency_mhz": null,
    "offset_mhz": -7.6,
    "ctcss_hz": null,
    "dmr_color_code": null,
    "dmr_network": null,
    "locator": "IN93BH",
    "municipality": "Donostia / San Sebastián",
    "province": "Gipuzkoa",
    "autonomous_region": "Basque Country",
    "status": null,
    "operator": "URE San Sebastián",
    "notes": "Administrative areas derived from exact URE site coordinates using OpenStreetMap Nominatim.",
    "last_verified_at": "2026-09-13",
    "latitude": 43.3055,
    "longitude": -1.991667,
    "source_name": "URE repeater and beacon listings",
    "source_url": "https://www.ure.es/appure/repetidores/repe432_N.php",
    "source_record_id": "repe432_N.php:ED2YAG:438.9250",
    "classification": "IMPORT_READY",
    "band": "432 MHz",
    "origin": "URE",
    "geometry_source": "URE exact site coordinate",
    "vs_production": "NEW",
    "review_reason": null
   }
  },
  {
   "type": "Feature",
   "geometry": {
    "type": "Point",
    "coordinates": [
     -0.448594,
     41.715115
    ]
   },
   "properties": {
    "callsign": "ED2YAH",
    "name": null,
    "service_type": "repeater",
    "modes": [
     "FM"
    ],
    "rx_frequency_mhz": 438.7,
    "tx_frequency_mhz": null,
    "offset_mhz": -7.6,
    "ctcss_hz": null,
    "dmr_color_code": null,
    "dmr_network": null,
    "locator": "IN91SR",
    "municipality": "Lanaja",
    "province": "Huesca",
    "autonomous_region": "Aragon",
    "status": null,
    "operator": "URE Zaragoza",
    "notes": "Administrative areas derived from exact URE site coordinates using OpenStreetMap Nominatim.",
    "last_verified_at": "2026-09-13",
    "latitude": 41.715115,
    "longitude": -0.448594,
    "source_name": "URE repeater and beacon listings",
    "source_url": "https://www.ure.es/appure/repetidores/repe432_N.php",
    "source_record_id": "repe432_N.php:ED2YAH:438.7000",
    "classification": "IMPORT_READY",
    "band": "432 MHz",
    "origin": "URE",
    "geometry_source": "URE exact site coordinate",
    "vs_production": "NEW",
    "review_reason": null
   }
  },
  {
   "type": "Feature",
   "geometry": {
    "type": "Point",
    "coordinates": [
     -0.866654,
     41.633423
    ]
   },
   "properties": {
    "callsign": "ED2YAJ",
    "name": null,
    "service_type": "repeater",
    "modes": [
     "FM"
    ],
    "rx_frequency_mhz": 438.65,
    "tx_frequency_mhz": null,
    "offset_mhz": -7.6,
    "ctcss_hz": null,
    "dmr_color_code": null,
    "dmr_network": null,
    "locator": "IN91NP",
    "municipality": "Zaragoza",
    "province": "Zaragoza",
    "autonomous_region": "Aragon",
    "status": null,
    "operator": "URE Zaragoza",
    "notes": "Administrative areas derived from exact URE site coordinates using OpenStreetMap Nominatim.",
    "last_verified_at": "2026-09-13",
    "latitude": 41.633423,
    "longitude": -0.866654,
    "source_name": "URE repeater and beacon listings",
    "source_url": "https://www.ure.es/appure/repetidores/repe432_N.php",
    "source_record_id": "repe432_N.php:ED2YAJ:438.6500",
    "classification": "IMPORT_READY",
    "band": "432 MHz",
    "origin": "URE",
    "geometry_source": "URE exact site coordinate",
    "vs_production": "NEW",
    "review_reason": null
   }
  },
  {
   "type": "Feature",
   "geometry": {
    "type": "Point",
    "coordinates": [
     -1.023611,
     40.098056
    ]
   },
   "properties": {
    "callsign": "ED2YAL",
    "name": null,
    "service_type": "repeater",
    "modes": [
     "FM"
    ],
    "rx_frequency_mhz": 439.325,
    "tx_frequency_mhz": null,
    "offset_mhz": -7.6,
    "ctcss_hz": 71.9,
    "dmr_color_code": null,
    "dmr_network": null,
    "locator": "IN90LC",
    "municipality": "La Puebla de Valverde",
    "province": "Teruel",
    "autonomous_region": "Aragon",
    "status": null,
    "operator": "Subtono 71,9 Hz URE Teruel",
    "notes": "Administrative areas derived from exact URE site coordinates using OpenStreetMap Nominatim.",
    "last_verified_at": "2026-09-13",
    "latitude": 40.098056,
    "longitude": -1.023611,
    "source_name": "URE repeater and beacon listings",
    "source_url": "https://www.ure.es/appure/repetidores/repe432_N.php",
    "source_record_id": "repe432_N.php:ED2YAL:439.3250",
    "classification": "IMPORT_READY",
    "band": "432 MHz",
    "origin": "URE",
    "geometry_source": "URE exact site coordinate",
    "vs_production": "NEW",
    "review_reason": null
   }
  },
  {
   "type": "Feature",
   "geometry": {
    "type": "Point",
    "coordinates": [
     -2.7,
     43.35
    ]
   },
   "properties": {
    "callsign": "ED2YAN",
    "name": null,
    "service_type": "repeater",
    "modes": [
     "D-Star",
     "FM"
    ],
    "rx_frequency_mhz": 438.2,
    "tx_frequency_mhz": null,
    "offset_mhz": -7.6,
    "ctcss_hz": null,
    "dmr_color_code": null,
    "dmr_network": null,
    "locator": "IN83PI",
    "municipality": "Busturia",
    "province": "Bizkaia",
    "autonomous_region": "Basque Country",
    "status": null,
    "operator": "As. Euskobite Elkarte",
    "notes": "Administrative areas derived from exact URE site coordinates using OpenStreetMap Nominatim.",
    "last_verified_at": "2026-09-13",
    "latitude": 43.35,
    "longitude": -2.7,
    "source_name": "URE repeater and beacon listings",
    "source_url": "https://www.ure.es/appure/repetidores/repe432_N.php",
    "source_record_id": "repe432_N.php:ED2YAN:438.2000",
    "classification": "IMPORT_READY",
    "band": "432 MHz",
    "origin": "URE",
    "geometry_source": "URE exact site coordinate",
    "vs_production": "NEW",
    "review_reason": null
   }
  },
  {
   "type": "Feature",
   "geometry": {
    "type": "Point",
    "coordinates": [
     -2.9575,
     43.225278
    ]
   },
   "properties": {
    "callsign": "ED2YAO",
    "name": null,
    "service_type": "repeater",
    "modes": [
     "FM"
    ],
    "rx_frequency_mhz": 438.95,
    "tx_frequency_mhz": null,
    "offset_mhz": -7.6,
    "ctcss_hz": null,
    "dmr_color_code": null,
    "dmr_network": null,
    "locator": "IN83MF",
    "municipality": "Alonsotegi",
    "province": "Bizkaia",
    "autonomous_region": "Basque Country",
    "status": null,
    "operator": "As. Euskobyte Elkarte",
    "notes": "Administrative areas derived from exact URE site coordinates using OpenStreetMap Nominatim.",
    "last_verified_at": "2026-09-13",
    "latitude": 43.225278,
    "longitude": -2.9575,
    "source_name": "URE repeater and beacon listings",
    "source_url": "https://www.ure.es/appure/repetidores/repe432_N.php",
    "source_record_id": "repe432_N.php:ED2YAO:438.9500",
    "classification": "IMPORT_READY",
    "band": "432 MHz",
    "origin": "URE",
    "geometry_source": "URE exact site coordinate",
    "vs_production": "NEW",
    "review_reason": null
   }
  },
  {
   "type": "Feature",
   "geometry": {
    "type": "Point",
    "coordinates": [
     -2.731167,
     42.794667
    ]
   },
   "properties": {
    "callsign": "ED2YAP",
    "name": null,
    "service_type": "repeater",
    "modes": [
     "D-Star",
     "FM"
    ],
    "rx_frequency_mhz": 438.675,
    "tx_frequency_mhz": null,
    "offset_mhz": -7.6,
    "ctcss_hz": null,
    "dmr_color_code": null,
    "dmr_network": null,
    "locator": "IN82QU",
    "municipality": "Vitoria-Gasteiz",
    "province": "Álava",
    "autonomous_region": "Basque Country",
    "status": null,
    "operator": "RC Foronda",
    "notes": "Administrative areas derived from exact URE site coordinates using OpenStreetMap Nominatim.",
    "last_verified_at": "2026-09-13",
    "latitude": 42.794667,
    "longitude": -2.731167,
    "source_name": "URE repeater and beacon listings",
    "source_url": "https://www.ure.es/appure/repetidores/repe432_N.php",
    "source_record_id": "repe432_N.php:ED2YAP:438.6750",
    "classification": "IMPORT_READY",
    "band": "432 MHz",
    "origin": "URE",
    "geometry_source": "URE exact site coordinate",
    "vs_production": "NEW",
    "review_reason": null
   }
  },
  {
   "type": "Feature",
   "geometry": {
    "type": "Point",
    "coordinates": [
     0.350035,
     41.520619
    ]
   },
   "properties": {
    "callsign": "ED2YAX",
    "name": null,
    "service_type": "repeater",
    "modes": [
     "FM"
    ],
    "rx_frequency_mhz": 439.0,
    "tx_frequency_mhz": null,
    "offset_mhz": -7.6,
    "ctcss_hz": 123.0,
    "dmr_color_code": null,
    "dmr_network": null,
    "locator": "JN01EM",
    "municipality": "Fraga",
    "province": "Huesca",
    "autonomous_region": "Aragon",
    "status": null,
    "operator": "RadioClub Fragatí",
    "notes": "Administrative areas derived from exact URE site coordinates using OpenStreetMap Nominatim.",
    "last_verified_at": "2026-09-13",
    "latitude": 41.520619,
    "longitude": 0.350035,
    "source_name": "URE repeater and beacon listings",
    "source_url": "https://www.ure.es/appure/repetidores/repe432_N.php",
    "source_record_id": "repe432_N.php:ED2YAX:439.0000",
    "classification": "IMPORT_READY",
    "band": "432 MHz",
    "origin": "URE",
    "geometry_source": "URE exact site coordinate",
    "vs_production": "NEW",
    "review_reason": null
   }
  },
  {
   "type": "Feature",
   "geometry": {
    "type": "Point",
    "coordinates": [
     -0.866439,
     41.633408
    ]
   },
   "properties": {
    "callsign": "ED2ZAA",
    "name": null,
    "service_type": "repeater",
    "modes": [
     "D-Star"
    ],
    "rx_frequency_mhz": 438.35,
    "tx_frequency_mhz": null,
    "offset_mhz": -7.6,
    "ctcss_hz": null,
    "dmr_color_code": null,
    "dmr_network": null,
    "locator": "IN91NP",
    "municipality": "Zaragoza",
    "province": "Zaragoza",
    "autonomous_region": "Aragon",
    "status": null,
    "operator": "URE Zaragoza",
    "notes": "Administrative areas derived from exact URE site coordinates using OpenStreetMap Nominatim.",
    "last_verified_at": "2026-09-13",
    "latitude": 41.633408,
    "longitude": -0.866439,
    "source_name": "URE repeater and beacon listings",
    "source_url": "https://www.ure.es/appure/repetidores/repe432_N.php",
    "source_record_id": "repe432_N.php:ED2ZAA:438.3500",
    "classification": "IMPORT_READY",
    "band": "432 MHz",
    "origin": "URE",
    "geometry_source": "URE exact site coordinate",
    "vs_production": "NEW",
    "review_reason": null
   }
  },
  {
   "type": "Feature",
   "geometry": {
    "type": "Point",
    "coordinates": [
     1.820278,
     41.609444
    ]
   },
   "properties": {
    "callsign": "ED3YAB",
    "name": null,
    "service_type": "repeater",
    "modes": [
     "FM"
    ],
    "rx_frequency_mhz": 439.425,
    "tx_frequency_mhz": null,
    "offset_mhz": -7.6,
    "ctcss_hz": 88.5,
    "dmr_color_code": null,
    "dmr_network": null,
    "locator": "JN01VO",
    "municipality": "Marganell",
    "province": "Barcelona",
    "autonomous_region": "Catalonia",
    "status": null,
    "operator": "AMIRED",
    "notes": "Administrative areas derived from exact URE site coordinates using OpenStreetMap Nominatim.",
    "last_verified_at": "2026-09-13",
    "latitude": 41.609444,
    "longitude": 1.820278,
    "source_name": "URE repeater and beacon listings",
    "source_url": "https://www.ure.es/appure/repetidores/repe432_N.php",
    "source_record_id": "repe432_N.php:ED3YAB:439.4250",
    "classification": "IMPORT_READY",
    "band": "432 MHz",
    "origin": "URE",
    "geometry_source": "URE exact site coordinate",
    "vs_production": "NEW",
    "review_reason": null
   }
  },
  {
   "type": "Feature",
   "geometry": {
    "type": "Point",
    "coordinates": [
     2.038693,
     41.682945
    ]
   },
   "properties": {
    "callsign": "ED3YAC",
    "name": null,
    "service_type": "repeater",
    "modes": [
     "FM"
    ],
    "rx_frequency_mhz": 438.8,
    "tx_frequency_mhz": null,
    "offset_mhz": -7.6,
    "ctcss_hz": 110.9,
    "dmr_color_code": null,
    "dmr_network": null,
    "locator": "JN11AQ",
    "municipality": "Sant Llorenç Savall",
    "province": "Barcelona",
    "autonomous_region": "Catalonia",
    "status": "on-air",
    "operator": "R.C. Castellar",
    "notes": "Administrative areas derived from exact URE site coordinates using OpenStreetMap Nominatim. DMR metadata from RadioID withheld pending mode-conflict review.",
    "last_verified_at": "2026-09-13",
    "latitude": 41.682945,
    "longitude": 2.038693,
    "source_name": "URE repeater and beacon listings",
    "source_url": "https://www.ure.es/appure/repetidores/repe432_N.php",
    "source_record_id": "repe432_N.php:ED3YAC:438.8000",
    "classification": "NEEDS_REVIEW",
    "band": "432 MHz",
    "origin": "URE",
    "geometry_source": "URE exact site coordinate",
    "vs_production": "NEW",
    "review_reason": "unresolved URE/RadioID conflict"
   }
  },
  {
   "type": "Feature",
   "geometry": {
    "type": "Point",
    "coordinates": [
     2.116756,
     41.549957
    ]
   },
   "properties": {
    "callsign": "ED3YAD",
    "name": null,
    "service_type": "repeater",
    "modes": [
     "FM"
    ],
    "rx_frequency_mhz": 438.975,
    "tx_frequency_mhz": null,
    "offset_mhz": -7.6,
    "ctcss_hz": null,
    "dmr_color_code": null,
    "dmr_network": null,
    "locator": "JN11BN",
    "municipality": "Sabadell",
    "province": "Barcelona",
    "autonomous_region": "Catalonia",
    "status": "on-air",
    "operator": "Radio Club Sabadell",
    "notes": "Administrative areas derived from exact URE site coordinates using OpenStreetMap Nominatim. DMR metadata from RadioID withheld pending mode-conflict review.",
    "last_verified_at": "2026-09-13",
    "latitude": 41.549957,
    "longitude": 2.116756,
    "source_name": "URE repeater and beacon listings",
    "source_url": "https://www.ure.es/appure/repetidores/repe432_N.php",
    "source_record_id": "repe432_N.php:ED3YAD:438.9750",
    "classification": "NEEDS_REVIEW",
    "band": "432 MHz",
    "origin": "URE",
    "geometry_source": "URE exact site coordinate",
    "vs_production": "NEW",
    "review_reason": "unresolved URE/RadioID conflict"
   }
  },
  {
   "type": "Feature",
   "geometry": {
    "type": "Point",
    "coordinates": [
     1.53564,
     41.847729
    ]
   },
   "properties": {
    "callsign": "ED3YAE",
    "name": null,
    "service_type": "repeater",
    "modes": [
     "FM"
    ],
    "rx_frequency_mhz": 438.675,
    "tx_frequency_mhz": null,
    "offset_mhz": -7.6,
    "ctcss_hz": null,
    "dmr_color_code": null,
    "dmr_network": null,
    "locator": "JN01SU",
    "municipality": "Pinós",
    "province": "Lleida",
    "autonomous_region": "Catalonia",
    "status": null,
    "operator": "Asociación de Radioaficionados Solsonés",
    "notes": "Administrative areas derived from exact URE site coordinates using OpenStreetMap Nominatim.",
    "last_verified_at": "2026-09-13",
    "latitude": 41.847729,
    "longitude": 1.53564,
    "source_name": "URE repeater and beacon listings",
    "source_url": "https://www.ure.es/appure/repetidores/repe432_N.php",
    "source_record_id": "repe432_N.php:ED3YAE:438.6750",
    "classification": "IMPORT_READY",
    "band": "432 MHz",
    "origin": "URE",
    "geometry_source": "URE exact site coordinate",
    "vs_production": "NEW",
    "review_reason": null
   }
  },
  {
   "type": "Feature",
   "geometry": {
    "type": "Point",
    "coordinates": [
     0.343889,
     40.803611
    ]
   },
   "properties": {
    "callsign": "ED3YAH",
    "name": null,
    "service_type": "repeater",
    "modes": [
     "FM"
    ],
    "rx_frequency_mhz": 439.275,
    "tx_frequency_mhz": null,
    "offset_mhz": -7.6,
    "ctcss_hz": 88.5,
    "dmr_color_code": null,
    "dmr_network": null,
    "locator": "JN00ET",
    "municipality": "Roquetes",
    "province": "Tarragona",
    "autonomous_region": "Catalonia",
    "status": null,
    "operator": "AMIRED",
    "notes": "Administrative areas derived from exact URE site coordinates using OpenStreetMap Nominatim.",
    "last_verified_at": "2026-09-13",
    "latitude": 40.803611,
    "longitude": 0.343889,
    "source_name": "URE repeater and beacon listings",
    "source_url": "https://www.ure.es/appure/repetidores/repe432_N.php",
    "source_record_id": "repe432_N.php:ED3YAH:439.2750",
    "classification": "IMPORT_READY",
    "band": "432 MHz",
    "origin": "URE",
    "geometry_source": "URE exact site coordinate",
    "vs_production": "NEW",
    "review_reason": null
   }
  },
  {
   "type": "Feature",
   "geometry": {
    "type": "Point",
    "coordinates": [
     1.892778,
     42.321111
    ]
   },
   "properties": {
    "callsign": "ED3YAI",
    "name": null,
    "service_type": "repeater",
    "modes": [
     "FM"
    ],
    "rx_frequency_mhz": 439.375,
    "tx_frequency_mhz": null,
    "offset_mhz": -7.6,
    "ctcss_hz": 88.5,
    "dmr_color_code": null,
    "dmr_network": null,
    "locator": "JN02WH",
    "municipality": "Das",
    "province": "Girona",
    "autonomous_region": "Catalonia",
    "status": "on-air",
    "operator": "AMIRED",
    "notes": "Administrative areas derived from exact URE site coordinates using OpenStreetMap Nominatim. DMR metadata from RadioID withheld pending mode-conflict review.",
    "last_verified_at": "2026-09-13",
    "latitude": 42.321111,
    "longitude": 1.892778,
    "source_name": "URE repeater and beacon listings",
    "source_url": "https://www.ure.es/appure/repetidores/repe432_N.php",
    "source_record_id": "repe432_N.php:ED3YAI:439.3750",
    "classification": "NEEDS_REVIEW",
    "band": "432 MHz",
    "origin": "URE",
    "geometry_source": "URE exact site coordinate",
    "vs_production": "NEW",
    "review_reason": "unresolved URE/RadioID conflict"
   }
  },
  {
   "type": "Feature",
   "geometry": {
    "type": "Point",
    "coordinates": [
     2.369528,
     41.936573
    ]
   },
   "properties": {
    "callsign": "ED3YAM",
    "name": null,
    "service_type": "repeater",
    "modes": [
     "FM"
    ],
    "rx_frequency_mhz": 438.775,
    "tx_frequency_mhz": null,
    "offset_mhz": -7.6,
    "ctcss_hz": 88.5,
    "dmr_color_code": null,
    "dmr_network": null,
    "locator": "JN11EW",
    "municipality": "Tavèrnoles",
    "province": "Barcelona",
    "autonomous_region": "Catalonia",
    "status": null,
    "operator": "URE Osona",
    "notes": "Administrative areas derived from exact URE site coordinates using OpenStreetMap Nominatim.",
    "last_verified_at": "2026-09-13",
    "latitude": 41.936573,
    "longitude": 2.369528,
    "source_name": "URE repeater and beacon listings",
    "source_url": "https://www.ure.es/appure/repetidores/repe432_N.php",
    "source_record_id": "repe432_N.php:ED3YAM:438.7750",
    "classification": "IMPORT_READY",
    "band": "432 MHz",
    "origin": "URE",
    "geometry_source": "URE exact site coordinate",
    "vs_production": "NEW",
    "review_reason": null
   }
  },
  {
   "type": "Feature",
   "geometry": {
    "type": "Point",
    "coordinates": [
     2.116714,
     41.383377
    ]
   },
   "properties": {
    "callsign": "ED3YAN",
    "name": null,
    "service_type": "repeater",
    "modes": [
     "FM"
    ],
    "rx_frequency_mhz": 439.125,
    "tx_frequency_mhz": null,
    "offset_mhz": -7.6,
    "ctcss_hz": 114.8,
    "dmr_color_code": null,
    "dmr_network": null,
    "locator": "JN11BJ",
    "municipality": "Barcelona",
    "province": "Barcelona",
    "autonomous_region": "Catalonia",
    "status": null,
    "operator": "URE Barcelona",
    "notes": "Administrative areas derived from exact URE site coordinates using OpenStreetMap Nominatim.",
    "last_verified_at": "2026-09-13",
    "latitude": 41.383377,
    "longitude": 2.116714,
    "source_name": "URE repeater and beacon listings",
    "source_url": "https://www.ure.es/appure/repetidores/repe432_N.php",
    "source_record_id": "repe432_N.php:ED3YAN:439.1250",
    "classification": "IMPORT_READY",
    "band": "432 MHz",
    "origin": "URE",
    "geometry_source": "URE exact site coordinate",
    "vs_production": "NEW",
    "review_reason": null
   }
  },
  {
   "type": "Feature",
   "geometry": {
    "type": "Point",
    "coordinates": [
     2.116756,
     41.350044
    ]
   },
   "properties": {
    "callsign": "ED3YAO",
    "name": null,
    "service_type": "repeater",
    "modes": [
     "FM"
    ],
    "rx_frequency_mhz": 438.875,
    "tx_frequency_mhz": null,
    "offset_mhz": -7.6,
    "ctcss_hz": 123.0,
    "dmr_color_code": null,
    "dmr_network": null,
    "locator": "JN11BI",
    "municipality": "l'Hospitalet de Llobregat",
    "province": "Barcelona",
    "autonomous_region": "Catalonia",
    "status": null,
    "operator": "R.C. Quijotes Internacionales",
    "notes": "Administrative areas derived from exact URE site coordinates using OpenStreetMap Nominatim.",
    "last_verified_at": "2026-09-13",
    "latitude": 41.350044,
    "longitude": 2.116756,
    "source_name": "URE repeater and beacon listings",
    "source_url": "https://www.ure.es/appure/repetidores/repe432_N.php",
    "source_record_id": "repe432_N.php:ED3YAO:438.8750",
    "classification": "IMPORT_READY",
    "band": "432 MHz",
    "origin": "URE",
    "geometry_source": "URE exact site coordinate",
    "vs_production": "NEW",
    "review_reason": null
   }
  },
  {
   "type": "Feature",
   "geometry": {
    "type": "Point",
    "coordinates": [
     2.116756,
     41.350044
    ]
   },
   "properties": {
    "callsign": "ED3YAP",
    "name": null,
    "service_type": "repeater",
    "modes": [
     "FM"
    ],
    "rx_frequency_mhz": 438.9,
    "tx_frequency_mhz": null,
    "offset_mhz": -7.6,
    "ctcss_hz": 107.2,
    "dmr_color_code": null,
    "dmr_network": null,
    "locator": "JN12LG",
    "municipality": "l'Hospitalet de Llobregat",
    "province": "Barcelona",
    "autonomous_region": "Catalonia",
    "status": null,
    "operator": "Sección URE Alt Empordá",
    "notes": "Administrative areas derived from exact URE site coordinates using OpenStreetMap Nominatim.",
    "last_verified_at": "2026-09-13",
    "latitude": 41.350044,
    "longitude": 2.116756,
    "source_name": "URE repeater and beacon listings",
    "source_url": "https://www.ure.es/appure/repetidores/repe432_N.php",
    "source_record_id": "repe432_N.php:ED3YAP:438.9000",
    "classification": "IMPORT_READY",
    "band": "432 MHz",
    "origin": "URE",
    "geometry_source": "URE exact site coordinate",
    "vs_production": "NEW",
    "review_reason": null
   }
  },
  {
   "type": "Feature",
   "geometry": {
    "type": "Point",
    "coordinates": [
     2.726326,
     41.652905
    ]
   },
   "properties": {
    "callsign": "ED3YAS",
    "name": null,
    "service_type": "repeater",
    "modes": [
     "FM"
    ],
    "rx_frequency_mhz": 438.95,
    "tx_frequency_mhz": null,
    "offset_mhz": -7.6,
    "ctcss_hz": null,
    "dmr_color_code": null,
    "dmr_network": null,
    "locator": "JN11JP",
    "municipality": "Malgrat de Mar",
    "province": "Barcelona",
    "autonomous_region": "Catalonia",
    "status": null,
    "operator": "URE La Selva",
    "notes": "Administrative areas derived from exact URE site coordinates using OpenStreetMap Nominatim.",
    "last_verified_at": "2026-09-13",
    "latitude": 41.652905,
    "longitude": 2.726326,
    "source_name": "URE repeater and beacon listings",
    "source_url": "https://www.ure.es/appure/repetidores/repe432_N.php",
    "source_record_id": "repe432_N.php:ED3YAS:438.9500",
    "classification": "IMPORT_READY",
    "band": "432 MHz",
    "origin": "URE",
    "geometry_source": "URE exact site coordinate",
    "vs_production": "NEW",
    "review_reason": null
   }
  },
  {
   "type": "Feature",
   "geometry": {
    "type": "Point",
    "coordinates": [
     2.249722,
     41.452778
    ]
   },
   "properties": {
    "callsign": "ED3YAT",
    "name": null,
    "service_type": "repeater",
    "modes": [
     "FM"
    ],
    "rx_frequency_mhz": 438.925,
    "tx_frequency_mhz": null,
    "offset_mhz": -7.6,
    "ctcss_hz": 79.7,
    "dmr_color_code": null,
    "dmr_network": null,
    "locator": "JN11CK",
    "municipality": "Badalona",
    "province": "Barcelona",
    "autonomous_region": "Catalonia",
    "status": null,
    "operator": "URE Badalona",
    "notes": "Administrative areas derived from exact URE site coordinates using OpenStreetMap Nominatim.",
    "last_verified_at": "2026-09-13",
    "latitude": 41.452778,
    "longitude": 2.249722,
    "source_name": "URE repeater and beacon listings",
    "source_url": "https://www.ure.es/appure/repetidores/repe432_N.php",
    "source_record_id": "repe432_N.php:ED3YAT:438.9250",
    "classification": "IMPORT_READY",
    "band": "432 MHz",
    "origin": "URE",
    "geometry_source": "URE exact site coordinate",
    "vs_production": "NEW",
    "review_reason": null
   }
  },
  {
   "type": "Feature",
   "geometry": {
    "type": "Point",
    "coordinates": [
     0.781403,
     42.041134
    ]
   },
   "properties": {
    "callsign": "ED3YAV",
    "name": null,
    "service_type": "repeater",
    "modes": [
     "FM"
    ],
    "rx_frequency_mhz": 438.75,
    "tx_frequency_mhz": null,
    "offset_mhz": -7.6,
    "ctcss_hz": null,
    "dmr_color_code": null,
    "dmr_network": null,
    "locator": "JN02JA",
    "municipality": "Àger",
    "province": "Lleida",
    "autonomous_region": "Catalonia",
    "status": "on-air",
    "operator": "R.C. Lleida",
    "notes": "Administrative areas derived from exact URE site coordinates using OpenStreetMap Nominatim. DMR metadata from RadioID withheld pending mode-conflict review.",
    "last_verified_at": "2026-09-13",
    "latitude": 42.041134,
    "longitude": 0.781403,
    "source_name": "URE repeater and beacon listings",
    "source_url": "https://www.ure.es/appure/repetidores/repe432_N.php",
    "source_record_id": "repe432_N.php:ED3YAV:438.7500",
    "classification": "NEEDS_REVIEW",
    "band": "432 MHz",
    "origin": "URE",
    "geometry_source": "URE exact site coordinate",
    "vs_production": "NEW",
    "review_reason": "unresolved URE/RadioID conflict"
   }
  },
  {
   "type": "Feature",
   "geometry": {
    "type": "Point",
    "coordinates": [
     3.033128,
     41.848816
    ]
   },
   "properties": {
    "callsign": "ED3YBC",
    "name": null,
    "service_type": "repeater",
    "modes": [
     "FM"
    ],
    "rx_frequency_mhz": 438.7,
    "tx_frequency_mhz": null,
    "offset_mhz": -7.6,
    "ctcss_hz": null,
    "dmr_color_code": null,
    "dmr_network": null,
    "locator": "JN11MU",
    "municipality": "Calonge i Sant Antoni",
    "province": "Girona",
    "autonomous_region": "Catalonia",
    "status": "on-air",
    "operator": "URE Baix Empordá",
    "notes": "Administrative areas derived from exact URE site coordinates using OpenStreetMap Nominatim. DMR metadata from RadioID withheld pending mode-conflict review.",
    "last_verified_at": "2026-09-13",
    "latitude": 41.848816,
    "longitude": 3.033128,
    "source_name": "URE repeater and beacon listings",
    "source_url": "https://www.ure.es/appure/repetidores/repe432_N.php",
    "source_record_id": "repe432_N.php:ED3YBC:438.7000",
    "classification": "NEEDS_REVIEW",
    "band": "432 MHz",
    "origin": "URE",
    "geometry_source": "URE exact site coordinate",
    "vs_production": "NEW",
    "review_reason": "unresolved URE/RadioID conflict"
   }
  },
  {
   "type": "Feature",
   "geometry": {
    "type": "Point",
    "coordinates": [
     1.8275,
     42.107778
    ]
   },
   "properties": {
    "callsign": "ED3YBH",
    "name": null,
    "service_type": "repeater",
    "modes": [
     "FM"
    ],
    "rx_frequency_mhz": 438.725,
    "tx_frequency_mhz": null,
    "offset_mhz": -7.6,
    "ctcss_hz": 77.0,
    "dmr_color_code": null,
    "dmr_network": null,
    "locator": "JN02VC",
    "municipality": "Berga",
    "province": "Barcelona",
    "autonomous_region": "Catalonia",
    "status": null,
    "operator": "Associació de Radioaficionats Club La Baells",
    "notes": "Administrative areas derived from exact URE site coordinates using OpenStreetMap Nominatim.",
    "last_verified_at": "2026-09-13",
    "latitude": 42.107778,
    "longitude": 1.8275,
    "source_name": "URE repeater and beacon listings",
    "source_url": "https://www.ure.es/appure/repetidores/repe432_N.php",
    "source_record_id": "repe432_N.php:ED3YBH:438.7250",
    "classification": "IMPORT_READY",
    "band": "432 MHz",
    "origin": "URE",
    "geometry_source": "URE exact site coordinate",
    "vs_production": "NEW",
    "review_reason": null
   }
  },
  {
   "type": "Feature",
   "geometry": {
    "type": "Point",
    "coordinates": [
     -3.630556,
     39.222222
    ]
   },
   "properties": {
    "callsign": "ED4YAA",
    "name": null,
    "service_type": "repeater",
    "modes": [
     "FM"
    ],
    "rx_frequency_mhz": 438.7,
    "tx_frequency_mhz": null,
    "offset_mhz": -7.6,
    "ctcss_hz": 77.0,
    "dmr_color_code": null,
    "dmr_network": null,
    "locator": "IM89EF",
    "municipality": "Villarrubia de los Ojos",
    "province": "Ciudad Real",
    "autonomous_region": "Castile-La Mancha",
    "status": null,
    "operator": "Subtono 77.0 Hz URE Ciudad Real",
    "notes": "Administrative areas derived from exact URE site coordinates using OpenStreetMap Nominatim.",
    "last_verified_at": "2026-09-13",
    "latitude": 39.222222,
    "longitude": -3.630556,
    "source_name": "URE repeater and beacon listings",
    "source_url": "https://www.ure.es/appure/repetidores/repe432_N.php",
    "source_record_id": "repe432_N.php:ED4YAA:438.7000",
    "classification": "IMPORT_READY",
    "band": "432 MHz",
    "origin": "URE",
    "geometry_source": "URE exact site coordinate",
    "vs_production": "NEW",
    "review_reason": null
   }
  },
  {
   "type": "Feature",
   "geometry": {
    "type": "Point",
    "coordinates": [
     -3.769066,
     40.320393
    ]
   },
   "properties": {
    "callsign": "ED4YAB",
    "name": null,
    "service_type": "repeater",
    "modes": [
     "FM"
    ],
    "rx_frequency_mhz": 438.65,
    "tx_frequency_mhz": null,
    "offset_mhz": -7.6,
    "ctcss_hz": null,
    "dmr_color_code": null,
    "dmr_network": null,
    "locator": "IN80CH",
    "municipality": "Leganés",
    "province": null,
    "autonomous_region": "Community of Madrid",
    "status": null,
    "operator": "URE Leganés",
    "notes": "Administrative areas derived from exact URE site coordinates using OpenStreetMap Nominatim.",
    "last_verified_at": "2026-09-13",
    "latitude": 40.320393,
    "longitude": -3.769066,
    "source_name": "URE repeater and beacon listings",
    "source_url": "https://www.ure.es/appure/repetidores/repe432_N.php",
    "source_record_id": "repe432_N.php:ED4YAB:438.6500",
    "classification": "IMPORT_READY",
    "band": "432 MHz",
    "origin": "URE",
    "geometry_source": "URE exact site coordinate",
    "vs_production": "NEW",
    "review_reason": null
   }
  },
  {
   "type": "Feature",
   "geometry": {
    "type": "Point",
    "coordinates": [
     -1.783347,
     40.183365
    ]
   },
   "properties": {
    "callsign": "ED4YAF",
    "name": null,
    "service_type": "repeater",
    "modes": [
     "FM"
    ],
    "rx_frequency_mhz": 439.025,
    "tx_frequency_mhz": null,
    "offset_mhz": -7.6,
    "ctcss_hz": null,
    "dmr_color_code": null,
    "dmr_network": null,
    "locator": "IN90CE",
    "municipality": "Valdemoro-Sierra",
    "province": "Cuenca",
    "autonomous_region": "Castile-La Mancha",
    "status": null,
    "operator": "URE Cuenca",
    "notes": "Administrative areas derived from exact URE site coordinates using OpenStreetMap Nominatim.",
    "last_verified_at": "2026-09-13",
    "latitude": 40.183365,
    "longitude": -1.783347,
    "source_name": "URE repeater and beacon listings",
    "source_url": "https://www.ure.es/appure/repetidores/repe432_N.php",
    "source_record_id": "repe432_N.php:ED4YAF:439.0250",
    "classification": "IMPORT_READY",
    "band": "432 MHz",
    "origin": "URE",
    "geometry_source": "URE exact site coordinate",
    "vs_production": "NEW",
    "review_reason": null
   }
  },
  {
   "type": "Feature",
   "geometry": {
    "type": "Point",
    "coordinates": [
     -4.158889,
     39.020278
    ]
   },
   "properties": {
    "callsign": "ED4YAI",
    "name": null,
    "service_type": "repeater",
    "modes": [
     "FM"
    ],
    "rx_frequency_mhz": 439.3,
    "tx_frequency_mhz": null,
    "offset_mhz": -7.6,
    "ctcss_hz": null,
    "dmr_color_code": null,
    "dmr_network": null,
    "locator": "IN79VA",
    "municipality": "Piedrabuena",
    "province": "Ciudad Real",
    "autonomous_region": "Castile-La Mancha",
    "status": null,
    "operator": "URE Ciudad Real",
    "notes": "Administrative areas derived from exact URE site coordinates using OpenStreetMap Nominatim.",
    "last_verified_at": "2026-09-13",
    "latitude": 39.020278,
    "longitude": -4.158889,
    "source_name": "URE repeater and beacon listings",
    "source_url": "https://www.ure.es/appure/repetidores/repe432_N.php",
    "source_record_id": "repe432_N.php:ED4YAI:439.3000",
    "classification": "IMPORT_READY",
    "band": "432 MHz",
    "origin": "URE",
    "geometry_source": "URE exact site coordinate",
    "vs_production": "NEW",
    "review_reason": null
   }
  },
  {
   "type": "Feature",
   "geometry": {
    "type": "Point",
    "coordinates": [
     -3.4025,
     40.456389
    ]
   },
   "properties": {
    "callsign": "ED4YAJ",
    "name": null,
    "service_type": "repeater",
    "modes": [
     "FM"
    ],
    "rx_frequency_mhz": 439.0,
    "tx_frequency_mhz": null,
    "offset_mhz": -7.6,
    "ctcss_hz": 67.0,
    "dmr_color_code": null,
    "dmr_network": null,
    "locator": "IN80HK",
    "municipality": "Torres de la Alameda",
    "province": null,
    "autonomous_region": "Community of Madrid",
    "status": null,
    "operator": "Sección URE Jarama",
    "notes": "Administrative areas derived from exact URE site coordinates using OpenStreetMap Nominatim.",
    "last_verified_at": "2026-09-13",
    "latitude": 40.456389,
    "longitude": -3.4025,
    "source_name": "URE repeater and beacon listings",
    "source_url": "https://www.ure.es/appure/repetidores/repe432_N.php",
    "source_record_id": "repe432_N.php:ED4YAJ:439.0000",
    "classification": "IMPORT_READY",
    "band": "432 MHz",
    "origin": "URE",
    "geometry_source": "URE exact site coordinate",
    "vs_production": "NEW",
    "review_reason": null
   }
  },
  {
   "type": "Feature",
   "geometry": {
    "type": "Point",
    "coordinates": [
     -3.55335,
     40.418079
    ]
   },
   "properties": {
    "callsign": "ED4YAK",
    "name": null,
    "service_type": "repeater",
    "modes": [
     "FM"
    ],
    "rx_frequency_mhz": 439.2,
    "tx_frequency_mhz": null,
    "offset_mhz": -7.6,
    "ctcss_hz": 82.5,
    "dmr_color_code": null,
    "dmr_network": null,
    "locator": "IN80FK",
    "municipality": "Coslada",
    "province": null,
    "autonomous_region": "Community of Madrid",
    "status": null,
    "operator": "Radio Club Henares",
    "notes": "Administrative areas derived from exact URE site coordinates using OpenStreetMap Nominatim.",
    "last_verified_at": "2026-09-13",
    "latitude": 40.418079,
    "longitude": -3.55335,
    "source_name": "URE repeater and beacon listings",
    "source_url": "https://www.ure.es/appure/repetidores/repe432_N.php",
    "source_record_id": "repe432_N.php:ED4YAK:439.2000",
    "classification": "IMPORT_READY",
    "band": "432 MHz",
    "origin": "URE",
    "geometry_source": "URE exact site coordinate",
    "vs_production": "NEW",
    "review_reason": null
   }
  },
  {
   "type": "Feature",
   "geometry": {
    "type": "Point",
    "coordinates": [
     -3.979473,
     40.784682
    ]
   },
   "properties": {
    "callsign": "ED4YAN",
    "name": null,
    "service_type": "repeater",
    "modes": [],
    "rx_frequency_mhz": 438.95,
    "tx_frequency_mhz": null,
    "offset_mhz": -7.6,
    "ctcss_hz": 100.0,
    "dmr_color_code": null,
    "dmr_network": null,
    "locator": "IN80AS",
    "municipality": "Manzanares el Real",
    "province": null,
    "autonomous_region": "Community of Madrid",
    "status": null,
    "operator": "URE Sección Local de Madrid",
    "notes": "URE listing does not state an operating mode. Administrative areas derived from exact URE site coordinates using OpenStreetMap Nominatim.",
    "last_verified_at": "2026-09-13",
    "latitude": 40.784682,
    "longitude": -3.979473,
    "source_name": "URE repeater and beacon listings",
    "source_url": "https://www.ure.es/appure/repetidores/repe432_N.php",
    "source_record_id": "repe432_N.php:ED4YAN:438.9500",
    "classification": "IMPORT_READY",
    "band": "432 MHz",
    "origin": "URE",
    "geometry_source": "URE exact site coordinate",
    "vs_production": "NEW",
    "review_reason": null
   }
  },
  {
   "type": "Feature",
   "geometry": {
    "type": "Point",
    "coordinates": [
     -6.125006,
     39.217861
    ]
   },
   "properties": {
    "callsign": "ED4YAQ",
    "name": null,
    "service_type": "repeater",
    "modes": [
     "FM"
    ],
    "rx_frequency_mhz": 439.2,
    "tx_frequency_mhz": null,
    "offset_mhz": -7.6,
    "ctcss_hz": 88.5,
    "dmr_color_code": null,
    "dmr_network": null,
    "locator": "IM69WF",
    "municipality": "Montánchez",
    "province": "Cáceres",
    "autonomous_region": "Extremadura",
    "status": null,
    "operator": "RC Francisco de Orellana",
    "notes": "Administrative areas derived from exact URE site coordinates using OpenStreetMap Nominatim.",
    "last_verified_at": "2026-09-13",
    "latitude": 39.217861,
    "longitude": -6.125006,
    "source_name": "URE repeater and beacon listings",
    "source_url": "https://www.ure.es/appure/repetidores/repe432_N.php",
    "source_record_id": "repe432_N.php:ED4YAQ:439.2000",
    "classification": "IMPORT_READY",
    "band": "432 MHz",
    "origin": "URE",
    "geometry_source": "URE exact site coordinate",
    "vs_production": "NEW",
    "review_reason": null
   }
  },
  {
   "type": "Feature",
   "geometry": {
    "type": "Point",
    "coordinates": [
     -5.491167,
     39.036
    ]
   },
   "properties": {
    "callsign": "ED4YAR",
    "name": null,
    "service_type": "repeater",
    "modes": [
     "FM"
    ],
    "rx_frequency_mhz": 439.3,
    "tx_frequency_mhz": null,
    "offset_mhz": -7.6,
    "ctcss_hz": 88.5,
    "dmr_color_code": null,
    "dmr_network": null,
    "locator": "IM79GA",
    "municipality": "Orellana de la Sierra",
    "province": "Badajoz",
    "autonomous_region": "Extremadura",
    "status": null,
    "operator": "RC Francisco de Orellana",
    "notes": "Administrative areas derived from exact URE site coordinates using OpenStreetMap Nominatim.",
    "last_verified_at": "2026-09-13",
    "latitude": 39.036,
    "longitude": -5.491167,
    "source_name": "URE repeater and beacon listings",
    "source_url": "https://www.ure.es/appure/repetidores/repe432_N.php",
    "source_record_id": "repe432_N.php:ED4YAR:439.3000",
    "classification": "IMPORT_READY",
    "band": "432 MHz",
    "origin": "URE",
    "geometry_source": "URE exact site coordinate",
    "vs_production": "NEW",
    "review_reason": null
   }
  },
  {
   "type": "Feature",
   "geometry": {
    "type": "Point",
    "coordinates": [
     -2.120954,
     40.08709
    ]
   },
   "properties": {
    "callsign": "ED4YAU",
    "name": null,
    "service_type": "repeater",
    "modes": [
     "FM"
    ],
    "rx_frequency_mhz": 439.425,
    "tx_frequency_mhz": null,
    "offset_mhz": -7.6,
    "ctcss_hz": null,
    "dmr_color_code": null,
    "dmr_network": null,
    "locator": "IN80WC",
    "municipality": "Cuenca",
    "province": "Cuenca",
    "autonomous_region": "Castile-La Mancha",
    "status": null,
    "operator": "URE Cuenca",
    "notes": "Administrative areas derived from exact URE site coordinates using OpenStreetMap Nominatim.",
    "last_verified_at": "2026-09-13",
    "latitude": 40.08709,
    "longitude": -2.120954,
    "source_name": "URE repeater and beacon listings",
    "source_url": "https://www.ure.es/appure/repetidores/repe432_N.php",
    "source_record_id": "repe432_N.php:ED4YAU:439.4250",
    "classification": "IMPORT_READY",
    "band": "432 MHz",
    "origin": "URE",
    "geometry_source": "URE exact site coordinate",
    "vs_production": "NEW",
    "review_reason": null
   }
  },
  {
   "type": "Feature",
   "geometry": {
    "type": "Point",
    "coordinates": [
     -4.740955,
     40.151811
    ]
   },
   "properties": {
    "callsign": "ED4YAV",
    "name": null,
    "service_type": "repeater",
    "modes": [
     "FM"
    ],
    "rx_frequency_mhz": 438.75,
    "tx_frequency_mhz": null,
    "offset_mhz": -7.6,
    "ctcss_hz": 67.0,
    "dmr_color_code": null,
    "dmr_network": null,
    "locator": "IN70PD",
    "municipality": "Navamorcuende",
    "province": "Toledo",
    "autonomous_region": "Castile-La Mancha",
    "status": null,
    "operator": "URE Talavera de la Reina",
    "notes": "Administrative areas derived from exact URE site coordinates using OpenStreetMap Nominatim.",
    "last_verified_at": "2026-09-13",
    "latitude": 40.151811,
    "longitude": -4.740955,
    "source_name": "URE repeater and beacon listings",
    "source_url": "https://www.ure.es/appure/repetidores/repe432_N.php",
    "source_record_id": "repe432_N.php:ED4YAV:438.7500",
    "classification": "IMPORT_READY",
    "band": "432 MHz",
    "origin": "URE",
    "geometry_source": "URE exact site coordinate",
    "vs_production": "NEW",
    "review_reason": null
   }
  },
  {
   "type": "Feature",
   "geometry": {
    "type": "Point",
    "coordinates": [
     -4.140928,
     40.710224
    ]
   },
   "properties": {
    "callsign": "ED4YAW",
    "name": null,
    "service_type": "repeater",
    "modes": [
     "FM"
    ],
    "rx_frequency_mhz": 438.9,
    "tx_frequency_mhz": null,
    "offset_mhz": -7.6,
    "ctcss_hz": null,
    "dmr_color_code": null,
    "dmr_network": null,
    "locator": "IN70WR",
    "municipality": "El Espinar",
    "province": "Segovia",
    "autonomous_region": "Castile and León",
    "status": null,
    "operator": "URE Sierra de Guadarrama",
    "notes": "Administrative areas derived from exact URE site coordinates using OpenStreetMap Nominatim.",
    "last_verified_at": "2026-09-13",
    "latitude": 40.710224,
    "longitude": -4.140928,
    "source_name": "URE repeater and beacon listings",
    "source_url": "https://www.ure.es/appure/repetidores/repe432_N.php",
    "source_record_id": "repe432_N.php:ED4YAW:438.9000",
    "classification": "IMPORT_READY",
    "band": "432 MHz",
    "origin": "URE",
    "geometry_source": "URE exact site coordinate",
    "vs_production": "NEW",
    "review_reason": null
   }
  },
  {
   "type": "Feature",
   "geometry": {
    "type": "Point",
    "coordinates": [
     -4.050274,
     39.842787
    ]
   },
   "properties": {
    "callsign": "ED4YAY",
    "name": null,
    "service_type": "repeater",
    "modes": [
     "FM"
    ],
    "rx_frequency_mhz": 438.725,
    "tx_frequency_mhz": null,
    "offset_mhz": -7.6,
    "ctcss_hz": null,
    "dmr_color_code": null,
    "dmr_network": null,
    "locator": "IM79XU",
    "municipality": "Toledo",
    "province": "Toledo",
    "autonomous_region": "Castile-La Mancha",
    "status": null,
    "operator": "URE Toledo",
    "notes": "Administrative areas derived from exact URE site coordinates using OpenStreetMap Nominatim.",
    "last_verified_at": "2026-09-13",
    "latitude": 39.842787,
    "longitude": -4.050274,
    "source_name": "URE repeater and beacon listings",
    "source_url": "https://www.ure.es/appure/repetidores/repe432_N.php",
    "source_record_id": "repe432_N.php:ED4YAY:438.7250",
    "classification": "IMPORT_READY",
    "band": "432 MHz",
    "origin": "URE",
    "geometry_source": "URE exact site coordinate",
    "vs_production": "NEW",
    "review_reason": null
   }
  },
  {
   "type": "Feature",
   "geometry": {
    "type": "Point",
    "coordinates": [
     -3.605278,
     40.888333
    ]
   },
   "properties": {
    "callsign": "ED4ZAA",
    "name": null,
    "service_type": "repeater",
    "modes": [
     "DMR",
     "FM"
    ],
    "rx_frequency_mhz": 438.475,
    "tx_frequency_mhz": null,
    "offset_mhz": -7.6,
    "ctcss_hz": null,
    "dmr_color_code": 1,
    "dmr_network": "BrandMeister",
    "locator": "IN80EV",
    "municipality": "Lozoyuela-Navas-Sieteiglesias",
    "province": null,
    "autonomous_region": "Community of Madrid",
    "status": "on-air",
    "operator": "URE Alcorcón",
    "notes": "Administrative areas derived from exact URE site coordinates using OpenStreetMap Nominatim. DMR metadata enriched from RadioID: color_code=1, network=BrandMeister; RadioID identity_id 768; principal source remains URE. Status on-air from RadioID.",
    "last_verified_at": "2026-09-13",
    "latitude": 40.888333,
    "longitude": -3.605278,
    "source_name": "URE repeater and beacon listings",
    "source_url": "https://www.ure.es/appure/repetidores/repe432_N.php",
    "source_record_id": "repe432_N.php:ED4ZAA:438.4750",
    "classification": "IMPORT_READY",
    "band": "432 MHz",
    "origin": "URE",
    "geometry_source": "URE exact site coordinate",
    "vs_production": "NEW",
    "review_reason": null
   }
  },
  {
   "type": "Feature",
   "geometry": {
    "type": "Point",
    "coordinates": [
     -5.756667,
     39.7225
    ]
   },
   "properties": {
    "callsign": "ED4ZAB",
    "name": null,
    "service_type": "repeater",
    "modes": [
     "DMR",
     "FM"
    ],
    "rx_frequency_mhz": 438.325,
    "tx_frequency_mhz": null,
    "offset_mhz": -7.6,
    "ctcss_hz": null,
    "dmr_color_code": 1,
    "dmr_network": "BrandMeister",
    "locator": "IM79DR",
    "municipality": "Casas de Miravete",
    "province": "Cáceres",
    "autonomous_region": "Extremadura",
    "status": "on-air",
    "operator": "URE Alcorcón",
    "notes": "Administrative areas derived from exact URE site coordinates using OpenStreetMap Nominatim. DMR metadata enriched from RadioID: color_code=1, network=BrandMeister; RadioID identity_id 764; principal source remains URE. Status on-air from RadioID.",
    "last_verified_at": "2026-09-13",
    "latitude": 39.7225,
    "longitude": -5.756667,
    "source_name": "URE repeater and beacon listings",
    "source_url": "https://www.ure.es/appure/repetidores/repe432_N.php",
    "source_record_id": "repe432_N.php:ED4ZAB:438.3250",
    "classification": "IMPORT_READY",
    "band": "432 MHz",
    "origin": "URE",
    "geometry_source": "URE exact site coordinate",
    "vs_production": "NEW",
    "review_reason": null
   }
  },
  {
   "type": "Feature",
   "geometry": {
    "type": "Point",
    "coordinates": [
     -2.142333,
     40.0825
    ]
   },
   "properties": {
    "callsign": "ED4ZAD",
    "name": null,
    "service_type": "repeater",
    "modes": [
     "D-Star",
     "FM"
    ],
    "rx_frequency_mhz": 438.375,
    "tx_frequency_mhz": null,
    "offset_mhz": -7.6,
    "ctcss_hz": null,
    "dmr_color_code": null,
    "dmr_network": null,
    "locator": "IN80WC",
    "municipality": "Cuenca",
    "province": "Cuenca",
    "autonomous_region": "Castile-La Mancha",
    "status": null,
    "operator": "URE Cuenca",
    "notes": "Administrative areas derived from exact URE site coordinates using OpenStreetMap Nominatim.",
    "last_verified_at": "2026-09-13",
    "latitude": 40.0825,
    "longitude": -2.142333,
    "source_name": "URE repeater and beacon listings",
    "source_url": "https://www.ure.es/appure/repetidores/repe432_N.php",
    "source_record_id": "repe432_N.php:ED4ZAD:438.3750",
    "classification": "IMPORT_READY",
    "band": "432 MHz",
    "origin": "URE",
    "geometry_source": "URE exact site coordinate",
    "vs_production": "NEW",
    "review_reason": null
   }
  },
  {
   "type": "Feature",
   "geometry": {
    "type": "Point",
    "coordinates": [
     -3.705,
     40.332778
    ]
   },
   "properties": {
    "callsign": "ED4ZAG",
    "name": null,
    "service_type": "repeater",
    "modes": [
     "DMR"
    ],
    "rx_frequency_mhz": 438.3,
    "tx_frequency_mhz": null,
    "offset_mhz": -0.0076,
    "ctcss_hz": null,
    "dmr_color_code": 1,
    "dmr_network": "BrandMeister",
    "locator": "IN80DH",
    "municipality": "Madrid",
    "province": null,
    "autonomous_region": "Community of Madrid",
    "status": "on-air",
    "operator": "URE Alcorcón",
    "notes": "Administrative areas derived from exact URE site coordinates using OpenStreetMap Nominatim. DMR metadata enriched from RadioID: color_code=1, network=BrandMeister; RadioID identity_id 659; principal source remains URE. Status on-air from RadioID.",
    "last_verified_at": "2026-09-13",
    "latitude": 40.332778,
    "longitude": -3.705,
    "source_name": "URE repeater and beacon listings",
    "source_url": "https://www.ure.es/appure/repetidores/repe432_N.php",
    "source_record_id": "repe432_N.php:ED4ZAG:438.3000",
    "classification": "NEEDS_REVIEW",
    "band": "432 MHz",
    "origin": "URE",
    "geometry_source": "URE exact site coordinate",
    "vs_production": "NEW",
    "review_reason": "unresolved URE/RadioID conflict"
   }
  },
  {
   "type": "Feature",
   "geometry": {
    "type": "Point",
    "coordinates": [
     -4.116667,
     40.683333
    ]
   },
   "properties": {
    "callsign": "ED4ZAH",
    "name": null,
    "service_type": "repeater",
    "modes": [
     "D-Star"
    ],
    "rx_frequency_mhz": 438.35,
    "tx_frequency_mhz": null,
    "offset_mhz": -0.0076,
    "ctcss_hz": null,
    "dmr_color_code": null,
    "dmr_network": null,
    "locator": "IN70WR",
    "municipality": "Guadarrama",
    "province": null,
    "autonomous_region": "Community of Madrid",
    "status": null,
    "operator": "URE Sierra de Guadarrama",
    "notes": "Administrative areas derived from exact URE site coordinates using OpenStreetMap Nominatim.",
    "last_verified_at": "2026-09-13",
    "latitude": 40.683333,
    "longitude": -4.116667,
    "source_name": "URE repeater and beacon listings",
    "source_url": "https://www.ure.es/appure/repetidores/repe432_N.php",
    "source_record_id": "repe432_N.php:ED4ZAH:438.3500",
    "classification": "NEEDS_REVIEW",
    "band": "432 MHz",
    "origin": "URE",
    "geometry_source": "URE exact site coordinate",
    "vs_production": "NEW",
    "review_reason": "unresolved URE/RadioID conflict"
   }
  },
  {
   "type": "Feature",
   "geometry": {
    "type": "Point",
    "coordinates": [
     -4.116667,
     40.683333
    ]
   },
   "properties": {
    "callsign": "ED4ZAH",
    "name": null,
    "service_type": "repeater",
    "modes": [
     "DMR"
    ],
    "rx_frequency_mhz": 438.325,
    "tx_frequency_mhz": null,
    "offset_mhz": -0.0076,
    "ctcss_hz": null,
    "dmr_color_code": 1,
    "dmr_network": "DMR-plus",
    "locator": "IN70WR",
    "municipality": "Guadarrama",
    "province": null,
    "autonomous_region": "Community of Madrid",
    "status": "on-air",
    "operator": "URE Sierra de Guadarrama",
    "notes": "Administrative areas derived from exact URE site coordinates using OpenStreetMap Nominatim. DMR metadata enriched from RadioID: color_code=1, network=DMR-plus; RadioID identity_id 765; principal source remains URE. Status on-air from RadioID.",
    "last_verified_at": "2026-09-13",
    "latitude": 40.683333,
    "longitude": -4.116667,
    "source_name": "URE repeater and beacon listings",
    "source_url": "https://www.ure.es/appure/repetidores/repe432_N.php",
    "source_record_id": "repe432_N.php:ED4ZAH:438.3250",
    "classification": "NEEDS_REVIEW",
    "band": "432 MHz",
    "origin": "URE",
    "geometry_source": "URE exact site coordinate",
    "vs_production": "NEW",
    "review_reason": "unresolved URE/RadioID conflict"
   }
  },
  {
   "type": "Feature",
   "geometry": {
    "type": "Point",
    "coordinates": [
     -4.116667,
     40.683333
    ]
   },
   "properties": {
    "callsign": "ED4ZAH",
    "name": null,
    "service_type": "repeater",
    "modes": [
     "C4FM"
    ],
    "rx_frequency_mhz": 438.375,
    "tx_frequency_mhz": null,
    "offset_mhz": -0.0076,
    "ctcss_hz": null,
    "dmr_color_code": null,
    "dmr_network": null,
    "locator": "IN70WR",
    "municipality": "Guadarrama",
    "province": null,
    "autonomous_region": "Community of Madrid",
    "status": null,
    "operator": "URE Sierra de Guadarrama",
    "notes": "Administrative areas derived from exact URE site coordinates using OpenStreetMap Nominatim.",
    "last_verified_at": "2026-09-13",
    "latitude": 40.683333,
    "longitude": -4.116667,
    "source_name": "URE repeater and beacon listings",
    "source_url": "https://www.ure.es/appure/repetidores/repe432_N.php",
    "source_record_id": "repe432_N.php:ED4ZAH:438.3750",
    "classification": "NEEDS_REVIEW",
    "band": "432 MHz",
    "origin": "URE",
    "geometry_source": "URE exact site coordinate",
    "vs_production": "NEW",
    "review_reason": "unresolved URE/RadioID conflict"
   }
  },
  {
   "type": "Feature",
   "geometry": {
    "type": "Point",
    "coordinates": [
     -6.4275,
     38.862222
    ]
   },
   "properties": {
    "callsign": "ED4ZAL",
    "name": null,
    "service_type": "repeater",
    "modes": [
     "DMR"
    ],
    "rx_frequency_mhz": 438.475,
    "tx_frequency_mhz": null,
    "offset_mhz": -0.0076,
    "ctcss_hz": null,
    "dmr_color_code": null,
    "dmr_network": null,
    "locator": "IM68SU",
    "municipality": "Arroyo de San Serván",
    "province": "Badajoz",
    "autonomous_region": "Extremadura",
    "status": null,
    "operator": "URE Mérida",
    "notes": "URE text names the BrandMeister network. Administrative areas derived from exact URE site coordinates using OpenStreetMap Nominatim.",
    "last_verified_at": "2026-09-13",
    "latitude": 38.862222,
    "longitude": -6.4275,
    "source_name": "URE repeater and beacon listings",
    "source_url": "https://www.ure.es/appure/repetidores/repe432_N.php",
    "source_record_id": "repe432_N.php:ED4ZAL:438.4750",
    "classification": "NEEDS_REVIEW",
    "band": "432 MHz",
    "origin": "URE",
    "geometry_source": "URE exact site coordinate",
    "vs_production": "NEW",
    "review_reason": "unresolved URE/RadioID conflict"
   }
  },
  {
   "type": "Feature",
   "geometry": {
    "type": "Point",
    "coordinates": [
     -2.365494,
     38.635647
    ]
   },
   "properties": {
    "callsign": "ED5YAA",
    "name": null,
    "service_type": "repeater",
    "modes": [
     "FM"
    ],
    "rx_frequency_mhz": 439.1,
    "tx_frequency_mhz": null,
    "offset_mhz": -7.6,
    "ctcss_hz": null,
    "dmr_color_code": null,
    "dmr_network": null,
    "locator": "IM88TP",
    "municipality": "Peñascosa",
    "province": "Albacete",
    "autonomous_region": "Castile-La Mancha",
    "status": null,
    "operator": "Unión de Radioaficionados de Albacete",
    "notes": "Administrative areas derived from exact URE site coordinates using OpenStreetMap Nominatim.",
    "last_verified_at": "2026-09-13",
    "latitude": 38.635647,
    "longitude": -2.365494,
    "source_name": "URE repeater and beacon listings",
    "source_url": "https://www.ure.es/appure/repetidores/repe432_N.php",
    "source_record_id": "repe432_N.php:ED5YAA:439.1000",
    "classification": "IMPORT_READY",
    "band": "432 MHz",
    "origin": "URE",
    "geometry_source": "URE exact site coordinate",
    "vs_production": "NEW",
    "review_reason": null
   }
  },
  {
   "type": "Feature",
   "geometry": {
    "type": "Point",
    "coordinates": [
     0.11055,
     38.838638
    ]
   },
   "properties": {
    "callsign": "ED5YAD",
    "name": null,
    "service_type": "repeater",
    "modes": [
     "FM"
    ],
    "rx_frequency_mhz": 438.8,
    "tx_frequency_mhz": null,
    "offset_mhz": -7.6,
    "ctcss_hz": null,
    "dmr_color_code": null,
    "dmr_network": null,
    "locator": "JM08BU",
    "municipality": "Dénia",
    "province": "Alicante",
    "autonomous_region": "Valencian Community",
    "status": null,
    "operator": "R.C. Montgó",
    "notes": "Administrative areas derived from exact URE site coordinates using OpenStreetMap Nominatim.",
    "last_verified_at": "2026-09-13",
    "latitude": 38.838638,
    "longitude": 0.11055,
    "source_name": "URE repeater and beacon listings",
    "source_url": "https://www.ure.es/appure/repetidores/repe432_N.php",
    "source_record_id": "repe432_N.php:ED5YAD:438.8000",
    "classification": "IMPORT_READY",
    "band": "432 MHz",
    "origin": "URE",
    "geometry_source": "URE exact site coordinate",
    "vs_production": "NEW",
    "review_reason": null
   }
  },
  {
   "type": "Feature",
   "geometry": {
    "type": "Point",
    "coordinates": [
     -0.032959,
     38.717663
    ]
   },
   "properties": {
    "callsign": "ED5YAE",
    "name": null,
    "service_type": "repeater",
    "modes": [
     "FM"
    ],
    "rx_frequency_mhz": 438.725,
    "tx_frequency_mhz": null,
    "offset_mhz": -7.6,
    "ctcss_hz": 79.7,
    "dmr_color_code": null,
    "dmr_network": null,
    "locator": "IM98WR",
    "municipality": "Xaló",
    "province": "Alicante",
    "autonomous_region": "Valencian Community",
    "status": null,
    "operator": "URE Marina Baixa",
    "notes": "Administrative areas derived from exact URE site coordinates using OpenStreetMap Nominatim.",
    "last_verified_at": "2026-09-13",
    "latitude": 38.717663,
    "longitude": -0.032959,
    "source_name": "URE repeater and beacon listings",
    "source_url": "https://www.ure.es/appure/repetidores/repe432_N.php",
    "source_record_id": "repe432_N.php:ED5YAE:438.7250",
    "classification": "IMPORT_READY",
    "band": "432 MHz",
    "origin": "URE",
    "geometry_source": "URE exact site coordinate",
    "vs_production": "NEW",
    "review_reason": null
   }
  },
  {
   "type": "Feature",
   "geometry": {
    "type": "Point",
    "coordinates": [
     -0.719175,
     38.454262
    ]
   },
   "properties": {
    "callsign": "ED5YAF",
    "name": null,
    "service_type": "repeater",
    "modes": [
     "FM"
    ],
    "rx_frequency_mhz": 439.0,
    "tx_frequency_mhz": null,
    "offset_mhz": -7.6,
    "ctcss_hz": 77.0,
    "dmr_color_code": null,
    "dmr_network": null,
    "locator": "IM98OL",
    "municipality": "Petrer",
    "province": "Alicante",
    "autonomous_region": "Valencian Community",
    "status": null,
    "operator": "URE Elda",
    "notes": "Administrative areas derived from exact URE site coordinates using OpenStreetMap Nominatim.",
    "last_verified_at": "2026-09-13",
    "latitude": 38.454262,
    "longitude": -0.719175,
    "source_name": "URE repeater and beacon listings",
    "source_url": "https://www.ure.es/appure/repetidores/repe432_N.php",
    "source_record_id": "repe432_N.php:ED5YAF:439.0000",
    "classification": "IMPORT_READY",
    "band": "432 MHz",
    "origin": "URE",
    "geometry_source": "URE exact site coordinate",
    "vs_production": "NEW",
    "review_reason": null
   }
  },
  {
   "type": "Feature",
   "geometry": {
    "type": "Point",
    "coordinates": [
     -0.494444,
     38.347222
    ]
   },
   "properties": {
    "callsign": "ED5YAG",
    "name": null,
    "service_type": "repeater",
    "modes": [
     "FM"
    ],
    "rx_frequency_mhz": 439.4,
    "tx_frequency_mhz": null,
    "offset_mhz": -7.6,
    "ctcss_hz": 114.8,
    "dmr_color_code": null,
    "dmr_network": null,
    "locator": "IM98SI",
    "municipality": "Alacant / Alicante",
    "province": "Alicante",
    "autonomous_region": "Valencian Community",
    "status": null,
    "operator": "URE Alicante",
    "notes": "Administrative areas derived from exact URE site coordinates using OpenStreetMap Nominatim.",
    "last_verified_at": "2026-09-13",
    "latitude": 38.347222,
    "longitude": -0.494444,
    "source_name": "URE repeater and beacon listings",
    "source_url": "https://www.ure.es/appure/repetidores/repe432_N.php",
    "source_record_id": "repe432_N.php:ED5YAG:439.4000",
    "classification": "IMPORT_READY",
    "band": "432 MHz",
    "origin": "URE",
    "geometry_source": "URE exact site coordinate",
    "vs_production": "NEW",
    "review_reason": null
   }
  },
  {
   "type": "Feature",
   "geometry": {
    "type": "Point",
    "coordinates": [
     -0.40028,
     39.69099
    ]
   },
   "properties": {
    "callsign": "ED5YAJ",
    "name": null,
    "service_type": "repeater",
    "modes": [
     "FM"
    ],
    "rx_frequency_mhz": 439.425,
    "tx_frequency_mhz": null,
    "offset_mhz": -7.6,
    "ctcss_hz": 88.5,
    "dmr_color_code": null,
    "dmr_network": null,
    "locator": "IM99TQ",
    "municipality": "Serra",
    "province": "València",
    "autonomous_region": "Valencian Community",
    "status": null,
    "operator": "URE Valencia",
    "notes": "URE lists Echolink access. Administrative areas derived from exact URE site coordinates using OpenStreetMap Nominatim.",
    "last_verified_at": "2026-09-13",
    "latitude": 39.69099,
    "longitude": -0.40028,
    "source_name": "URE repeater and beacon listings",
    "source_url": "https://www.ure.es/appure/repetidores/repe432_N.php",
    "source_record_id": "repe432_N.php:ED5YAJ:439.4250",
    "classification": "IMPORT_READY",
    "band": "432 MHz",
    "origin": "URE",
    "geometry_source": "URE exact site coordinate",
    "vs_production": "NEW",
    "review_reason": null
   }
  },
  {
   "type": "Feature",
   "geometry": {
    "type": "Point",
    "coordinates": [
     -1.532292,
     37.849205
    ]
   },
   "properties": {
    "callsign": "ED5YAL",
    "name": null,
    "service_type": "repeater",
    "modes": [
     "FM"
    ],
    "rx_frequency_mhz": 438.65,
    "tx_frequency_mhz": null,
    "offset_mhz": -7.6,
    "ctcss_hz": 77.0,
    "dmr_color_code": null,
    "dmr_network": null,
    "locator": "IM97FU",
    "municipality": "Totana",
    "province": "Murcia",
    "autonomous_region": "Region of Murcia",
    "status": null,
    "operator": "URE Murcia",
    "notes": "Administrative areas derived from exact URE site coordinates using OpenStreetMap Nominatim.",
    "last_verified_at": "2026-09-13",
    "latitude": 37.849205,
    "longitude": -1.532292,
    "source_name": "URE repeater and beacon listings",
    "source_url": "https://www.ure.es/appure/repetidores/repe432_N.php",
    "source_record_id": "repe432_N.php:ED5YAL:438.6500",
    "classification": "IMPORT_READY",
    "band": "432 MHz",
    "origin": "URE",
    "geometry_source": "URE exact site coordinate",
    "vs_production": "NEW",
    "review_reason": null
   }
  },
  {
   "type": "Feature",
   "geometry": {
    "type": "Point",
    "coordinates": [
     -0.149167,
     38.736389
    ]
   },
   "properties": {
    "callsign": "ED5YAM",
    "name": null,
    "service_type": "repeater",
    "modes": [
     "FM"
    ],
    "rx_frequency_mhz": 439.05,
    "tx_frequency_mhz": null,
    "offset_mhz": -7.6,
    "ctcss_hz": null,
    "dmr_color_code": null,
    "dmr_network": null,
    "locator": "IM98WR",
    "municipality": "Castell de Castells",
    "province": "Alicante",
    "autonomous_region": "Valencian Community",
    "status": null,
    "operator": "RC Montgó",
    "notes": "Administrative areas derived from exact URE site coordinates using OpenStreetMap Nominatim.",
    "last_verified_at": "2026-09-13",
    "latitude": 38.736389,
    "longitude": -0.149167,
    "source_name": "URE repeater and beacon listings",
    "source_url": "https://www.ure.es/appure/repetidores/repe432_N.php",
    "source_record_id": "repe432_N.php:ED5YAM:439.0500",
    "classification": "IMPORT_READY",
    "band": "432 MHz",
    "origin": "URE",
    "geometry_source": "URE exact site coordinate",
    "vs_production": "NEW",
    "review_reason": null
   }
  },
  {
   "type": "Feature",
   "geometry": {
    "type": "Point",
    "coordinates": [
     0.11673,
     40.600006
    ]
   },
   "properties": {
    "callsign": "ED5YAS",
    "name": null,
    "service_type": "repeater",
    "modes": [
     "FM"
    ],
    "rx_frequency_mhz": 438.825,
    "tx_frequency_mhz": null,
    "offset_mhz": -7.6,
    "ctcss_hz": 71.9,
    "dmr_color_code": null,
    "dmr_network": null,
    "locator": "JN00BO",
    "municipality": "Vallibona",
    "province": "Castellón",
    "autonomous_region": "Valencian Community",
    "status": null,
    "operator": "URE Maestrazgo",
    "notes": "Administrative areas derived from exact URE site coordinates using OpenStreetMap Nominatim.",
    "last_verified_at": "2026-09-13",
    "latitude": 40.600006,
    "longitude": 0.11673,
    "source_name": "URE repeater and beacon listings",
    "source_url": "https://www.ure.es/appure/repetidores/repe432_N.php",
    "source_record_id": "repe432_N.php:ED5YAS:438.8250",
    "classification": "IMPORT_READY",
    "band": "432 MHz",
    "origin": "URE",
    "geometry_source": "URE exact site coordinate",
    "vs_production": "NEW",
    "review_reason": null
   }
  },
  {
   "type": "Feature",
   "geometry": {
    "type": "Point",
    "coordinates": [
     -0.163765,
     38.532154
    ]
   },
   "properties": {
    "callsign": "ED5YAU",
    "name": null,
    "service_type": "repeater",
    "modes": [
     "FM"
    ],
    "rx_frequency_mhz": 438.7,
    "tx_frequency_mhz": null,
    "offset_mhz": -7.6,
    "ctcss_hz": null,
    "dmr_color_code": null,
    "dmr_network": null,
    "locator": "IN98WM",
    "municipality": "Benidorm",
    "province": "Alicante",
    "autonomous_region": "Valencian Community",
    "status": null,
    "operator": "URE Benidorm-Marina Baixa",
    "notes": "Administrative areas derived from exact URE site coordinates using OpenStreetMap Nominatim.",
    "last_verified_at": "2026-09-13",
    "latitude": 38.532154,
    "longitude": -0.163765,
    "source_name": "URE repeater and beacon listings",
    "source_url": "https://www.ure.es/appure/repetidores/repe432_N.php",
    "source_record_id": "repe432_N.php:ED5YAU:438.7000",
    "classification": "IMPORT_READY",
    "band": "432 MHz",
    "origin": "URE",
    "geometry_source": "URE exact site coordinate",
    "vs_production": "NEW",
    "review_reason": null
   }
  },
  {
   "type": "Feature",
   "geometry": {
    "type": "Point",
    "coordinates": [
     0.150278,
     38.809444
    ]
   },
   "properties": {
    "callsign": "ED5YAV",
    "name": null,
    "service_type": "repeater",
    "modes": [
     "FM"
    ],
    "rx_frequency_mhz": 439.075,
    "tx_frequency_mhz": null,
    "offset_mhz": -7.6,
    "ctcss_hz": null,
    "dmr_color_code": null,
    "dmr_network": null,
    "locator": "JM08BT",
    "municipality": "Dénia",
    "province": "Alicante",
    "autonomous_region": "Valencian Community",
    "status": null,
    "operator": "RC Montgó",
    "notes": "Administrative areas derived from exact URE site coordinates using OpenStreetMap Nominatim.",
    "last_verified_at": "2026-09-13",
    "latitude": 38.809444,
    "longitude": 0.150278,
    "source_name": "URE repeater and beacon listings",
    "source_url": "https://www.ure.es/appure/repetidores/repe432_N.php",
    "source_record_id": "repe432_N.php:ED5YAV:439.0750",
    "classification": "IMPORT_READY",
    "band": "432 MHz",
    "origin": "URE",
    "geometry_source": "URE exact site coordinate",
    "vs_production": "NEW",
    "review_reason": null
   }
  },
  {
   "type": "Feature",
   "geometry": {
    "type": "Point",
    "coordinates": [
     -0.866547,
     39.48341
    ]
   },
   "properties": {
    "callsign": "ED5YAY",
    "name": null,
    "service_type": "repeater",
    "modes": [
     "FM"
    ],
    "rx_frequency_mhz": 438.775,
    "tx_frequency_mhz": null,
    "offset_mhz": -7.6,
    "ctcss_hz": 77.0,
    "dmr_color_code": null,
    "dmr_network": null,
    "locator": "IM99NJ",
    "municipality": "Siete Aguas",
    "province": "València",
    "autonomous_region": "Valencian Community",
    "status": null,
    "operator": "URE Oeste de Valencia",
    "notes": "Administrative areas derived from exact URE site coordinates using OpenStreetMap Nominatim.",
    "last_verified_at": "2026-09-13",
    "latitude": 39.48341,
    "longitude": -0.866547,
    "source_name": "URE repeater and beacon listings",
    "source_url": "https://www.ure.es/appure/repetidores/repe432_N.php",
    "source_record_id": "repe432_N.php:ED5YAY:438.7750",
    "classification": "IMPORT_READY",
    "band": "432 MHz",
    "origin": "URE",
    "geometry_source": "URE exact site coordinate",
    "vs_production": "NEW",
    "review_reason": null
   }
  },
  {
   "type": "Feature",
   "geometry": {
    "type": "Point",
    "coordinates": [
     -0.39822,
     38.428914
    ]
   },
   "properties": {
    "callsign": "ED5YBA",
    "name": null,
    "service_type": "repeater",
    "modes": [
     "FM"
    ],
    "rx_frequency_mhz": 439.15,
    "tx_frequency_mhz": null,
    "offset_mhz": -7.6,
    "ctcss_hz": 77.0,
    "dmr_color_code": null,
    "dmr_network": null,
    "locator": "IM98TK",
    "municipality": "el Campello",
    "province": "Alicante",
    "autonomous_region": "Valencian Community",
    "status": null,
    "operator": "Radioclub El Campello - EA5RCK",
    "notes": "Administrative areas derived from exact URE site coordinates using OpenStreetMap Nominatim.",
    "last_verified_at": "2026-09-13",
    "latitude": 38.428914,
    "longitude": -0.39822,
    "source_name": "URE repeater and beacon listings",
    "source_url": "https://www.ure.es/appure/repetidores/repe432_N.php",
    "source_record_id": "repe432_N.php:ED5YBA:439.1500",
    "classification": "IMPORT_READY",
    "band": "432 MHz",
    "origin": "URE",
    "geometry_source": "URE exact site coordinate",
    "vs_production": "NEW",
    "review_reason": null
   }
  },
  {
   "type": "Feature",
   "geometry": {
    "type": "Point",
    "coordinates": [
     -0.527686,
     38.397056
    ]
   },
   "properties": {
    "callsign": "ED5YBC",
    "name": null,
    "service_type": "repeater",
    "modes": [
     "FM"
    ],
    "rx_frequency_mhz": 438.875,
    "tx_frequency_mhz": null,
    "offset_mhz": -7.6,
    "ctcss_hz": 77.0,
    "dmr_color_code": null,
    "dmr_network": null,
    "locator": "IM98RJ",
    "municipality": "Sant Vicent del Raspeig / San Vicente del Raspeig",
    "province": "Alicante",
    "autonomous_region": "Valencian Community",
    "status": null,
    "operator": "URE San Vicente del Raspeig",
    "notes": "Administrative areas derived from exact URE site coordinates using OpenStreetMap Nominatim.",
    "last_verified_at": "2026-09-13",
    "latitude": 38.397056,
    "longitude": -0.527686,
    "source_name": "URE repeater and beacon listings",
    "source_url": "https://www.ure.es/appure/repetidores/repe432_N.php",
    "source_record_id": "repe432_N.php:ED5YBC:438.8750",
    "classification": "IMPORT_READY",
    "band": "432 MHz",
    "origin": "URE",
    "geometry_source": "URE exact site coordinate",
    "vs_production": "NEW",
    "review_reason": null
   }
  },
  {
   "type": "Feature",
   "geometry": {
    "type": "Point",
    "coordinates": [
     -0.39754,
     39.690998
    ]
   },
   "properties": {
    "callsign": "ED5ZAB",
    "name": null,
    "service_type": "repeater",
    "modes": [
     "D-Star"
    ],
    "rx_frequency_mhz": 438.2,
    "tx_frequency_mhz": null,
    "offset_mhz": -7.6,
    "ctcss_hz": null,
    "dmr_color_code": null,
    "dmr_network": null,
    "locator": "IM99TQ",
    "municipality": "Serra",
    "province": "València",
    "autonomous_region": "Valencian Community",
    "status": null,
    "operator": "URE Valencia",
    "notes": "Administrative areas derived from exact URE site coordinates using OpenStreetMap Nominatim.",
    "last_verified_at": "2026-09-13",
    "latitude": 39.690998,
    "longitude": -0.39754,
    "source_name": "URE repeater and beacon listings",
    "source_url": "https://www.ure.es/appure/repetidores/repe432_N.php",
    "source_record_id": "repe432_N.php:ED5ZAB:438.2000",
    "classification": "IMPORT_READY",
    "band": "432 MHz",
    "origin": "URE",
    "geometry_source": "URE exact site coordinate",
    "vs_production": "NEW",
    "review_reason": null
   }
  },
  {
   "type": "Feature",
   "geometry": {
    "type": "Point",
    "coordinates": [
     -0.39754,
     39.690998
    ]
   },
   "properties": {
    "callsign": "ED5ZAB",
    "name": null,
    "service_type": "repeater",
    "modes": [
     "C4FM"
    ],
    "rx_frequency_mhz": 438.35,
    "tx_frequency_mhz": null,
    "offset_mhz": -7.6,
    "ctcss_hz": null,
    "dmr_color_code": null,
    "dmr_network": null,
    "locator": "IM99TQ",
    "municipality": "Serra",
    "province": "València",
    "autonomous_region": "Valencian Community",
    "status": null,
    "operator": "URE Valencia",
    "notes": "Administrative areas derived from exact URE site coordinates using OpenStreetMap Nominatim.",
    "last_verified_at": "2026-09-13",
    "latitude": 39.690998,
    "longitude": -0.39754,
    "source_name": "URE repeater and beacon listings",
    "source_url": "https://www.ure.es/appure/repetidores/repe432_N.php",
    "source_record_id": "repe432_N.php:ED5ZAB:438.3500",
    "classification": "IMPORT_READY",
    "band": "432 MHz",
    "origin": "URE",
    "geometry_source": "URE exact site coordinate",
    "vs_production": "NEW",
    "review_reason": null
   }
  },
  {
   "type": "Feature",
   "geometry": {
    "type": "Point",
    "coordinates": [
     -0.39754,
     39.690998
    ]
   },
   "properties": {
    "callsign": "ED5ZAB",
    "name": null,
    "service_type": "repeater",
    "modes": [
     "DMR"
    ],
    "rx_frequency_mhz": 438.425,
    "tx_frequency_mhz": null,
    "offset_mhz": -7.6,
    "ctcss_hz": null,
    "dmr_color_code": 1,
    "dmr_network": "BrandMeister",
    "locator": "IM99TQ",
    "municipality": "Serra",
    "province": "València",
    "autonomous_region": "Valencian Community",
    "status": "on-air",
    "operator": "URE Valencia",
    "notes": "Administrative areas derived from exact URE site coordinates using OpenStreetMap Nominatim. DMR metadata enriched from RadioID: color_code=1, network=BrandMeister; RadioID identity_id 776; principal source remains URE. Status on-air from RadioID.",
    "last_verified_at": "2026-09-13",
    "latitude": 39.690998,
    "longitude": -0.39754,
    "source_name": "URE repeater and beacon listings",
    "source_url": "https://www.ure.es/appure/repetidores/repe432_N.php",
    "source_record_id": "repe432_N.php:ED5ZAB:438.4250",
    "classification": "IMPORT_READY",
    "band": "432 MHz",
    "origin": "URE",
    "geometry_source": "URE exact site coordinate",
    "vs_production": "NEW",
    "review_reason": null
   }
  },
  {
   "type": "Feature",
   "geometry": {
    "type": "Point",
    "coordinates": [
     0.1075,
     38.843056
    ]
   },
   "properties": {
    "callsign": "ED5ZAC",
    "name": null,
    "service_type": "repeater",
    "modes": [
     "D-Star",
     "FM"
    ],
    "rx_frequency_mhz": 438.3,
    "tx_frequency_mhz": null,
    "offset_mhz": -7.6,
    "ctcss_hz": null,
    "dmr_color_code": null,
    "dmr_network": null,
    "locator": "JM08BU",
    "municipality": "Dénia",
    "province": "Alicante",
    "autonomous_region": "Valencian Community",
    "status": null,
    "operator": "RC Denia",
    "notes": "Administrative areas derived from exact URE site coordinates using OpenStreetMap Nominatim.",
    "last_verified_at": "2026-09-13",
    "latitude": 38.843056,
    "longitude": 0.1075,
    "source_name": "URE repeater and beacon listings",
    "source_url": "https://www.ure.es/appure/repetidores/repe432_N.php",
    "source_record_id": "repe432_N.php:ED5ZAC:438.3000",
    "classification": "IMPORT_READY",
    "band": "432 MHz",
    "origin": "URE",
    "geometry_source": "URE exact site coordinate",
    "vs_production": "NEW",
    "review_reason": null
   }
  },
  {
   "type": "Feature",
   "geometry": {
    "type": "Point",
    "coordinates": [
     2.927506,
     39.527056
    ]
   },
   "properties": {
    "callsign": "ED6YAH",
    "name": null,
    "service_type": "repeater",
    "modes": [
     "FM"
    ],
    "rx_frequency_mhz": 439.2,
    "tx_frequency_mhz": null,
    "offset_mhz": -7.6,
    "ctcss_hz": null,
    "dmr_color_code": null,
    "dmr_network": null,
    "locator": "JM19LM",
    "municipality": "Algaida",
    "province": "Illes Balears",
    "autonomous_region": "Balearic Islands",
    "status": null,
    "operator": "URE Pla de Mallorca",
    "notes": "Administrative areas derived from exact URE site coordinates using OpenStreetMap Nominatim.",
    "last_verified_at": "2026-09-13",
    "latitude": 39.527056,
    "longitude": 2.927506,
    "source_name": "URE repeater and beacon listings",
    "source_url": "https://www.ure.es/appure/repetidores/repe432_N.php",
    "source_record_id": "repe432_N.php:ED6YAH:439.2000",
    "classification": "IMPORT_READY",
    "band": "432 MHz",
    "origin": "URE",
    "geometry_source": "URE exact site coordinate",
    "vs_production": "NEW",
    "review_reason": null
   }
  },
  {
   "type": "Feature",
   "geometry": {
    "type": "Point",
    "coordinates": [
     3.190833,
     39.458056
    ]
   },
   "properties": {
    "callsign": "ED6ZAA",
    "name": null,
    "service_type": "repeater",
    "modes": [
     "D-Star",
     "FM"
    ],
    "rx_frequency_mhz": 438.25,
    "tx_frequency_mhz": null,
    "offset_mhz": -7.6,
    "ctcss_hz": null,
    "dmr_color_code": null,
    "dmr_network": null,
    "locator": "JM19OK",
    "municipality": "Felanitx",
    "province": "Illes Balears",
    "autonomous_region": "Balearic Islands",
    "status": null,
    "operator": "URE Pla de Mallorca",
    "notes": "Administrative areas derived from exact URE site coordinates using OpenStreetMap Nominatim.",
    "last_verified_at": "2026-09-13",
    "latitude": 39.458056,
    "longitude": 3.190833,
    "source_name": "URE repeater and beacon listings",
    "source_url": "https://www.ure.es/appure/repetidores/repe432_N.php",
    "source_record_id": "repe432_N.php:ED6ZAA:438.2500",
    "classification": "IMPORT_READY",
    "band": "432 MHz",
    "origin": "URE",
    "geometry_source": "URE exact site coordinate",
    "vs_production": "NEW",
    "review_reason": null
   }
  },
  {
   "type": "Feature",
   "geometry": {
    "type": "Point",
    "coordinates": [
     2.921667,
     39.515
    ]
   },
   "properties": {
    "callsign": "ED6ZAB",
    "name": null,
    "service_type": "repeater",
    "modes": [
     "D-Star",
     "FM"
    ],
    "rx_frequency_mhz": 438.45,
    "tx_frequency_mhz": null,
    "offset_mhz": -7.6,
    "ctcss_hz": null,
    "dmr_color_code": null,
    "dmr_network": null,
    "locator": "JM19KM",
    "municipality": "Llucmajor",
    "province": "Illes Balears",
    "autonomous_region": "Balearic Islands",
    "status": "on-air",
    "operator": "URE Pla de Mallorca",
    "notes": "Administrative areas derived from exact URE site coordinates using OpenStreetMap Nominatim. DMR metadata from RadioID withheld pending mode-conflict review.",
    "last_verified_at": "2026-09-13",
    "latitude": 39.515,
    "longitude": 2.921667,
    "source_name": "URE repeater and beacon listings",
    "source_url": "https://www.ure.es/appure/repetidores/repe432_N.php",
    "source_record_id": "repe432_N.php:ED6ZAB:438.4500",
    "classification": "NEEDS_REVIEW",
    "band": "432 MHz",
    "origin": "URE",
    "geometry_source": "URE exact site coordinate",
    "vs_production": "NEW",
    "review_reason": "unresolved URE/RadioID conflict"
   }
  },
  {
   "type": "Feature",
   "geometry": {
    "type": "Point",
    "coordinates": [
     -4.783301,
     37.966648
    ]
   },
   "properties": {
    "callsign": "ED7YAB",
    "name": null,
    "service_type": "repeater",
    "modes": [
     "FM"
    ],
    "rx_frequency_mhz": 439.425,
    "tx_frequency_mhz": null,
    "offset_mhz": -7.6,
    "ctcss_hz": 77.0,
    "dmr_color_code": null,
    "dmr_network": null,
    "locator": "IM77OX",
    "municipality": "Córdoba",
    "province": "Córdoba",
    "autonomous_region": "Andalusia",
    "status": null,
    "operator": "URE Córdoba",
    "notes": "Administrative areas derived from exact URE site coordinates using OpenStreetMap Nominatim.",
    "last_verified_at": "2026-09-13",
    "latitude": 37.966648,
    "longitude": -4.783301,
    "source_name": "URE repeater and beacon listings",
    "source_url": "https://www.ure.es/appure/repetidores/repe432_N.php",
    "source_record_id": "repe432_N.php:ED7YAB:439.4250",
    "classification": "IMPORT_READY",
    "band": "432 MHz",
    "origin": "URE",
    "geometry_source": "URE exact site coordinate",
    "vs_production": "NEW",
    "review_reason": null
   }
  },
  {
   "type": "Feature",
   "geometry": {
    "type": "Point",
    "coordinates": [
     -4.616618,
     36.600025
    ]
   },
   "properties": {
    "callsign": "ED7YAE",
    "name": null,
    "service_type": "repeater",
    "modes": [
     "FM"
    ],
    "rx_frequency_mhz": 438.65,
    "tx_frequency_mhz": null,
    "offset_mhz": -7.6,
    "ctcss_hz": 82.5,
    "dmr_color_code": null,
    "dmr_network": null,
    "locator": "IM76QO",
    "municipality": "Mijas",
    "province": "Málaga",
    "autonomous_region": "Andalusia",
    "status": null,
    "operator": "URE Málaga - https://www.ea7urm.com",
    "notes": "URE operator link https://www.ea7urm.com. Administrative areas derived from exact URE site coordinates using OpenStreetMap Nominatim.",
    "last_verified_at": "2026-09-13",
    "latitude": 36.600025,
    "longitude": -4.616618,
    "source_name": "URE repeater and beacon listings",
    "source_url": "https://www.ure.es/appure/repetidores/repe432_N.php",
    "source_record_id": "repe432_N.php:ED7YAE:438.6500",
    "classification": "IMPORT_READY",
    "band": "432 MHz",
    "origin": "URE",
    "geometry_source": "URE exact site coordinate",
    "vs_production": "NEW",
    "review_reason": null
   }
  },
  {
   "type": "Feature",
   "geometry": {
    "type": "Point",
    "coordinates": [
     -3.526944,
     37.733889
    ]
   },
   "properties": {
    "callsign": "ED7YAL",
    "name": null,
    "service_type": "repeater",
    "modes": [
     "FM"
    ],
    "rx_frequency_mhz": 438.65,
    "tx_frequency_mhz": null,
    "offset_mhz": -7.6,
    "ctcss_hz": 71.9,
    "dmr_color_code": null,
    "dmr_network": null,
    "locator": "IM87FR",
    "municipality": "Cambil",
    "province": "Jaén",
    "autonomous_region": "Andalusia",
    "status": null,
    "operator": "URE Jaen",
    "notes": "Administrative areas derived from exact URE site coordinates using OpenStreetMap Nominatim.",
    "last_verified_at": "2026-09-13",
    "latitude": 37.733889,
    "longitude": -3.526944,
    "source_name": "URE repeater and beacon listings",
    "source_url": "https://www.ure.es/appure/repetidores/repe432_N.php",
    "source_record_id": "repe432_N.php:ED7YAL:438.6500",
    "classification": "IMPORT_READY",
    "band": "432 MHz",
    "origin": "URE",
    "geometry_source": "URE exact site coordinate",
    "vs_production": "NEW",
    "review_reason": null
   }
  },
  {
   "type": "Feature",
   "geometry": {
    "type": "Point",
    "coordinates": [
     -4.806667,
     37.973611
    ]
   },
   "properties": {
    "callsign": "ED7YAM",
    "name": null,
    "service_type": "repeater",
    "modes": [
     "FM"
    ],
    "rx_frequency_mhz": 438.925,
    "tx_frequency_mhz": null,
    "offset_mhz": -7.6,
    "ctcss_hz": null,
    "dmr_color_code": null,
    "dmr_network": null,
    "locator": "IM77OX",
    "municipality": "Córdoba",
    "province": "Córdoba",
    "autonomous_region": "Andalusia",
    "status": null,
    "operator": "URE Córdoba",
    "notes": "Administrative areas derived from exact URE site coordinates using OpenStreetMap Nominatim.",
    "last_verified_at": "2026-09-13",
    "latitude": 37.973611,
    "longitude": -4.806667,
    "source_name": "URE repeater and beacon listings",
    "source_url": "https://www.ure.es/appure/repetidores/repe432_N.php",
    "source_record_id": "repe432_N.php:ED7YAM:438.9250",
    "classification": "IMPORT_READY",
    "band": "432 MHz",
    "origin": "URE",
    "geometry_source": "URE exact site coordinate",
    "vs_production": "NEW",
    "review_reason": null
   }
  },
  {
   "type": "Feature",
   "geometry": {
    "type": "Point",
    "coordinates": [
     -3.365556,
     37.057222
    ]
   },
   "properties": {
    "callsign": "ED7YAN",
    "name": null,
    "service_type": "repeater",
    "modes": [
     "FM"
    ],
    "rx_frequency_mhz": 438.9,
    "tx_frequency_mhz": null,
    "offset_mhz": -7.6,
    "ctcss_hz": 88.5,
    "dmr_color_code": null,
    "dmr_network": null,
    "locator": "IM87HB",
    "municipality": "Dílar",
    "province": "Granada",
    "autonomous_region": "Andalusia",
    "status": null,
    "operator": "URE Granada",
    "notes": "Administrative areas derived from exact URE site coordinates using OpenStreetMap Nominatim.",
    "last_verified_at": "2026-09-13",
    "latitude": 37.057222,
    "longitude": -3.365556,
    "source_name": "URE repeater and beacon listings",
    "source_url": "https://www.ure.es/appure/repetidores/repe432_N.php",
    "source_record_id": "repe432_N.php:ED7YAN:438.9000",
    "classification": "IMPORT_READY",
    "band": "432 MHz",
    "origin": "URE",
    "geometry_source": "URE exact site coordinate",
    "vs_production": "NEW",
    "review_reason": null
   }
  },
  {
   "type": "Feature",
   "geometry": {
    "type": "Point",
    "coordinates": [
     -5.616589,
     37.849953
    ]
   },
   "properties": {
    "callsign": "ED7YAR",
    "name": null,
    "service_type": "repeater",
    "modes": [
     "FM"
    ],
    "rx_frequency_mhz": 439.4,
    "tx_frequency_mhz": null,
    "offset_mhz": -7.6,
    "ctcss_hz": null,
    "dmr_color_code": null,
    "dmr_network": null,
    "locator": "IM77EU",
    "municipality": "Constantina",
    "province": "Sevilla",
    "autonomous_region": "Andalusia",
    "status": null,
    "operator": "Radio Club Sevilla",
    "notes": "Administrative areas derived from exact URE site coordinates using OpenStreetMap Nominatim.",
    "last_verified_at": "2026-09-13",
    "latitude": 37.849953,
    "longitude": -5.616589,
    "source_name": "URE repeater and beacon listings",
    "source_url": "https://www.ure.es/appure/repetidores/repe432_N.php",
    "source_record_id": "repe432_N.php:ED7YAR:439.4000",
    "classification": "IMPORT_READY",
    "band": "432 MHz",
    "origin": "URE",
    "geometry_source": "URE exact site coordinate",
    "vs_production": "NEW",
    "review_reason": null
   }
  },
  {
   "type": "Feature",
   "geometry": {
    "type": "Point",
    "coordinates": [
     -5.954708,
     36.834536
    ]
   },
   "properties": {
    "callsign": "ED7YAU",
    "name": null,
    "service_type": "repeater",
    "modes": [
     "FM"
    ],
    "rx_frequency_mhz": 439.35,
    "tx_frequency_mhz": null,
    "offset_mhz": -7.6,
    "ctcss_hz": null,
    "dmr_color_code": null,
    "dmr_network": null,
    "locator": "IM76AT",
    "municipality": "Jerez de la Frontera",
    "province": "Cádiz",
    "autonomous_region": "Andalusia",
    "status": "on-air",
    "operator": "URE San Fernando",
    "notes": "Administrative areas derived from exact URE site coordinates using OpenStreetMap Nominatim. DMR metadata from RadioID withheld pending mode-conflict review.",
    "last_verified_at": "2026-09-13",
    "latitude": 36.834536,
    "longitude": -5.954708,
    "source_name": "URE repeater and beacon listings",
    "source_url": "https://www.ure.es/appure/repetidores/repe432_N.php",
    "source_record_id": "repe432_N.php:ED7YAU:439.3500",
    "classification": "NEEDS_REVIEW",
    "band": "432 MHz",
    "origin": "URE",
    "geometry_source": "URE exact site coordinate",
    "vs_production": "NEW",
    "review_reason": "unresolved URE/RadioID conflict"
   }
  },
  {
   "type": "Feature",
   "geometry": {
    "type": "Point",
    "coordinates": [
     -6.167222,
     36.534167
    ]
   },
   "properties": {
    "callsign": "ED7YAV",
    "name": null,
    "service_type": "repeater",
    "modes": [],
    "rx_frequency_mhz": 438.95,
    "tx_frequency_mhz": null,
    "offset_mhz": -7.6,
    "ctcss_hz": 77.0,
    "dmr_color_code": 1,
    "dmr_network": "DMR-plus",
    "locator": "IM66VM",
    "municipality": "Puerto Real",
    "province": "Cádiz",
    "autonomous_region": "Andalusia",
    "status": "on-air",
    "operator": "URE San Fernando",
    "notes": "URE listing does not state an operating mode. Administrative areas derived from exact URE site coordinates using OpenStreetMap Nominatim. DMR metadata enriched from RadioID: color_code=1, network=DMR-plus; RadioID identity_id 797; principal source remains URE. Status on-air from RadioID.",
    "last_verified_at": "2026-09-13",
    "latitude": 36.534167,
    "longitude": -6.167222,
    "source_name": "URE repeater and beacon listings",
    "source_url": "https://www.ure.es/appure/repetidores/repe432_N.php",
    "source_record_id": "repe432_N.php:ED7YAV:438.9500",
    "classification": "IMPORT_READY",
    "band": "432 MHz",
    "origin": "URE",
    "geometry_source": "URE exact site coordinate",
    "vs_production": "NEW",
    "review_reason": null
   }
  },
  {
   "type": "Feature",
   "geometry": {
    "type": "Point",
    "coordinates": [
     -2.812222,
     36.88
    ]
   },
   "properties": {
    "callsign": "ED7YAW",
    "name": null,
    "service_type": "repeater",
    "modes": [],
    "rx_frequency_mhz": 438.85,
    "tx_frequency_mhz": null,
    "offset_mhz": -7.6,
    "ctcss_hz": 100.0,
    "dmr_color_code": null,
    "dmr_network": null,
    "locator": "IM86OV",
    "municipality": "Dalías",
    "province": "Almería",
    "autonomous_region": "Andalusia",
    "status": null,
    "operator": "Asociación Radioaficionados Poniente Almería",
    "notes": "URE listing does not state an operating mode. Administrative areas derived from exact URE site coordinates using OpenStreetMap Nominatim.",
    "last_verified_at": "2026-09-13",
    "latitude": 36.88,
    "longitude": -2.812222,
    "source_name": "URE repeater and beacon listings",
    "source_url": "https://www.ure.es/appure/repetidores/repe432_N.php",
    "source_record_id": "repe432_N.php:ED7YAW:438.8500",
    "classification": "IMPORT_READY",
    "band": "432 MHz",
    "origin": "URE",
    "geometry_source": "URE exact site coordinate",
    "vs_production": "NEW",
    "review_reason": null
   }
  },
  {
   "type": "Feature",
   "geometry": {
    "type": "Point",
    "coordinates": [
     -5.76925,
     38.05247
    ]
   },
   "properties": {
    "callsign": "ED7YBC",
    "name": null,
    "service_type": "repeater",
    "modes": [
     "FM"
    ],
    "rx_frequency_mhz": 439.025,
    "tx_frequency_mhz": null,
    "offset_mhz": -7.6,
    "ctcss_hz": 88.5,
    "dmr_color_code": null,
    "dmr_network": null,
    "locator": "IM78CB",
    "municipality": "Guadalcanal",
    "province": "Sevilla",
    "autonomous_region": "Andalusia",
    "status": null,
    "operator": "URE Sevilla",
    "notes": "Administrative areas derived from exact URE site coordinates using OpenStreetMap Nominatim.",
    "last_verified_at": "2026-09-13",
    "latitude": 38.05247,
    "longitude": -5.76925,
    "source_name": "URE repeater and beacon listings",
    "source_url": "https://www.ure.es/appure/repetidores/repe432_N.php",
    "source_record_id": "repe432_N.php:ED7YBC:439.0250",
    "classification": "IMPORT_READY",
    "band": "432 MHz",
    "origin": "URE",
    "geometry_source": "URE exact site coordinate",
    "vs_production": "NEW",
    "review_reason": null
   }
  },
  {
   "type": "Feature",
   "geometry": {
    "type": "Point",
    "coordinates": [
     -4.805833,
     37.9415
    ]
   },
   "properties": {
    "callsign": "ED7ZAD",
    "name": null,
    "service_type": "repeater",
    "modes": [
     "D-Star",
     "FM"
    ],
    "rx_frequency_mhz": 438.525,
    "tx_frequency_mhz": null,
    "offset_mhz": -7.6,
    "ctcss_hz": null,
    "dmr_color_code": null,
    "dmr_network": null,
    "locator": "IM77OW",
    "municipality": "Córdoba",
    "province": "Córdoba",
    "autonomous_region": "Andalusia",
    "status": null,
    "operator": "URE Córdoba",
    "notes": "Administrative areas derived from exact URE site coordinates using OpenStreetMap Nominatim.",
    "last_verified_at": "2026-09-13",
    "latitude": 37.9415,
    "longitude": -4.805833,
    "source_name": "URE repeater and beacon listings",
    "source_url": "https://www.ure.es/appure/repetidores/repe432_N.php",
    "source_record_id": "repe432_N.php:ED7ZAD:438.5250",
    "classification": "IMPORT_READY",
    "band": "432 MHz",
    "origin": "URE",
    "geometry_source": "URE exact site coordinate",
    "vs_production": "NEW",
    "review_reason": null
   }
  },
  {
   "type": "Feature",
   "geometry": {
    "type": "Point",
    "coordinates": [
     -3.598949,
     37.159634
    ]
   },
   "properties": {
    "callsign": "ED7ZAE",
    "name": null,
    "service_type": "repeater",
    "modes": [
     "D-Star"
    ],
    "rx_frequency_mhz": 438.3,
    "tx_frequency_mhz": null,
    "offset_mhz": -7.6,
    "ctcss_hz": null,
    "dmr_color_code": null,
    "dmr_network": null,
    "locator": "IM87ED",
    "municipality": "Granada",
    "province": "Granada",
    "autonomous_region": "Andalusia",
    "status": "on-air",
    "operator": "URE Granada",
    "notes": "Administrative areas derived from exact URE site coordinates using OpenStreetMap Nominatim. DMR metadata from RadioID withheld pending mode-conflict review.",
    "last_verified_at": "2026-09-13",
    "latitude": 37.159634,
    "longitude": -3.598949,
    "source_name": "URE repeater and beacon listings",
    "source_url": "https://www.ure.es/appure/repetidores/repe432_N.php",
    "source_record_id": "repe432_N.php:ED7ZAE:438.3000",
    "classification": "NEEDS_REVIEW",
    "band": "432 MHz",
    "origin": "URE",
    "geometry_source": "URE exact site coordinate",
    "vs_production": "NEW",
    "review_reason": "unresolved URE/RadioID conflict"
   }
  },
  {
   "type": "Feature",
   "geometry": {
    "type": "Point",
    "coordinates": [
     -2.812222,
     36.775277
    ]
   },
   "properties": {
    "callsign": "ED7ZAF",
    "name": null,
    "service_type": "repeater",
    "modes": [
     "DMR"
    ],
    "rx_frequency_mhz": 438.3,
    "tx_frequency_mhz": null,
    "offset_mhz": -7.6,
    "ctcss_hz": null,
    "dmr_color_code": 1,
    "dmr_network": "BrandMeister",
    "locator": "IM86OS",
    "municipality": "El Ejido",
    "province": "Almería",
    "autonomous_region": "Andalusia",
    "status": "on-air",
    "operator": "Asociación Radioaficionados Poniente Almería",
    "notes": "Administrative areas derived from exact URE site coordinates using OpenStreetMap Nominatim. DMR metadata enriched from RadioID: color_code=1, network=BrandMeister; RadioID identity_id 801; principal source remains URE. Status on-air from RadioID.",
    "last_verified_at": "2026-09-13",
    "latitude": 36.775277,
    "longitude": -2.812222,
    "source_name": "URE repeater and beacon listings",
    "source_url": "https://www.ure.es/appure/repetidores/repe432_N.php",
    "source_record_id": "repe432_N.php:ED7ZAF:438.3000",
    "classification": "IMPORT_READY",
    "band": "432 MHz",
    "origin": "URE",
    "geometry_source": "URE exact site coordinate",
    "vs_production": "NEW",
    "review_reason": null
   }
  },
  {
   "type": "Feature",
   "geometry": {
    "type": "Point",
    "coordinates": [
     -2.439444,
     36.844722
    ]
   },
   "properties": {
    "callsign": "ED7ZAH",
    "name": null,
    "service_type": "repeater",
    "modes": [
     "DMR"
    ],
    "rx_frequency_mhz": 438.425,
    "tx_frequency_mhz": null,
    "offset_mhz": -7.6,
    "ctcss_hz": null,
    "dmr_color_code": 1,
    "dmr_network": "BrandMeister",
    "locator": "IM86SU",
    "municipality": "Almería",
    "province": "Almería",
    "autonomous_region": "Andalusia",
    "status": "on-air",
    "operator": "URE Almería",
    "notes": "URE text states DMR ID 214710. Administrative areas derived from exact URE site coordinates using OpenStreetMap Nominatim. DMR metadata enriched from RadioID: color_code=1, network=BrandMeister; RadioID identity_id 796; principal source remains URE. Status on-air from RadioID.",
    "last_verified_at": "2026-09-13",
    "latitude": 36.844722,
    "longitude": -2.439444,
    "source_name": "URE repeater and beacon listings",
    "source_url": "https://www.ure.es/appure/repetidores/repe432_N.php",
    "source_record_id": "repe432_N.php:ED7ZAH:438.4250",
    "classification": "IMPORT_READY",
    "band": "432 MHz",
    "origin": "URE",
    "geometry_source": "URE exact site coordinate",
    "vs_production": "NEW",
    "review_reason": null
   }
  },
  {
   "type": "Feature",
   "geometry": {
    "type": "Point",
    "coordinates": [
     -5.95945,
     37.37038
    ]
   },
   "properties": {
    "callsign": "ED7ZAI",
    "name": null,
    "service_type": "repeater",
    "modes": [],
    "rx_frequency_mhz": 439.0,
    "tx_frequency_mhz": null,
    "offset_mhz": -7.6,
    "ctcss_hz": 88.5,
    "dmr_color_code": 1,
    "dmr_network": "BrandMeister",
    "locator": "IM77AJ",
    "municipality": "Sevilla",
    "province": "Sevilla",
    "autonomous_region": "Andalusia",
    "status": "on-air",
    "operator": "URE Sevilla",
    "notes": "URE listing does not state an operating mode. Administrative areas derived from exact URE site coordinates using OpenStreetMap Nominatim. DMR metadata enriched from RadioID: color_code=1, network=BrandMeister; RadioID identity_id 17559; principal source remains URE. Status on-air from RadioID.",
    "last_verified_at": "2026-09-13",
    "latitude": 37.37038,
    "longitude": -5.95945,
    "source_name": "URE repeater and beacon listings",
    "source_url": "https://www.ure.es/appure/repetidores/repe432_N.php",
    "source_record_id": "repe432_N.php:ED7ZAI:439.0000",
    "classification": "IMPORT_READY",
    "band": "432 MHz",
    "origin": "URE",
    "geometry_source": "URE exact site coordinate",
    "vs_production": "NEW",
    "review_reason": null
   }
  },
  {
   "type": "Feature",
   "geometry": {
    "type": "Point",
    "coordinates": [
     -5.942059,
     36.804474
    ]
   },
   "properties": {
    "callsign": "ED7ZAJ",
    "name": null,
    "service_type": "repeater",
    "modes": [
     "D-Star"
    ],
    "rx_frequency_mhz": 438.3,
    "tx_frequency_mhz": null,
    "offset_mhz": -7.6,
    "ctcss_hz": null,
    "dmr_color_code": null,
    "dmr_network": null,
    "locator": "IM76AT",
    "municipality": "Jerez de la Frontera",
    "province": "Cádiz",
    "autonomous_region": "Andalusia",
    "status": null,
    "operator": "URE San Fernando",
    "notes": "Administrative areas derived from exact URE site coordinates using OpenStreetMap Nominatim.",
    "last_verified_at": "2026-09-13",
    "latitude": 36.804474,
    "longitude": -5.942059,
    "source_name": "URE repeater and beacon listings",
    "source_url": "https://www.ure.es/appure/repetidores/repe432_N.php",
    "source_record_id": "repe432_N.php:ED7ZAJ:438.3000",
    "classification": "IMPORT_READY",
    "band": "432 MHz",
    "origin": "URE",
    "geometry_source": "URE exact site coordinate",
    "vs_production": "NEW",
    "review_reason": null
   }
  },
  {
   "type": "Feature",
   "geometry": {
    "type": "Point",
    "coordinates": [
     -6.03987,
     37.3465
    ]
   },
   "properties": {
    "callsign": "ED7ZAL",
    "name": null,
    "service_type": "repeater",
    "modes": [
     "DMR"
    ],
    "rx_frequency_mhz": 438.425,
    "tx_frequency_mhz": null,
    "offset_mhz": -7.6,
    "ctcss_hz": null,
    "dmr_color_code": 1,
    "dmr_network": "BrandMeister",
    "locator": "IM67XI",
    "municipality": "Mairena del Aljarafe",
    "province": "Sevilla",
    "autonomous_region": "Andalusia",
    "status": "on-air",
    "operator": "URE Sevilla",
    "notes": "URE text states color code 1. Administrative areas derived from exact URE site coordinates using OpenStreetMap Nominatim. DMR metadata enriched from RadioID: color_code=1, network=BrandMeister; RadioID identity_id 803; principal source remains URE. Status on-air from RadioID.",
    "last_verified_at": "2026-09-13",
    "latitude": 37.3465,
    "longitude": -6.03987,
    "source_name": "URE repeater and beacon listings",
    "source_url": "https://www.ure.es/appure/repetidores/repe432_N.php",
    "source_record_id": "repe432_N.php:ED7ZAL:438.4250",
    "classification": "IMPORT_READY",
    "band": "432 MHz",
    "origin": "URE",
    "geometry_source": "URE exact site coordinate",
    "vs_production": "ALREADY_PRESENT",
    "review_reason": null
   }
  },
  {
   "type": "Feature",
   "geometry": {
    "type": "Point",
    "coordinates": [
     -6.125789,
     36.501792
    ]
   },
   "properties": {
    "callsign": "ED7ZAM",
    "name": null,
    "service_type": "repeater",
    "modes": [
     "C4FM"
    ],
    "rx_frequency_mhz": 438.5,
    "tx_frequency_mhz": null,
    "offset_mhz": -7.6,
    "ctcss_hz": null,
    "dmr_color_code": null,
    "dmr_network": null,
    "locator": "IM66WM",
    "municipality": "Puerto Real",
    "province": "Cádiz",
    "autonomous_region": "Andalusia",
    "status": "on-air",
    "operator": "URE San Fernando",
    "notes": "Administrative areas derived from exact URE site coordinates using OpenStreetMap Nominatim. DMR metadata from RadioID withheld pending mode-conflict review.",
    "last_verified_at": "2026-09-13",
    "latitude": 36.501792,
    "longitude": -6.125789,
    "source_name": "URE repeater and beacon listings",
    "source_url": "https://www.ure.es/appure/repetidores/repe432_N.php",
    "source_record_id": "repe432_N.php:ED7ZAM:438.5000",
    "classification": "NEEDS_REVIEW",
    "band": "432 MHz",
    "origin": "URE",
    "geometry_source": "URE exact site coordinate",
    "vs_production": "NEW",
    "review_reason": "unresolved URE/RadioID conflict"
   }
  },
  {
   "type": "Feature",
   "geometry": {
    "type": "Point",
    "coordinates": [
     -17.825333,
     28.647164
    ]
   },
   "properties": {
    "callsign": "ED8YAB",
    "name": null,
    "service_type": "repeater",
    "modes": [
     "FM"
    ],
    "rx_frequency_mhz": 439.0,
    "tx_frequency_mhz": null,
    "offset_mhz": -7.6,
    "ctcss_hz": 79.7,
    "dmr_color_code": null,
    "dmr_network": null,
    "locator": "IL18CP",
    "municipality": "Breña Alta",
    "province": "Santa Cruz de Tenerife",
    "autonomous_region": "Canary Islands",
    "status": null,
    "operator": "Unión Radioaficionados Aridane",
    "notes": "Administrative areas derived from exact URE site coordinates using OpenStreetMap Nominatim.",
    "last_verified_at": "2026-09-13",
    "latitude": 28.647164,
    "longitude": -17.825333,
    "source_name": "URE repeater and beacon listings",
    "source_url": "https://www.ure.es/appure/repetidores/repe432_N.php",
    "source_record_id": "repe432_N.php:ED8YAB:439.0000",
    "classification": "IMPORT_READY",
    "band": "432 MHz",
    "origin": "URE",
    "geometry_source": "URE exact site coordinate",
    "vs_production": "ALREADY_PRESENT",
    "review_reason": null
   }
  },
  {
   "type": "Feature",
   "geometry": {
    "type": "Point",
    "coordinates": [
     -15.641083,
     28.151753
    ]
   },
   "properties": {
    "callsign": "ED8YAM",
    "name": null,
    "service_type": "repeater",
    "modes": [
     "FM"
    ],
    "rx_frequency_mhz": 438.8,
    "tx_frequency_mhz": null,
    "offset_mhz": -7.6,
    "ctcss_hz": 79.7,
    "dmr_color_code": null,
    "dmr_network": null,
    "locator": "IL28ED",
    "municipality": "Gáldar",
    "province": "Las Palmas",
    "autonomous_region": "Canary Islands",
    "status": null,
    "operator": "URE Las Palmas",
    "notes": "Administrative areas derived from exact URE site coordinates using OpenStreetMap Nominatim.",
    "last_verified_at": "2026-09-13",
    "latitude": 28.151753,
    "longitude": -15.641083,
    "source_name": "URE repeater and beacon listings",
    "source_url": "https://www.ure.es/appure/repetidores/repe432_N.php",
    "source_record_id": "repe432_N.php:ED8YAM:438.8000",
    "classification": "IMPORT_READY",
    "band": "432 MHz",
    "origin": "URE",
    "geometry_source": "URE exact site coordinate",
    "vs_production": "NEW",
    "review_reason": null
   }
  },
  {
   "type": "Feature",
   "geometry": {
    "type": "Point",
    "coordinates": [
     -16.466667,
     28.355
    ]
   },
   "properties": {
    "callsign": "ED8YAN",
    "name": null,
    "service_type": "repeater",
    "modes": [
     "FM"
    ],
    "rx_frequency_mhz": 439.15,
    "tx_frequency_mhz": null,
    "offset_mhz": -7.6,
    "ctcss_hz": 79.7,
    "dmr_color_code": null,
    "dmr_network": null,
    "locator": "IL18SI",
    "municipality": "La Orotava",
    "province": "Santa Cruz de Tenerife",
    "autonomous_region": "Canary Islands",
    "status": null,
    "operator": "URE Valle de la Orotava",
    "notes": "Administrative areas derived from exact URE site coordinates using OpenStreetMap Nominatim.",
    "last_verified_at": "2026-09-13",
    "latitude": 28.355,
    "longitude": -16.466667,
    "source_name": "URE repeater and beacon listings",
    "source_url": "https://www.ure.es/appure/repetidores/repe432_N.php",
    "source_record_id": "repe432_N.php:ED8YAN:439.1500",
    "classification": "IMPORT_READY",
    "band": "432 MHz",
    "origin": "URE",
    "geometry_source": "URE exact site coordinate",
    "vs_production": "NEW",
    "review_reason": null
   }
  },
  {
   "type": "Feature",
   "geometry": {
    "type": "Point",
    "coordinates": [
     -16.600833,
     28.378333
    ]
   },
   "properties": {
    "callsign": "ED8YAO",
    "name": null,
    "service_type": "repeater",
    "modes": [
     "FM"
    ],
    "rx_frequency_mhz": 439.3,
    "tx_frequency_mhz": null,
    "offset_mhz": -7.6,
    "ctcss_hz": 79.7,
    "dmr_color_code": null,
    "dmr_network": null,
    "locator": "IL18QJ",
    "municipality": "Los Realejos",
    "province": "Santa Cruz de Tenerife",
    "autonomous_region": "Canary Islands",
    "status": null,
    "operator": "URE Valle de la Orotava",
    "notes": "Administrative areas derived from exact URE site coordinates using OpenStreetMap Nominatim.",
    "last_verified_at": "2026-09-13",
    "latitude": 28.378333,
    "longitude": -16.600833,
    "source_name": "URE repeater and beacon listings",
    "source_url": "https://www.ure.es/appure/repetidores/repe432_N.php",
    "source_record_id": "repe432_N.php:ED8YAO:439.3000",
    "classification": "IMPORT_READY",
    "band": "432 MHz",
    "origin": "URE",
    "geometry_source": "URE exact site coordinate",
    "vs_production": "NEW",
    "review_reason": null
   }
  },
  {
   "type": "Feature",
   "geometry": {
    "type": "Point",
    "coordinates": [
     -15.565833,
     27.961167
    ]
   },
   "properties": {
    "callsign": "ED8ZAB",
    "name": null,
    "service_type": "repeater",
    "modes": [
     "D-Star",
     "FM"
    ],
    "rx_frequency_mhz": 438.4625,
    "tx_frequency_mhz": null,
    "offset_mhz": -7.6,
    "ctcss_hz": null,
    "dmr_color_code": null,
    "dmr_network": null,
    "locator": "IL27FX",
    "municipality": "Vega de San Mateo",
    "province": "Las Palmas",
    "autonomous_region": "Canary Islands",
    "status": null,
    "operator": "RC Tuhoco de Velhoco",
    "notes": "Administrative areas derived from exact URE site coordinates using OpenStreetMap Nominatim.",
    "last_verified_at": "2026-09-13",
    "latitude": 27.961167,
    "longitude": -15.565833,
    "source_name": "URE repeater and beacon listings",
    "source_url": "https://www.ure.es/appure/repetidores/repe432_N.php",
    "source_record_id": "repe432_N.php:ED8ZAB:438.4625",
    "classification": "IMPORT_READY",
    "band": "432 MHz",
    "origin": "URE",
    "geometry_source": "URE exact site coordinate",
    "vs_production": "NEW",
    "review_reason": null
   }
  },
  {
   "type": "Feature",
   "geometry": {
    "type": "Point",
    "coordinates": [
     -5.355278,
     35.899722
    ]
   },
   "properties": {
    "callsign": "ED9YAB",
    "name": null,
    "service_type": "repeater",
    "modes": [],
    "rx_frequency_mhz": 438.675,
    "tx_frequency_mhz": null,
    "offset_mhz": -7.6,
    "ctcss_hz": 82.5,
    "dmr_color_code": 1,
    "dmr_network": "DMR-plus",
    "locator": "IM75IV",
    "municipality": "Ceuta",
    "province": null,
    "autonomous_region": "Ceuta",
    "status": "on-air",
    "operator": "URE Sección Ceuta",
    "notes": "URE listing does not state an operating mode. Administrative areas derived from exact URE site coordinates using OpenStreetMap Nominatim. DMR metadata enriched from RadioID: color_code=1, network=DMR-plus; RadioID identity_id 813; principal source remains URE. Status on-air from RadioID.",
    "last_verified_at": "2026-09-13",
    "latitude": 35.899722,
    "longitude": -5.355278,
    "source_name": "URE repeater and beacon listings",
    "source_url": "https://www.ure.es/appure/repetidores/repe432_N.php",
    "source_record_id": "repe432_N.php:ED9YAB:438.6750",
    "classification": "IMPORT_READY",
    "band": "432 MHz",
    "origin": "URE",
    "geometry_source": "URE exact site coordinate",
    "vs_production": "ALREADY_PRESENT",
    "review_reason": null
   }
  },
  {
   "type": "Feature",
   "geometry": {
    "type": "Point",
    "coordinates": [
     1.892778,
     42.321111
    ]
   },
   "properties": {
    "callsign": "ED3YAI",
    "name": null,
    "service_type": "repeater",
    "modes": [
     "FM"
    ],
    "rx_frequency_mhz": 51.9,
    "tx_frequency_mhz": null,
    "offset_mhz": -0.6,
    "ctcss_hz": 88.5,
    "dmr_color_code": null,
    "dmr_network": null,
    "locator": "JN02WH",
    "municipality": "Das",
    "province": "Girona",
    "autonomous_region": "Catalonia",
    "status": null,
    "operator": "AMIRED",
    "notes": "Administrative areas derived from exact URE site coordinates using OpenStreetMap Nominatim.",
    "last_verified_at": "2026-09-13",
    "latitude": 42.321111,
    "longitude": 1.892778,
    "source_name": "URE repeater and beacon listings",
    "source_url": "https://www.ure.es/appure/repetidores/repe50_N.php",
    "source_record_id": "repe50_N.php:ED3YAI:51.9000",
    "classification": "IMPORT_READY",
    "band": "50 MHz",
    "origin": "URE",
    "geometry_source": "URE exact site coordinate",
    "vs_production": "ALREADY_PRESENT",
    "review_reason": null
   }
  },
  {
   "type": "Feature",
   "geometry": {
    "type": "Point",
    "coordinates": [
     -4.116667,
     40.683333
    ]
   },
   "properties": {
    "callsign": "ED4YAW",
    "name": null,
    "service_type": "repeater",
    "modes": [
     "FM"
    ],
    "rx_frequency_mhz": 51.95,
    "tx_frequency_mhz": null,
    "offset_mhz": -0.6,
    "ctcss_hz": 88.5,
    "dmr_color_code": null,
    "dmr_network": null,
    "locator": "IN70WR",
    "municipality": "Guadarrama",
    "province": null,
    "autonomous_region": "Community of Madrid",
    "status": null,
    "operator": "Subtono: 88,5 Hz - URE Sierra de Guadarrama",
    "notes": "Administrative areas derived from exact URE site coordinates using OpenStreetMap Nominatim.",
    "last_verified_at": "2026-09-13",
    "latitude": 40.683333,
    "longitude": -4.116667,
    "source_name": "URE repeater and beacon listings",
    "source_url": "https://www.ure.es/appure/repetidores/repe50_N.php",
    "source_record_id": "repe50_N.php:ED4YAW:51.9500",
    "classification": "IMPORT_READY",
    "band": "50 MHz",
    "origin": "URE",
    "geometry_source": "URE exact site coordinate",
    "vs_production": "ALREADY_PRESENT",
    "review_reason": null
   }
  },
  {
   "type": "Feature",
   "geometry": {
    "type": "Point",
    "coordinates": [
     -4.805832,
     37.963689
    ]
   },
   "properties": {
    "callsign": "ED7YAM",
    "name": null,
    "service_type": "repeater",
    "modes": [
     "FM"
    ],
    "rx_frequency_mhz": 51.81,
    "tx_frequency_mhz": null,
    "offset_mhz": -0.6,
    "ctcss_hz": 77.0,
    "dmr_color_code": null,
    "dmr_network": null,
    "locator": "IM77OX",
    "municipality": "Córdoba",
    "province": "Córdoba",
    "autonomous_region": "Andalusia",
    "status": null,
    "operator": "URE Córdoba",
    "notes": "Administrative areas derived from exact URE site coordinates using OpenStreetMap Nominatim.",
    "last_verified_at": "2026-09-13",
    "latitude": 37.963689,
    "longitude": -4.805832,
    "source_name": "URE repeater and beacon listings",
    "source_url": "https://www.ure.es/appure/repetidores/repe50_N.php",
    "source_record_id": "repe50_N.php:ED7YAM:51.8100",
    "classification": "IMPORT_READY",
    "band": "50 MHz",
    "origin": "URE",
    "geometry_source": "URE exact site coordinate",
    "vs_production": "ALREADY_PRESENT",
    "review_reason": null
   }
  },
  {
   "type": "Feature",
   "geometry": {
    "type": "Point",
    "coordinates": [
     2.119444,
     41.423889
    ]
   },
   "properties": {
    "callsign": "ED3YBG",
    "name": null,
    "service_type": "atv",
    "modes": [
     "ATV"
    ],
    "rx_frequency_mhz": null,
    "tx_frequency_mhz": null,
    "offset_mhz": null,
    "ctcss_hz": null,
    "dmr_color_code": null,
    "dmr_network": null,
    "locator": "JN11BK",
    "municipality": "Barcelona",
    "province": "Barcelona",
    "autonomous_region": "Catalonia",
    "status": null,
    "operator": "(Montaña del Tibidabo, Barcelona) CT Cataluña",
    "notes": "URE ATV entry lists multiple input/output frequencies; no single receive frequency. Administrative areas derived from exact URE site coordinates using OpenStreetMap Nominatim.",
    "last_verified_at": "2026-09-13",
    "latitude": 41.423889,
    "longitude": 2.119444,
    "source_name": "URE repeater and beacon listings",
    "source_url": "https://www.ure.es/appure/repetidores/repeATV_N.php",
    "source_record_id": "repeATV_N.php:ED3YBG:unknown",
    "classification": "NOT_IMPORTABLE",
    "band": null,
    "origin": "URE",
    "geometry_source": "URE exact site coordinate",
    "vs_production": "NEW",
    "review_reason": "missing required identity (callsign or rx frequency)"
   }
  },
  {
   "type": "Feature",
   "geometry": null,
   "properties": {
    "callsign": "EA7JYO",
    "name": null,
    "service_type": "repeater",
    "modes": [
     "DMR"
    ],
    "rx_frequency_mhz": 439.65,
    "tx_frequency_mhz": null,
    "offset_mhz": -8.0,
    "ctcss_hz": null,
    "dmr_color_code": 1,
    "dmr_network": "BrandMeister",
    "locator": null,
    "municipality": "Roquetas De Mar",
    "province": "Almería",
    "autonomous_region": null,
    "status": "on-air",
    "operator": null,
    "notes": "RadioID-only DMR record: no exact site coordinates are published by RadioID; geometry is intentionally null and this record is not importable until an authoritative exact site source is available. RadioID identity_id(s) [650, 651, 653].",
    "last_verified_at": "2026-09-13",
    "latitude": null,
    "longitude": null,
    "source_name": "RadioID.net DMR repeater API",
    "source_url": "https://radioid.net/api/dmr/repeater/?country=Spain",
    "source_record_id": "650;651;653",
    "classification": "NOT_IMPORTABLE",
    "band": "432 MHz",
    "origin": "RadioID",
    "geometry_source": null,
    "vs_production": "NEW",
    "review_reason": "RadioID-only record has no exact geometry."
   }
  },
  {
   "type": "Feature",
   "geometry": null,
   "properties": {
    "callsign": "ED5ZAG",
    "name": null,
    "service_type": "repeater",
    "modes": [
     "DMR"
    ],
    "rx_frequency_mhz": 438.275,
    "tx_frequency_mhz": null,
    "offset_mhz": -7.6,
    "ctcss_hz": null,
    "dmr_color_code": 1,
    "dmr_network": "BrandMeister",
    "locator": null,
    "municipality": "BENIDORM",
    "province": "Alicante",
    "autonomous_region": null,
    "status": "on-air",
    "operator": null,
    "notes": "RadioID-only DMR record: no exact site coordinates are published by RadioID; geometry is intentionally null and this record is not importable until an authoritative exact site source is available.",
    "last_verified_at": "2026-09-13",
    "latitude": null,
    "longitude": null,
    "source_name": "RadioID.net DMR repeater API",
    "source_url": "https://radioid.net/api/dmr/repeater/?country=Spain",
    "source_record_id": "652",
    "classification": "NOT_IMPORTABLE",
    "band": "432 MHz",
    "origin": "RadioID",
    "geometry_source": null,
    "vs_production": "NEW",
    "review_reason": "RadioID-only record has no exact geometry."
   }
  },
  {
   "type": "Feature",
   "geometry": null,
   "properties": {
    "callsign": "ED3YAZ",
    "name": null,
    "service_type": "repeater",
    "modes": [
     "DMR"
    ],
    "rx_frequency_mhz": 438.287,
    "tx_frequency_mhz": null,
    "offset_mhz": -7.6,
    "ctcss_hz": null,
    "dmr_color_code": 1,
    "dmr_network": "BrandMeister",
    "locator": null,
    "municipality": "Girona",
    "province": "Girona",
    "autonomous_region": null,
    "status": "on-air",
    "operator": null,
    "notes": "RadioID-only DMR record: no exact site coordinates are published by RadioID; geometry is intentionally null and this record is not importable until an authoritative exact site source is available.",
    "last_verified_at": "2026-09-13",
    "latitude": null,
    "longitude": null,
    "source_name": "RadioID.net DMR repeater API",
    "source_url": "https://radioid.net/api/dmr/repeater/?country=Spain",
    "source_record_id": "655",
    "classification": "NOT_IMPORTABLE",
    "band": "432 MHz",
    "origin": "RadioID",
    "geometry_source": null,
    "vs_production": "NEW",
    "review_reason": "RadioID-only record has no exact geometry."
   }
  },
  {
   "type": "Feature",
   "geometry": null,
   "properties": {
    "callsign": "ED5ZAF",
    "name": null,
    "service_type": "repeater",
    "modes": [
     "DMR"
    ],
    "rx_frequency_mhz": 438.475,
    "tx_frequency_mhz": null,
    "offset_mhz": -7.6,
    "ctcss_hz": null,
    "dmr_color_code": 1,
    "dmr_network": "BrandMeister",
    "locator": null,
    "municipality": "Albacete",
    "province": "Albacete",
    "autonomous_region": null,
    "status": "on-air",
    "operator": null,
    "notes": "RadioID-only DMR record: no exact site coordinates are published by RadioID; geometry is intentionally null and this record is not importable until an authoritative exact site source is available.",
    "last_verified_at": "2026-09-13",
    "latitude": null,
    "longitude": null,
    "source_name": "RadioID.net DMR repeater API",
    "source_url": "https://radioid.net/api/dmr/repeater/?country=Spain",
    "source_record_id": "656",
    "classification": "NOT_IMPORTABLE",
    "band": "432 MHz",
    "origin": "RadioID",
    "geometry_source": null,
    "vs_production": "NEW",
    "review_reason": "RadioID-only record has no exact geometry."
   }
  },
  {
   "type": "Feature",
   "geometry": null,
   "properties": {
    "callsign": "ED2YAV",
    "name": null,
    "service_type": "repeater",
    "modes": [
     "DMR"
    ],
    "rx_frequency_mhz": 438.4,
    "tx_frequency_mhz": null,
    "offset_mhz": -7.6,
    "ctcss_hz": null,
    "dmr_color_code": 1,
    "dmr_network": "BrandMeister",
    "locator": null,
    "municipality": "Bilbao",
    "province": "Bizkaia",
    "autonomous_region": null,
    "status": "on-air",
    "operator": null,
    "notes": "RadioID-only DMR record: no exact site coordinates are published by RadioID; geometry is intentionally null and this record is not importable until an authoritative exact site source is available.",
    "last_verified_at": "2026-09-13",
    "latitude": null,
    "longitude": null,
    "source_name": "RadioID.net DMR repeater API",
    "source_url": "https://radioid.net/api/dmr/repeater/?country=Spain",
    "source_record_id": "657",
    "classification": "NOT_IMPORTABLE",
    "band": "432 MHz",
    "origin": "RadioID",
    "geometry_source": null,
    "vs_production": "NEW",
    "review_reason": "RadioID-only record has no exact geometry."
   }
  },
  {
   "type": "Feature",
   "geometry": null,
   "properties": {
    "callsign": "ED2ZAL",
    "name": null,
    "service_type": "repeater",
    "modes": [
     "DMR"
    ],
    "rx_frequency_mhz": 438.25,
    "tx_frequency_mhz": null,
    "offset_mhz": -7.6,
    "ctcss_hz": null,
    "dmr_color_code": 1,
    "dmr_network": "BrandMeister",
    "locator": null,
    "municipality": "LOARRE",
    "province": "Huesca",
    "autonomous_region": null,
    "status": "on-air",
    "operator": null,
    "notes": "RadioID-only DMR record: no exact site coordinates are published by RadioID; geometry is intentionally null and this record is not importable until an authoritative exact site source is available.",
    "last_verified_at": "2026-09-13",
    "latitude": null,
    "longitude": null,
    "source_name": "RadioID.net DMR repeater API",
    "source_url": "https://radioid.net/api/dmr/repeater/?country=Spain",
    "source_record_id": "658",
    "classification": "NOT_IMPORTABLE",
    "band": "432 MHz",
    "origin": "RadioID",
    "geometry_source": null,
    "vs_production": "NEW",
    "review_reason": "RadioID-only record has no exact geometry."
   }
  },
  {
   "type": "Feature",
   "geometry": null,
   "properties": {
    "callsign": "ED2ZAM",
    "name": null,
    "service_type": "repeater",
    "modes": [
     "DMR"
    ],
    "rx_frequency_mhz": 438.5,
    "tx_frequency_mhz": null,
    "offset_mhz": -7.6,
    "ctcss_hz": null,
    "dmr_color_code": 1,
    "dmr_network": "BrandMeister",
    "locator": null,
    "municipality": "Monzon",
    "province": "Huesca",
    "autonomous_region": null,
    "status": "on-air",
    "operator": null,
    "notes": "RadioID-only DMR record: no exact site coordinates are published by RadioID; geometry is intentionally null and this record is not importable until an authoritative exact site source is available.",
    "last_verified_at": "2026-09-13",
    "latitude": null,
    "longitude": null,
    "source_name": "RadioID.net DMR repeater API",
    "source_url": "https://radioid.net/api/dmr/repeater/?country=Spain",
    "source_record_id": "660",
    "classification": "NOT_IMPORTABLE",
    "band": "432 MHz",
    "origin": "RadioID",
    "geometry_source": null,
    "vs_production": "NEW",
    "review_reason": "RadioID-only record has no exact geometry."
   }
  },
  {
   "type": "Feature",
   "geometry": null,
   "properties": {
    "callsign": "EA5ZAP",
    "name": null,
    "service_type": "repeater",
    "modes": [
     "DMR"
    ],
    "rx_frequency_mhz": 438.2,
    "tx_frequency_mhz": null,
    "offset_mhz": -7.6,
    "ctcss_hz": null,
    "dmr_color_code": 1,
    "dmr_network": "BrandMeister",
    "locator": null,
    "municipality": "Benicassim",
    "province": "Castellón",
    "autonomous_region": null,
    "status": "on-air",
    "operator": null,
    "notes": "RadioID-only DMR record: no exact site coordinates are published by RadioID; geometry is intentionally null and this record is not importable until an authoritative exact site source is available.",
    "last_verified_at": "2026-09-13",
    "latitude": null,
    "longitude": null,
    "source_name": "RadioID.net DMR repeater API",
    "source_url": "https://radioid.net/api/dmr/repeater/?country=Spain",
    "source_record_id": "661",
    "classification": "NOT_IMPORTABLE",
    "band": "432 MHz",
    "origin": "RadioID",
    "geometry_source": null,
    "vs_production": "NEW",
    "review_reason": "RadioID-only record has no exact geometry."
   }
  },
  {
   "type": "Feature",
   "geometry": null,
   "properties": {
    "callsign": "ED5ZAP",
    "name": null,
    "service_type": "repeater",
    "modes": [
     "DMR"
    ],
    "rx_frequency_mhz": 438.2,
    "tx_frequency_mhz": null,
    "offset_mhz": -7.6,
    "ctcss_hz": null,
    "dmr_color_code": 1,
    "dmr_network": "BrandMeister",
    "locator": null,
    "municipality": "Benicassim",
    "province": "Castellón",
    "autonomous_region": null,
    "status": "on-air",
    "operator": null,
    "notes": "RadioID-only DMR record: no exact site coordinates are published by RadioID; geometry is intentionally null and this record is not importable until an authoritative exact site source is available.",
    "last_verified_at": "2026-09-13",
    "latitude": null,
    "longitude": null,
    "source_name": "RadioID.net DMR repeater API",
    "source_url": "https://radioid.net/api/dmr/repeater/?country=Spain",
    "source_record_id": "662",
    "classification": "NOT_IMPORTABLE",
    "band": "432 MHz",
    "origin": "RadioID",
    "geometry_source": null,
    "vs_production": "NEW",
    "review_reason": "RadioID-only record has no exact geometry."
   }
  },
  {
   "type": "Feature",
   "geometry": null,
   "properties": {
    "callsign": "ED6ZAD",
    "name": null,
    "service_type": "repeater",
    "modes": [
     "DMR"
    ],
    "rx_frequency_mhz": 438.25,
    "tx_frequency_mhz": null,
    "offset_mhz": -7.6,
    "ctcss_hz": null,
    "dmr_color_code": 1,
    "dmr_network": "BrandMeister",
    "locator": null,
    "municipality": "IBIZA",
    "province": "Illes Balears",
    "autonomous_region": null,
    "status": "on-air",
    "operator": null,
    "notes": "RadioID-only DMR record: no exact site coordinates are published by RadioID; geometry is intentionally null and this record is not importable until an authoritative exact site source is available.",
    "last_verified_at": "2026-09-13",
    "latitude": null,
    "longitude": null,
    "source_name": "RadioID.net DMR repeater API",
    "source_url": "https://radioid.net/api/dmr/repeater/?country=Spain",
    "source_record_id": "663",
    "classification": "NOT_IMPORTABLE",
    "band": "432 MHz",
    "origin": "RadioID",
    "geometry_source": null,
    "vs_production": "NEW",
    "review_reason": "RadioID-only record has no exact geometry."
   }
  },
  {
   "type": "Feature",
   "geometry": null,
   "properties": {
    "callsign": "ED2ZAN",
    "name": null,
    "service_type": "repeater",
    "modes": [
     "DMR"
    ],
    "rx_frequency_mhz": 438.35,
    "tx_frequency_mhz": null,
    "offset_mhz": -7.6,
    "ctcss_hz": null,
    "dmr_color_code": 1,
    "dmr_network": "BrandMeister",
    "locator": null,
    "municipality": "Bellestar",
    "province": "Huesca",
    "autonomous_region": null,
    "status": "on-air",
    "operator": null,
    "notes": "RadioID-only DMR record: no exact site coordinates are published by RadioID; geometry is intentionally null and this record is not importable until an authoritative exact site source is available.",
    "last_verified_at": "2026-09-13",
    "latitude": null,
    "longitude": null,
    "source_name": "RadioID.net DMR repeater API",
    "source_url": "https://radioid.net/api/dmr/repeater/?country=Spain",
    "source_record_id": "664",
    "classification": "NOT_IMPORTABLE",
    "band": "432 MHz",
    "origin": "RadioID",
    "geometry_source": null,
    "vs_production": "NEW",
    "review_reason": "RadioID-only record has no exact geometry."
   }
  },
  {
   "type": "Feature",
   "geometry": null,
   "properties": {
    "callsign": "ED1ZAJ",
    "name": null,
    "service_type": "repeater",
    "modes": [
     "DMR"
    ],
    "rx_frequency_mhz": 438.3,
    "tx_frequency_mhz": null,
    "offset_mhz": -7.6,
    "ctcss_hz": null,
    "dmr_color_code": 1,
    "dmr_network": "BrandMeister",
    "locator": null,
    "municipality": "Verin",
    "province": "Ourense",
    "autonomous_region": null,
    "status": "on-air",
    "operator": null,
    "notes": "RadioID-only DMR record: no exact site coordinates are published by RadioID; geometry is intentionally null and this record is not importable until an authoritative exact site source is available.",
    "last_verified_at": "2026-09-13",
    "latitude": null,
    "longitude": null,
    "source_name": "RadioID.net DMR repeater API",
    "source_url": "https://radioid.net/api/dmr/repeater/?country=Spain",
    "source_record_id": "665",
    "classification": "NOT_IMPORTABLE",
    "band": "432 MHz",
    "origin": "RadioID",
    "geometry_source": null,
    "vs_production": "NEW",
    "review_reason": "RadioID-only record has no exact geometry."
   }
  },
  {
   "type": "Feature",
   "geometry": null,
   "properties": {
    "callsign": "ED1ZBL",
    "name": null,
    "service_type": "repeater",
    "modes": [
     "DMR"
    ],
    "rx_frequency_mhz": 438.25,
    "tx_frequency_mhz": null,
    "offset_mhz": -7.6,
    "ctcss_hz": null,
    "dmr_color_code": 1,
    "dmr_network": "DMR",
    "locator": null,
    "municipality": "EZCARAY",
    "province": "La Rioja",
    "autonomous_region": null,
    "status": "on-air",
    "operator": null,
    "notes": "RadioID-only DMR record: no exact site coordinates are published by RadioID; geometry is intentionally null and this record is not importable until an authoritative exact site source is available.",
    "last_verified_at": "2026-09-13",
    "latitude": null,
    "longitude": null,
    "source_name": "RadioID.net DMR repeater API",
    "source_url": "https://radioid.net/api/dmr/repeater/?country=Spain",
    "source_record_id": "666",
    "classification": "NOT_IMPORTABLE",
    "band": "432 MHz",
    "origin": "RadioID",
    "geometry_source": null,
    "vs_production": "NEW",
    "review_reason": "RadioID-only record has no exact geometry."
   }
  },
  {
   "type": "Feature",
   "geometry": null,
   "properties": {
    "callsign": "ED1ZBK",
    "name": null,
    "service_type": "repeater",
    "modes": [
     "DMR"
    ],
    "rx_frequency_mhz": 438.375,
    "tx_frequency_mhz": null,
    "offset_mhz": -7.6,
    "ctcss_hz": null,
    "dmr_color_code": 1,
    "dmr_network": "BrandMeister",
    "locator": null,
    "municipality": "Salas",
    "province": "Asturias",
    "autonomous_region": null,
    "status": "on-air",
    "operator": null,
    "notes": "RadioID-only DMR record: no exact site coordinates are published by RadioID; geometry is intentionally null and this record is not importable until an authoritative exact site source is available.",
    "last_verified_at": "2026-09-13",
    "latitude": null,
    "longitude": null,
    "source_name": "RadioID.net DMR repeater API",
    "source_url": "https://radioid.net/api/dmr/repeater/?country=Spain",
    "source_record_id": "667",
    "classification": "NOT_IMPORTABLE",
    "band": "432 MHz",
    "origin": "RadioID",
    "geometry_source": null,
    "vs_production": "NEW",
    "review_reason": "RadioID-only record has no exact geometry."
   }
  },
  {
   "type": "Feature",
   "geometry": null,
   "properties": {
    "callsign": "ED3YBK",
    "name": null,
    "service_type": "repeater",
    "modes": [
     "DMR"
    ],
    "rx_frequency_mhz": 145.575,
    "tx_frequency_mhz": null,
    "offset_mhz": -0.6,
    "ctcss_hz": null,
    "dmr_color_code": 1,
    "dmr_network": "BrandMeister",
    "locator": null,
    "municipality": "Esparreguera",
    "province": "Barcelona",
    "autonomous_region": null,
    "status": "on-air",
    "operator": null,
    "notes": "RadioID-only DMR record: no exact site coordinates are published by RadioID; geometry is intentionally null and this record is not importable until an authoritative exact site source is available. RadioID identity_id(s) [668, 669].",
    "last_verified_at": "2026-09-13",
    "latitude": null,
    "longitude": null,
    "source_name": "RadioID.net DMR repeater API",
    "source_url": "https://radioid.net/api/dmr/repeater/?country=Spain",
    "source_record_id": "668;669",
    "classification": "NOT_IMPORTABLE",
    "band": "144 MHz",
    "origin": "RadioID",
    "geometry_source": null,
    "vs_production": "NEW",
    "review_reason": "RadioID-only record has no exact geometry."
   }
  },
  {
   "type": "Feature",
   "geometry": null,
   "properties": {
    "callsign": "ED5ZAQ",
    "name": null,
    "service_type": "repeater",
    "modes": [
     "DMR"
    ],
    "rx_frequency_mhz": 438.4,
    "tx_frequency_mhz": null,
    "offset_mhz": -7.6,
    "ctcss_hz": null,
    "dmr_color_code": 1,
    "dmr_network": "BrandMeister",
    "locator": null,
    "municipality": "Higueruela",
    "province": "Albacete",
    "autonomous_region": null,
    "status": "on-air",
    "operator": null,
    "notes": "RadioID-only DMR record: no exact site coordinates are published by RadioID; geometry is intentionally null and this record is not importable until an authoritative exact site source is available.",
    "last_verified_at": "2026-09-13",
    "latitude": null,
    "longitude": null,
    "source_name": "RadioID.net DMR repeater API",
    "source_url": "https://radioid.net/api/dmr/repeater/?country=Spain",
    "source_record_id": "670",
    "classification": "NOT_IMPORTABLE",
    "band": "432 MHz",
    "origin": "RadioID",
    "geometry_source": null,
    "vs_production": "NEW",
    "review_reason": "RadioID-only record has no exact geometry."
   }
  },
  {
   "type": "Feature",
   "geometry": null,
   "properties": {
    "callsign": "EA4XXX",
    "name": null,
    "service_type": "repeater",
    "modes": [
     "DMR"
    ],
    "rx_frequency_mhz": 438.25,
    "tx_frequency_mhz": null,
    "offset_mhz": -7.6,
    "ctcss_hz": null,
    "dmr_color_code": 1,
    "dmr_network": "DMR-plus",
    "locator": null,
    "municipality": "Getafe",
    "province": "Madrid",
    "autonomous_region": null,
    "status": "on-air",
    "operator": null,
    "notes": "RadioID-only DMR record: no exact site coordinates are published by RadioID; geometry is intentionally null and this record is not importable until an authoritative exact site source is available.",
    "last_verified_at": "2026-09-13",
    "latitude": null,
    "longitude": null,
    "source_name": "RadioID.net DMR repeater API",
    "source_url": "https://radioid.net/api/dmr/repeater/?country=Spain",
    "source_record_id": "672",
    "classification": "NOT_IMPORTABLE",
    "band": "432 MHz",
    "origin": "RadioID",
    "geometry_source": null,
    "vs_production": "NEW",
    "review_reason": "RadioID-only record has no exact geometry."
   }
  },
  {
   "type": "Feature",
   "geometry": null,
   "properties": {
    "callsign": "ED1YBL",
    "name": null,
    "service_type": "repeater",
    "modes": [
     "DMR"
    ],
    "rx_frequency_mhz": 145.6375,
    "tx_frequency_mhz": null,
    "offset_mhz": -0.6,
    "ctcss_hz": null,
    "dmr_color_code": 1,
    "dmr_network": "BrandMeister",
    "locator": null,
    "municipality": "Parada Sil - Ourense ",
    "province": "Ourense",
    "autonomous_region": null,
    "status": "on-air",
    "operator": null,
    "notes": "RadioID-only DMR record: no exact site coordinates are published by RadioID; geometry is intentionally null and this record is not importable until an authoritative exact site source is available.",
    "last_verified_at": "2026-09-13",
    "latitude": null,
    "longitude": null,
    "source_name": "RadioID.net DMR repeater API",
    "source_url": "https://radioid.net/api/dmr/repeater/?country=Spain",
    "source_record_id": "17002",
    "classification": "NOT_IMPORTABLE",
    "band": "144 MHz",
    "origin": "RadioID",
    "geometry_source": null,
    "vs_production": "NEW",
    "review_reason": "RadioID-only record has no exact geometry."
   }
  },
  {
   "type": "Feature",
   "geometry": null,
   "properties": {
    "callsign": "ED1YBK",
    "name": null,
    "service_type": "repeater",
    "modes": [
     "DMR"
    ],
    "rx_frequency_mhz": 438.25,
    "tx_frequency_mhz": null,
    "offset_mhz": -7.6,
    "ctcss_hz": null,
    "dmr_color_code": 1,
    "dmr_network": "BrandMeister",
    "locator": null,
    "municipality": "Sabadelle - Ourense ",
    "province": "Ourense",
    "autonomous_region": null,
    "status": "on-air",
    "operator": null,
    "notes": "RadioID-only DMR record: no exact site coordinates are published by RadioID; geometry is intentionally null and this record is not importable until an authoritative exact site source is available.",
    "last_verified_at": "2026-09-13",
    "latitude": null,
    "longitude": null,
    "source_name": "RadioID.net DMR repeater API",
    "source_url": "https://radioid.net/api/dmr/repeater/?country=Spain",
    "source_record_id": "17056",
    "classification": "NOT_IMPORTABLE",
    "band": "432 MHz",
    "origin": "RadioID",
    "geometry_source": null,
    "vs_production": "NEW",
    "review_reason": "RadioID-only record has no exact geometry."
   }
  },
  {
   "type": "Feature",
   "geometry": null,
   "properties": {
    "callsign": "EA4GTP",
    "name": null,
    "service_type": "repeater",
    "modes": [
     "DMR"
    ],
    "rx_frequency_mhz": 438.45,
    "tx_frequency_mhz": null,
    "offset_mhz": -7.6,
    "ctcss_hz": null,
    "dmr_color_code": 1,
    "dmr_network": "192.168.10.1",
    "locator": null,
    "municipality": "Mostoles",
    "province": "Madrid",
    "autonomous_region": null,
    "status": "on-air",
    "operator": null,
    "notes": "RadioID-only DMR record: no exact site coordinates are published by RadioID; geometry is intentionally null and this record is not importable until an authoritative exact site source is available.",
    "last_verified_at": "2026-09-13",
    "latitude": null,
    "longitude": null,
    "source_name": "RadioID.net DMR repeater API",
    "source_url": "https://radioid.net/api/dmr/repeater/?country=Spain",
    "source_record_id": "17391",
    "classification": "NOT_IMPORTABLE",
    "band": "432 MHz",
    "origin": "RadioID",
    "geometry_source": null,
    "vs_production": "NEW",
    "review_reason": "RadioID-only record has no exact geometry."
   }
  },
  {
   "type": "Feature",
   "geometry": null,
   "properties": {
    "callsign": "ED4ZAM",
    "name": null,
    "service_type": "repeater",
    "modes": [
     "DMR"
    ],
    "rx_frequency_mhz": 438.8,
    "tx_frequency_mhz": null,
    "offset_mhz": -7.6,
    "ctcss_hz": null,
    "dmr_color_code": 1,
    "dmr_network": "TGIF",
    "locator": null,
    "municipality": "Calera de leon",
    "province": "Badajoz",
    "autonomous_region": null,
    "status": "on-air",
    "operator": null,
    "notes": "RadioID-only DMR record: no exact site coordinates are published by RadioID; geometry is intentionally null and this record is not importable until an authoritative exact site source is available.",
    "last_verified_at": "2026-09-13",
    "latitude": null,
    "longitude": null,
    "source_name": "RadioID.net DMR repeater API",
    "source_url": "https://radioid.net/api/dmr/repeater/?country=Spain",
    "source_record_id": "17624",
    "classification": "NOT_IMPORTABLE",
    "band": "432 MHz",
    "origin": "RadioID",
    "geometry_source": null,
    "vs_production": "NEW",
    "review_reason": "RadioID-only record has no exact geometry."
   }
  },
  {
   "type": "Feature",
   "geometry": null,
   "properties": {
    "callsign": "ED1ZAS",
    "name": null,
    "service_type": "repeater",
    "modes": [
     "DMR"
    ],
    "rx_frequency_mhz": 438.225,
    "tx_frequency_mhz": null,
    "offset_mhz": -7.6,
    "ctcss_hz": null,
    "dmr_color_code": 1,
    "dmr_network": "BrandMeister",
    "locator": null,
    "municipality": "Gijon",
    "province": "Asturias",
    "autonomous_region": null,
    "status": "on-air",
    "operator": null,
    "notes": "RadioID-only DMR record: no exact site coordinates are published by RadioID; geometry is intentionally null and this record is not importable until an authoritative exact site source is available.",
    "last_verified_at": "2026-09-13",
    "latitude": null,
    "longitude": null,
    "source_name": "RadioID.net DMR repeater API",
    "source_url": "https://radioid.net/api/dmr/repeater/?country=Spain",
    "source_record_id": "673",
    "classification": "NOT_IMPORTABLE",
    "band": "432 MHz",
    "origin": "RadioID",
    "geometry_source": null,
    "vs_production": "NEW",
    "review_reason": "RadioID-only record has no exact geometry."
   }
  },
  {
   "type": "Feature",
   "geometry": null,
   "properties": {
    "callsign": "ED1YBQ",
    "name": null,
    "service_type": "repeater",
    "modes": [
     "DMR"
    ],
    "rx_frequency_mhz": 438.65,
    "tx_frequency_mhz": null,
    "offset_mhz": -7.6,
    "ctcss_hz": null,
    "dmr_color_code": 1,
    "dmr_network": "DMR-plus",
    "locator": null,
    "municipality": "Bejar",
    "province": null,
    "autonomous_region": null,
    "status": "on-air",
    "operator": null,
    "notes": "RadioID-only DMR record: no exact site coordinates are published by RadioID; geometry is intentionally null and this record is not importable until an authoritative exact site source is available.",
    "last_verified_at": "2026-09-13",
    "latitude": null,
    "longitude": null,
    "source_name": "RadioID.net DMR repeater API",
    "source_url": "https://radioid.net/api/dmr/repeater/?country=Spain",
    "source_record_id": "674",
    "classification": "NOT_IMPORTABLE",
    "band": "432 MHz",
    "origin": "RadioID",
    "geometry_source": null,
    "vs_production": "NEW",
    "review_reason": "RadioID-only record has no exact geometry."
   }
  },
  {
   "type": "Feature",
   "geometry": null,
   "properties": {
    "callsign": "ED1ZAU",
    "name": null,
    "service_type": "repeater",
    "modes": [
     "DMR"
    ],
    "rx_frequency_mhz": 438.5,
    "tx_frequency_mhz": null,
    "offset_mhz": -7.6,
    "ctcss_hz": null,
    "dmr_color_code": 1,
    "dmr_network": "BrandMeister",
    "locator": null,
    "municipality": "Oviedo",
    "province": "Asturias",
    "autonomous_region": null,
    "status": "on-air",
    "operator": null,
    "notes": "RadioID-only DMR record: no exact site coordinates are published by RadioID; geometry is intentionally null and this record is not importable until an authoritative exact site source is available.",
    "last_verified_at": "2026-09-13",
    "latitude": null,
    "longitude": null,
    "source_name": "RadioID.net DMR repeater API",
    "source_url": "https://radioid.net/api/dmr/repeater/?country=Spain",
    "source_record_id": "675",
    "classification": "NOT_IMPORTABLE",
    "band": "432 MHz",
    "origin": "RadioID",
    "geometry_source": null,
    "vs_production": "NEW",
    "review_reason": "RadioID-only record has no exact geometry."
   }
  },
  {
   "type": "Feature",
   "geometry": null,
   "properties": {
    "callsign": "ED1ZAB",
    "name": null,
    "service_type": "repeater",
    "modes": [
     "DMR"
    ],
    "rx_frequency_mhz": 438.5,
    "tx_frequency_mhz": null,
    "offset_mhz": -7.6,
    "ctcss_hz": null,
    "dmr_color_code": 1,
    "dmr_network": "BrandMeister",
    "locator": null,
    "municipality": "SALAMANCA",
    "province": "Salamanca",
    "autonomous_region": null,
    "status": "on-air",
    "operator": null,
    "notes": "RadioID-only DMR record: no exact site coordinates are published by RadioID; geometry is intentionally null and this record is not importable until an authoritative exact site source is available.",
    "last_verified_at": "2026-09-13",
    "latitude": null,
    "longitude": null,
    "source_name": "RadioID.net DMR repeater API",
    "source_url": "https://radioid.net/api/dmr/repeater/?country=Spain",
    "source_record_id": "678",
    "classification": "NOT_IMPORTABLE",
    "band": "432 MHz",
    "origin": "RadioID",
    "geometry_source": null,
    "vs_production": "NEW",
    "review_reason": "RadioID-only record has no exact geometry."
   }
  },
  {
   "type": "Feature",
   "geometry": null,
   "properties": {
    "callsign": "ED1YBT",
    "name": null,
    "service_type": "repeater",
    "modes": [
     "DMR"
    ],
    "rx_frequency_mhz": 438.45,
    "tx_frequency_mhz": null,
    "offset_mhz": -7.6,
    "ctcss_hz": null,
    "dmr_color_code": 1,
    "dmr_network": "BrandMeister",
    "locator": null,
    "municipality": "BURGOS",
    "province": null,
    "autonomous_region": null,
    "status": "on-air",
    "operator": null,
    "notes": "RadioID-only DMR record: no exact site coordinates are published by RadioID; geometry is intentionally null and this record is not importable until an authoritative exact site source is available.",
    "last_verified_at": "2026-09-13",
    "latitude": null,
    "longitude": null,
    "source_name": "RadioID.net DMR repeater API",
    "source_url": "https://radioid.net/api/dmr/repeater/?country=Spain",
    "source_record_id": "679",
    "classification": "NOT_IMPORTABLE",
    "band": "432 MHz",
    "origin": "RadioID",
    "geometry_source": null,
    "vs_production": "NEW",
    "review_reason": "RadioID-only record has no exact geometry."
   }
  },
  {
   "type": "Feature",
   "geometry": null,
   "properties": {
    "callsign": "ED1ZAK",
    "name": null,
    "service_type": "repeater",
    "modes": [
     "DMR"
    ],
    "rx_frequency_mhz": 145.5875,
    "tx_frequency_mhz": null,
    "offset_mhz": -0.6,
    "ctcss_hz": null,
    "dmr_color_code": 1,
    "dmr_network": "DMR-plus",
    "locator": null,
    "municipality": "Repetidor Dmr Burgos",
    "province": null,
    "autonomous_region": null,
    "status": "on-air",
    "operator": null,
    "notes": "RadioID-only DMR record: no exact site coordinates are published by RadioID; geometry is intentionally null and this record is not importable until an authoritative exact site source is available.",
    "last_verified_at": "2026-09-13",
    "latitude": null,
    "longitude": null,
    "source_name": "RadioID.net DMR repeater API",
    "source_url": "https://radioid.net/api/dmr/repeater/?country=Spain",
    "source_record_id": "680",
    "classification": "NOT_IMPORTABLE",
    "band": "144 MHz",
    "origin": "RadioID",
    "geometry_source": null,
    "vs_production": "NEW",
    "review_reason": "RadioID-only record has no exact geometry."
   }
  },
  {
   "type": "Feature",
   "geometry": null,
   "properties": {
    "callsign": "ED1ZAR",
    "name": null,
    "service_type": "repeater",
    "modes": [
     "DMR"
    ],
    "rx_frequency_mhz": 438.5,
    "tx_frequency_mhz": null,
    "offset_mhz": -7.6,
    "ctcss_hz": null,
    "dmr_color_code": 1,
    "dmr_network": "BrandMeister",
    "locator": null,
    "municipality": "FENE",
    "province": "A Coruña",
    "autonomous_region": null,
    "status": "on-air",
    "operator": null,
    "notes": "RadioID-only DMR record: no exact site coordinates are published by RadioID; geometry is intentionally null and this record is not importable until an authoritative exact site source is available.",
    "last_verified_at": "2026-09-13",
    "latitude": null,
    "longitude": null,
    "source_name": "RadioID.net DMR repeater API",
    "source_url": "https://radioid.net/api/dmr/repeater/?country=Spain",
    "source_record_id": "683",
    "classification": "NOT_IMPORTABLE",
    "band": "432 MHz",
    "origin": "RadioID",
    "geometry_source": null,
    "vs_production": "NEW",
    "review_reason": "RadioID-only record has no exact geometry."
   }
  },
  {
   "type": "Feature",
   "geometry": null,
   "properties": {
    "callsign": "ED1ZAZ",
    "name": null,
    "service_type": "repeater",
    "modes": [
     "DMR"
    ],
    "rx_frequency_mhz": 438.425,
    "tx_frequency_mhz": null,
    "offset_mhz": -7.6,
    "ctcss_hz": null,
    "dmr_color_code": 1,
    "dmr_network": "BrandMeister",
    "locator": null,
    "municipality": "Isla",
    "province": "Cantabria",
    "autonomous_region": null,
    "status": "on-air",
    "operator": null,
    "notes": "RadioID-only DMR record: no exact site coordinates are published by RadioID; geometry is intentionally null and this record is not importable until an authoritative exact site source is available.",
    "last_verified_at": "2026-09-13",
    "latitude": null,
    "longitude": null,
    "source_name": "RadioID.net DMR repeater API",
    "source_url": "https://radioid.net/api/dmr/repeater/?country=Spain",
    "source_record_id": "685",
    "classification": "NOT_IMPORTABLE",
    "band": "432 MHz",
    "origin": "RadioID",
    "geometry_source": null,
    "vs_production": "NEW",
    "review_reason": "RadioID-only record has no exact geometry."
   }
  },
  {
   "type": "Feature",
   "geometry": null,
   "properties": {
    "callsign": "ED1YAF",
    "name": null,
    "service_type": "repeater",
    "modes": [
     "DMR"
    ],
    "rx_frequency_mhz": 438.475,
    "tx_frequency_mhz": null,
    "offset_mhz": -7.6,
    "ctcss_hz": null,
    "dmr_color_code": 1,
    "dmr_network": "DMR-plus",
    "locator": null,
    "municipality": "AVILA",
    "province": null,
    "autonomous_region": null,
    "status": "on-air",
    "operator": null,
    "notes": "RadioID-only DMR record: no exact site coordinates are published by RadioID; geometry is intentionally null and this record is not importable until an authoritative exact site source is available.",
    "last_verified_at": "2026-09-13",
    "latitude": null,
    "longitude": null,
    "source_name": "RadioID.net DMR repeater API",
    "source_url": "https://radioid.net/api/dmr/repeater/?country=Spain",
    "source_record_id": "686",
    "classification": "NOT_IMPORTABLE",
    "band": "432 MHz",
    "origin": "RadioID",
    "geometry_source": null,
    "vs_production": "NEW",
    "review_reason": "RadioID-only record has no exact geometry."
   }
  },
  {
   "type": "Feature",
   "geometry": null,
   "properties": {
    "callsign": "ED1ZAS",
    "name": null,
    "service_type": "repeater",
    "modes": [
     "DMR"
    ],
    "rx_frequency_mhz": 438.4,
    "tx_frequency_mhz": null,
    "offset_mhz": -7.6,
    "ctcss_hz": null,
    "dmr_color_code": 1,
    "dmr_network": "BrandMeister",
    "locator": null,
    "municipality": "Gijon",
    "province": "Asturias",
    "autonomous_region": null,
    "status": "on-air",
    "operator": null,
    "notes": "RadioID-only DMR record: no exact site coordinates are published by RadioID; geometry is intentionally null and this record is not importable until an authoritative exact site source is available.",
    "last_verified_at": "2026-09-13",
    "latitude": null,
    "longitude": null,
    "source_name": "RadioID.net DMR repeater API",
    "source_url": "https://radioid.net/api/dmr/repeater/?country=Spain",
    "source_record_id": "689",
    "classification": "NOT_IMPORTABLE",
    "band": "432 MHz",
    "origin": "RadioID",
    "geometry_source": null,
    "vs_production": "NEW",
    "review_reason": "RadioID-only record has no exact geometry."
   }
  },
  {
   "type": "Feature",
   "geometry": null,
   "properties": {
    "callsign": "ED1ZAH",
    "name": null,
    "service_type": "repeater",
    "modes": [
     "DMR"
    ],
    "rx_frequency_mhz": 438.45,
    "tx_frequency_mhz": null,
    "offset_mhz": -7.6,
    "ctcss_hz": null,
    "dmr_color_code": 1,
    "dmr_network": "BrandMeister",
    "locator": null,
    "municipality": "C/ Pedro Carvajal",
    "province": null,
    "autonomous_region": null,
    "status": "on-air",
    "operator": null,
    "notes": "RadioID-only DMR record: no exact site coordinates are published by RadioID; geometry is intentionally null and this record is not importable until an authoritative exact site source is available.",
    "last_verified_at": "2026-09-13",
    "latitude": null,
    "longitude": null,
    "source_name": "RadioID.net DMR repeater API",
    "source_url": "https://radioid.net/api/dmr/repeater/?country=Spain",
    "source_record_id": "691",
    "classification": "NOT_IMPORTABLE",
    "band": "432 MHz",
    "origin": "RadioID",
    "geometry_source": null,
    "vs_production": "NEW",
    "review_reason": "RadioID-only record has no exact geometry."
   }
  },
  {
   "type": "Feature",
   "geometry": null,
   "properties": {
    "callsign": "ED1ZBC",
    "name": null,
    "service_type": "repeater",
    "modes": [
     "DMR"
    ],
    "rx_frequency_mhz": 438.525,
    "tx_frequency_mhz": null,
    "offset_mhz": -7.6,
    "ctcss_hz": null,
    "dmr_color_code": 1,
    "dmr_network": "BrandMeister",
    "locator": null,
    "municipality": "Llanes",
    "province": "Asturias",
    "autonomous_region": null,
    "status": "on-air",
    "operator": null,
    "notes": "RadioID-only DMR record: no exact site coordinates are published by RadioID; geometry is intentionally null and this record is not importable until an authoritative exact site source is available.",
    "last_verified_at": "2026-09-13",
    "latitude": null,
    "longitude": null,
    "source_name": "RadioID.net DMR repeater API",
    "source_url": "https://radioid.net/api/dmr/repeater/?country=Spain",
    "source_record_id": "692",
    "classification": "NOT_IMPORTABLE",
    "band": "432 MHz",
    "origin": "RadioID",
    "geometry_source": null,
    "vs_production": "NEW",
    "review_reason": "RadioID-only record has no exact geometry."
   }
  },
  {
   "type": "Feature",
   "geometry": null,
   "properties": {
    "callsign": "ED1ZBF",
    "name": null,
    "service_type": "repeater",
    "modes": [
     "DMR"
    ],
    "rx_frequency_mhz": 438.475,
    "tx_frequency_mhz": null,
    "offset_mhz": -7.6,
    "ctcss_hz": null,
    "dmr_color_code": 1,
    "dmr_network": "BrandMeister",
    "locator": null,
    "municipality": "Cangas de Onis",
    "province": "Asturias",
    "autonomous_region": null,
    "status": "on-air",
    "operator": null,
    "notes": "RadioID-only DMR record: no exact site coordinates are published by RadioID; geometry is intentionally null and this record is not importable until an authoritative exact site source is available.",
    "last_verified_at": "2026-09-13",
    "latitude": null,
    "longitude": null,
    "source_name": "RadioID.net DMR repeater API",
    "source_url": "https://radioid.net/api/dmr/repeater/?country=Spain",
    "source_record_id": "693",
    "classification": "NOT_IMPORTABLE",
    "band": "432 MHz",
    "origin": "RadioID",
    "geometry_source": null,
    "vs_production": "NEW",
    "review_reason": "RadioID-only record has no exact geometry."
   }
  },
  {
   "type": "Feature",
   "geometry": null,
   "properties": {
    "callsign": "ED1YAN",
    "name": null,
    "service_type": "repeater",
    "modes": [
     "DMR"
    ],
    "rx_frequency_mhz": 438.25,
    "tx_frequency_mhz": null,
    "offset_mhz": -7.6,
    "ctcss_hz": null,
    "dmr_color_code": 1,
    "dmr_network": "DMR-plus",
    "locator": null,
    "municipality": "Palencia",
    "province": null,
    "autonomous_region": null,
    "status": "on-air",
    "operator": null,
    "notes": "RadioID-only DMR record: no exact site coordinates are published by RadioID; geometry is intentionally null and this record is not importable until an authoritative exact site source is available.",
    "last_verified_at": "2026-09-13",
    "latitude": null,
    "longitude": null,
    "source_name": "RadioID.net DMR repeater API",
    "source_url": "https://radioid.net/api/dmr/repeater/?country=Spain",
    "source_record_id": "694",
    "classification": "NOT_IMPORTABLE",
    "band": "432 MHz",
    "origin": "RadioID",
    "geometry_source": null,
    "vs_production": "NEW",
    "review_reason": "RadioID-only record has no exact geometry."
   }
  },
  {
   "type": "Feature",
   "geometry": null,
   "properties": {
    "callsign": "ED1ZBB",
    "name": null,
    "service_type": "repeater",
    "modes": [
     "DMR"
    ],
    "rx_frequency_mhz": 438.525,
    "tx_frequency_mhz": null,
    "offset_mhz": -7.6,
    "ctcss_hz": null,
    "dmr_color_code": 1,
    "dmr_network": "None",
    "locator": null,
    "municipality": "Palencia",
    "province": null,
    "autonomous_region": null,
    "status": "on-air",
    "operator": null,
    "notes": "RadioID-only DMR record: no exact site coordinates are published by RadioID; geometry is intentionally null and this record is not importable until an authoritative exact site source is available.",
    "last_verified_at": "2026-09-13",
    "latitude": null,
    "longitude": null,
    "source_name": "RadioID.net DMR repeater API",
    "source_url": "https://radioid.net/api/dmr/repeater/?country=Spain",
    "source_record_id": "695",
    "classification": "NOT_IMPORTABLE",
    "band": "432 MHz",
    "origin": "RadioID",
    "geometry_source": null,
    "vs_production": "NEW",
    "review_reason": "RadioID-only record has no exact geometry."
   }
  },
  {
   "type": "Feature",
   "geometry": null,
   "properties": {
    "callsign": "ED1ZBB",
    "name": null,
    "service_type": "repeater",
    "modes": [
     "DMR"
    ],
    "rx_frequency_mhz": 145.575,
    "tx_frequency_mhz": null,
    "offset_mhz": -0.6,
    "ctcss_hz": null,
    "dmr_color_code": 1,
    "dmr_network": "DMR-plus",
    "locator": null,
    "municipality": "Palencia",
    "province": null,
    "autonomous_region": null,
    "status": "on-air",
    "operator": null,
    "notes": "RadioID-only DMR record: no exact site coordinates are published by RadioID; geometry is intentionally null and this record is not importable until an authoritative exact site source is available.",
    "last_verified_at": "2026-09-13",
    "latitude": null,
    "longitude": null,
    "source_name": "RadioID.net DMR repeater API",
    "source_url": "https://radioid.net/api/dmr/repeater/?country=Spain",
    "source_record_id": "696",
    "classification": "NOT_IMPORTABLE",
    "band": "144 MHz",
    "origin": "RadioID",
    "geometry_source": null,
    "vs_production": "NEW",
    "review_reason": "RadioID-only record has no exact geometry."
   }
  },
  {
   "type": "Feature",
   "geometry": null,
   "properties": {
    "callsign": "ED1ZAY",
    "name": null,
    "service_type": "repeater",
    "modes": [
     "DMR"
    ],
    "rx_frequency_mhz": 438.3,
    "tx_frequency_mhz": null,
    "offset_mhz": -7.6,
    "ctcss_hz": null,
    "dmr_color_code": 1,
    "dmr_network": "BrandMeister",
    "locator": null,
    "municipality": "Illas",
    "province": "Asturias",
    "autonomous_region": null,
    "status": "on-air",
    "operator": null,
    "notes": "RadioID-only DMR record: no exact site coordinates are published by RadioID; geometry is intentionally null and this record is not importable until an authoritative exact site source is available.",
    "last_verified_at": "2026-09-13",
    "latitude": null,
    "longitude": null,
    "source_name": "RadioID.net DMR repeater API",
    "source_url": "https://radioid.net/api/dmr/repeater/?country=Spain",
    "source_record_id": "697",
    "classification": "NOT_IMPORTABLE",
    "band": "432 MHz",
    "origin": "RadioID",
    "geometry_source": null,
    "vs_production": "NEW",
    "review_reason": "RadioID-only record has no exact geometry."
   }
  },
  {
   "type": "Feature",
   "geometry": null,
   "properties": {
    "callsign": "ED1YAN",
    "name": null,
    "service_type": "repeater",
    "modes": [
     "DMR"
    ],
    "rx_frequency_mhz": 145.575,
    "tx_frequency_mhz": null,
    "offset_mhz": -0.6,
    "ctcss_hz": null,
    "dmr_color_code": 1,
    "dmr_network": "BrandMeister",
    "locator": null,
    "municipality": "Palencia",
    "province": null,
    "autonomous_region": null,
    "status": "on-air",
    "operator": null,
    "notes": "RadioID-only DMR record: no exact site coordinates are published by RadioID; geometry is intentionally null and this record is not importable until an authoritative exact site source is available.",
    "last_verified_at": "2026-09-13",
    "latitude": null,
    "longitude": null,
    "source_name": "RadioID.net DMR repeater API",
    "source_url": "https://radioid.net/api/dmr/repeater/?country=Spain",
    "source_record_id": "698",
    "classification": "NOT_IMPORTABLE",
    "band": "144 MHz",
    "origin": "RadioID",
    "geometry_source": null,
    "vs_production": "NEW",
    "review_reason": "RadioID-only record has no exact geometry."
   }
  },
  {
   "type": "Feature",
   "geometry": null,
   "properties": {
    "callsign": "ED1YCB",
    "name": null,
    "service_type": "repeater",
    "modes": [
     "DMR"
    ],
    "rx_frequency_mhz": 438.275,
    "tx_frequency_mhz": null,
    "offset_mhz": -7.6,
    "ctcss_hz": null,
    "dmr_color_code": 1,
    "dmr_network": "BrandMeister",
    "locator": null,
    "municipality": "Monte Caderamo",
    "province": null,
    "autonomous_region": null,
    "status": "on-air",
    "operator": null,
    "notes": "RadioID-only DMR record: no exact site coordinates are published by RadioID; geometry is intentionally null and this record is not importable until an authoritative exact site source is available.",
    "last_verified_at": "2026-09-13",
    "latitude": null,
    "longitude": null,
    "source_name": "RadioID.net DMR repeater API",
    "source_url": "https://radioid.net/api/dmr/repeater/?country=Spain",
    "source_record_id": "699",
    "classification": "NOT_IMPORTABLE",
    "band": "432 MHz",
    "origin": "RadioID",
    "geometry_source": null,
    "vs_production": "NEW",
    "review_reason": "RadioID-only record has no exact geometry."
   }
  },
  {
   "type": "Feature",
   "geometry": null,
   "properties": {
    "callsign": "ED1ZBA",
    "name": null,
    "service_type": "repeater",
    "modes": [
     "DMR"
    ],
    "rx_frequency_mhz": 438.275,
    "tx_frequency_mhz": null,
    "offset_mhz": -7.6,
    "ctcss_hz": null,
    "dmr_color_code": 1,
    "dmr_network": "BrandMeister",
    "locator": null,
    "municipality": "Monte Caderamo",
    "province": null,
    "autonomous_region": null,
    "status": "on-air",
    "operator": null,
    "notes": "RadioID-only DMR record: no exact site coordinates are published by RadioID; geometry is intentionally null and this record is not importable until an authoritative exact site source is available.",
    "last_verified_at": "2026-09-13",
    "latitude": null,
    "longitude": null,
    "source_name": "RadioID.net DMR repeater API",
    "source_url": "https://radioid.net/api/dmr/repeater/?country=Spain",
    "source_record_id": "700",
    "classification": "NOT_IMPORTABLE",
    "band": "432 MHz",
    "origin": "RadioID",
    "geometry_source": null,
    "vs_production": "NEW",
    "review_reason": "RadioID-only record has no exact geometry."
   }
  },
  {
   "type": "Feature",
   "geometry": null,
   "properties": {
    "callsign": "ED1ZBA",
    "name": null,
    "service_type": "repeater",
    "modes": [
     "DMR"
    ],
    "rx_frequency_mhz": 145.5875,
    "tx_frequency_mhz": null,
    "offset_mhz": -0.6,
    "ctcss_hz": null,
    "dmr_color_code": 1,
    "dmr_network": "DMR-plus",
    "locator": null,
    "municipality": "Monte Caderamo",
    "province": null,
    "autonomous_region": null,
    "status": "on-air",
    "operator": null,
    "notes": "RadioID-only DMR record: no exact site coordinates are published by RadioID; geometry is intentionally null and this record is not importable until an authoritative exact site source is available.",
    "last_verified_at": "2026-09-13",
    "latitude": null,
    "longitude": null,
    "source_name": "RadioID.net DMR repeater API",
    "source_url": "https://radioid.net/api/dmr/repeater/?country=Spain",
    "source_record_id": "701",
    "classification": "NOT_IMPORTABLE",
    "band": "144 MHz",
    "origin": "RadioID",
    "geometry_source": null,
    "vs_production": "NEW",
    "review_reason": "RadioID-only record has no exact geometry."
   }
  },
  {
   "type": "Feature",
   "geometry": null,
   "properties": {
    "callsign": "ED1YBA",
    "name": null,
    "service_type": "repeater",
    "modes": [
     "DMR"
    ],
    "rx_frequency_mhz": 438.2,
    "tx_frequency_mhz": null,
    "offset_mhz": -7.6,
    "ctcss_hz": null,
    "dmr_color_code": 1,
    "dmr_network": "BrandMeister",
    "locator": null,
    "municipality": "Avila",
    "province": "Ávila",
    "autonomous_region": null,
    "status": "on-air",
    "operator": null,
    "notes": "RadioID-only DMR record: no exact site coordinates are published by RadioID; geometry is intentionally null and this record is not importable until an authoritative exact site source is available.",
    "last_verified_at": "2026-09-13",
    "latitude": null,
    "longitude": null,
    "source_name": "RadioID.net DMR repeater API",
    "source_url": "https://radioid.net/api/dmr/repeater/?country=Spain",
    "source_record_id": "702",
    "classification": "NOT_IMPORTABLE",
    "band": "432 MHz",
    "origin": "RadioID",
    "geometry_source": null,
    "vs_production": "NEW",
    "review_reason": "RadioID-only record has no exact geometry."
   }
  },
  {
   "type": "Feature",
   "geometry": null,
   "properties": {
    "callsign": "ED1YAL",
    "name": null,
    "service_type": "repeater",
    "modes": [
     "DMR"
    ],
    "rx_frequency_mhz": 430.75,
    "tx_frequency_mhz": null,
    "offset_mhz": 7.6,
    "ctcss_hz": null,
    "dmr_color_code": 1,
    "dmr_network": "DMR-plus",
    "locator": null,
    "municipality": "ZAMORA",
    "province": "Zamora",
    "autonomous_region": null,
    "status": "on-air",
    "operator": null,
    "notes": "RadioID-only DMR record: no exact site coordinates are published by RadioID; geometry is intentionally null and this record is not importable until an authoritative exact site source is available.",
    "last_verified_at": "2026-09-13",
    "latitude": null,
    "longitude": null,
    "source_name": "RadioID.net DMR repeater API",
    "source_url": "https://radioid.net/api/dmr/repeater/?country=Spain",
    "source_record_id": "703",
    "classification": "NOT_IMPORTABLE",
    "band": "432 MHz",
    "origin": "RadioID",
    "geometry_source": null,
    "vs_production": "NEW",
    "review_reason": "RadioID-only record has no exact geometry."
   }
  },
  {
   "type": "Feature",
   "geometry": null,
   "properties": {
    "callsign": "EA1RKE",
    "name": null,
    "service_type": "repeater",
    "modes": [
     "DMR"
    ],
    "rx_frequency_mhz": 438.325,
    "tx_frequency_mhz": null,
    "offset_mhz": -7.6,
    "ctcss_hz": null,
    "dmr_color_code": 2,
    "dmr_network": "DMR-plus",
    "locator": null,
    "municipality": "IN52TQ",
    "province": null,
    "autonomous_region": null,
    "status": "on-air",
    "operator": null,
    "notes": "RadioID-only DMR record: no exact site coordinates are published by RadioID; geometry is intentionally null and this record is not importable until an authoritative exact site source is available.",
    "last_verified_at": "2026-09-13",
    "latitude": null,
    "longitude": null,
    "source_name": "RadioID.net DMR repeater API",
    "source_url": "https://radioid.net/api/dmr/repeater/?country=Spain",
    "source_record_id": "705",
    "classification": "NOT_IMPORTABLE",
    "band": "432 MHz",
    "origin": "RadioID",
    "geometry_source": null,
    "vs_production": "NEW",
    "review_reason": "RadioID-only record has no exact geometry."
   }
  },
  {
   "type": "Feature",
   "geometry": null,
   "properties": {
    "callsign": "ED2ZAD",
    "name": null,
    "service_type": "repeater",
    "modes": [
     "DMR"
    ],
    "rx_frequency_mhz": 438.225,
    "tx_frequency_mhz": null,
    "offset_mhz": -7.6,
    "ctcss_hz": null,
    "dmr_color_code": 1,
    "dmr_network": "BrandMeister",
    "locator": null,
    "municipality": "Sollube - Arrieta",
    "province": "Bizkaia",
    "autonomous_region": null,
    "status": "on-air",
    "operator": null,
    "notes": "RadioID-only DMR record: no exact site coordinates are published by RadioID; geometry is intentionally null and this record is not importable until an authoritative exact site source is available.",
    "last_verified_at": "2026-09-13",
    "latitude": null,
    "longitude": null,
    "source_name": "RadioID.net DMR repeater API",
    "source_url": "https://radioid.net/api/dmr/repeater/?country=Spain",
    "source_record_id": "706",
    "classification": "NOT_IMPORTABLE",
    "band": "432 MHz",
    "origin": "RadioID",
    "geometry_source": null,
    "vs_production": "NEW",
    "review_reason": "RadioID-only record has no exact geometry."
   }
  },
  {
   "type": "Feature",
   "geometry": null,
   "properties": {
    "callsign": "ED2ZAC",
    "name": null,
    "service_type": "repeater",
    "modes": [
     "DMR"
    ],
    "rx_frequency_mhz": 438.2,
    "tx_frequency_mhz": null,
    "offset_mhz": -7.6,
    "ctcss_hz": null,
    "dmr_color_code": 1,
    "dmr_network": "DMR-plus",
    "locator": null,
    "municipality": "Bilbao IN83MG",
    "province": "Bizkaia",
    "autonomous_region": null,
    "status": "on-air",
    "operator": null,
    "notes": "RadioID-only DMR record: no exact site coordinates are published by RadioID; geometry is intentionally null and this record is not importable until an authoritative exact site source is available.",
    "last_verified_at": "2026-09-13",
    "latitude": null,
    "longitude": null,
    "source_name": "RadioID.net DMR repeater API",
    "source_url": "https://radioid.net/api/dmr/repeater/?country=Spain",
    "source_record_id": "707",
    "classification": "NOT_IMPORTABLE",
    "band": "432 MHz",
    "origin": "RadioID",
    "geometry_source": null,
    "vs_production": "NEW",
    "review_reason": "RadioID-only record has no exact geometry."
   }
  },
  {
   "type": "Feature",
   "geometry": null,
   "properties": {
    "callsign": "ED2YAR",
    "name": null,
    "service_type": "repeater",
    "modes": [
     "DMR"
    ],
    "rx_frequency_mhz": 438.3,
    "tx_frequency_mhz": null,
    "offset_mhz": -7.6,
    "ctcss_hz": null,
    "dmr_color_code": 1,
    "dmr_network": "BrandMeister",
    "locator": null,
    "municipality": "La Higa de Monreal",
    "province": "Navarra",
    "autonomous_region": null,
    "status": "on-air",
    "operator": null,
    "notes": "RadioID-only DMR record: no exact site coordinates are published by RadioID; geometry is intentionally null and this record is not importable until an authoritative exact site source is available.",
    "last_verified_at": "2026-09-13",
    "latitude": null,
    "longitude": null,
    "source_name": "RadioID.net DMR repeater API",
    "source_url": "https://radioid.net/api/dmr/repeater/?country=Spain",
    "source_record_id": "709",
    "classification": "NOT_IMPORTABLE",
    "band": "432 MHz",
    "origin": "RadioID",
    "geometry_source": null,
    "vs_production": "NEW",
    "review_reason": "RadioID-only record has no exact geometry."
   }
  },
  {
   "type": "Feature",
   "geometry": null,
   "properties": {
    "callsign": "ED2YAK",
    "name": null,
    "service_type": "repeater",
    "modes": [
     "DMR"
    ],
    "rx_frequency_mhz": 438.25,
    "tx_frequency_mhz": null,
    "offset_mhz": -7.6,
    "ctcss_hz": null,
    "dmr_color_code": 1,
    "dmr_network": "BrandMeister",
    "locator": null,
    "municipality": "Loarre",
    "province": "Huesca",
    "autonomous_region": null,
    "status": "on-air",
    "operator": null,
    "notes": "RadioID-only DMR record: no exact site coordinates are published by RadioID; geometry is intentionally null and this record is not importable until an authoritative exact site source is available.",
    "last_verified_at": "2026-09-13",
    "latitude": null,
    "longitude": null,
    "source_name": "RadioID.net DMR repeater API",
    "source_url": "https://radioid.net/api/dmr/repeater/?country=Spain",
    "source_record_id": "710",
    "classification": "NOT_IMPORTABLE",
    "band": "432 MHz",
    "origin": "RadioID",
    "geometry_source": null,
    "vs_production": "NEW",
    "review_reason": "RadioID-only record has no exact geometry."
   }
  },
  {
   "type": "Feature",
   "geometry": null,
   "properties": {
    "callsign": "ED2ZAH",
    "name": null,
    "service_type": "repeater",
    "modes": [
     "DMR"
    ],
    "rx_frequency_mhz": 438.4,
    "tx_frequency_mhz": null,
    "offset_mhz": -7.6,
    "ctcss_hz": null,
    "dmr_color_code": 1,
    "dmr_network": "BrandMeister",
    "locator": null,
    "municipality": "Zaragoza",
    "province": "Zaragoza",
    "autonomous_region": null,
    "status": "on-air",
    "operator": null,
    "notes": "RadioID-only DMR record: no exact site coordinates are published by RadioID; geometry is intentionally null and this record is not importable until an authoritative exact site source is available.",
    "last_verified_at": "2026-09-13",
    "latitude": null,
    "longitude": null,
    "source_name": "RadioID.net DMR repeater API",
    "source_url": "https://radioid.net/api/dmr/repeater/?country=Spain",
    "source_record_id": "711",
    "classification": "NOT_IMPORTABLE",
    "band": "432 MHz",
    "origin": "RadioID",
    "geometry_source": null,
    "vs_production": "NEW",
    "review_reason": "RadioID-only record has no exact geometry."
   }
  },
  {
   "type": "Feature",
   "geometry": null,
   "properties": {
    "callsign": "ED2ZAK",
    "name": null,
    "service_type": "repeater",
    "modes": [
     "DMR"
    ],
    "rx_frequency_mhz": 430.675,
    "tx_frequency_mhz": null,
    "offset_mhz": 7.6,
    "ctcss_hz": null,
    "dmr_color_code": 1,
    "dmr_network": "None",
    "locator": null,
    "municipality": "San Sebastiin",
    "province": null,
    "autonomous_region": null,
    "status": "on-air",
    "operator": null,
    "notes": "RadioID-only DMR record: no exact site coordinates are published by RadioID; geometry is intentionally null and this record is not importable until an authoritative exact site source is available.",
    "last_verified_at": "2026-09-13",
    "latitude": null,
    "longitude": null,
    "source_name": "RadioID.net DMR repeater API",
    "source_url": "https://radioid.net/api/dmr/repeater/?country=Spain",
    "source_record_id": "712",
    "classification": "NOT_IMPORTABLE",
    "band": "432 MHz",
    "origin": "RadioID",
    "geometry_source": null,
    "vs_production": "NEW",
    "review_reason": "RadioID-only record has no exact geometry."
   }
  },
  {
   "type": "Feature",
   "geometry": null,
   "properties": {
    "callsign": "ED2YAA",
    "name": null,
    "service_type": "repeater",
    "modes": [
     "DMR"
    ],
    "rx_frequency_mhz": 439.975,
    "tx_frequency_mhz": null,
    "offset_mhz": 0.0,
    "ctcss_hz": null,
    "dmr_color_code": 1,
    "dmr_network": "214",
    "locator": null,
    "municipality": "Laudio",
    "province": "Álava",
    "autonomous_region": null,
    "status": "on-air",
    "operator": null,
    "notes": "RadioID-only DMR record: no exact site coordinates are published by RadioID; geometry is intentionally null and this record is not importable until an authoritative exact site source is available.",
    "last_verified_at": "2026-09-13",
    "latitude": null,
    "longitude": null,
    "source_name": "RadioID.net DMR repeater API",
    "source_url": "https://radioid.net/api/dmr/repeater/?country=Spain",
    "source_record_id": "714",
    "classification": "NOT_IMPORTABLE",
    "band": "432 MHz",
    "origin": "RadioID",
    "geometry_source": null,
    "vs_production": "NEW",
    "review_reason": "RadioID-only record has no exact geometry."
   }
  },
  {
   "type": "Feature",
   "geometry": null,
   "properties": {
    "callsign": "ED2YAB",
    "name": null,
    "service_type": "repeater",
    "modes": [
     "DMR"
    ],
    "rx_frequency_mhz": 438.2,
    "tx_frequency_mhz": null,
    "offset_mhz": 7.6,
    "ctcss_hz": null,
    "dmr_color_code": 1,
    "dmr_network": "214",
    "locator": null,
    "municipality": "Laudio",
    "province": "Álava",
    "autonomous_region": null,
    "status": "on-air",
    "operator": null,
    "notes": "RadioID-only DMR record: no exact site coordinates are published by RadioID; geometry is intentionally null and this record is not importable until an authoritative exact site source is available.",
    "last_verified_at": "2026-09-13",
    "latitude": null,
    "longitude": null,
    "source_name": "RadioID.net DMR repeater API",
    "source_url": "https://radioid.net/api/dmr/repeater/?country=Spain",
    "source_record_id": "715",
    "classification": "NOT_IMPORTABLE",
    "band": "432 MHz",
    "origin": "RadioID",
    "geometry_source": null,
    "vs_production": "NEW",
    "review_reason": "RadioID-only record has no exact geometry."
   }
  },
  {
   "type": "Feature",
   "geometry": null,
   "properties": {
    "callsign": "ED2YAQ",
    "name": null,
    "service_type": "repeater",
    "modes": [
     "DMR"
    ],
    "rx_frequency_mhz": 438.425,
    "tx_frequency_mhz": null,
    "offset_mhz": -7.6,
    "ctcss_hz": null,
    "dmr_color_code": 1,
    "dmr_network": "BrandMeister",
    "locator": null,
    "municipality": "Vitoria-Gasteiz",
    "province": "Álava",
    "autonomous_region": null,
    "status": "on-air",
    "operator": null,
    "notes": "RadioID-only DMR record: no exact site coordinates are published by RadioID; geometry is intentionally null and this record is not importable until an authoritative exact site source is available.",
    "last_verified_at": "2026-09-13",
    "latitude": null,
    "longitude": null,
    "source_name": "RadioID.net DMR repeater API",
    "source_url": "https://radioid.net/api/dmr/repeater/?country=Spain",
    "source_record_id": "717",
    "classification": "NOT_IMPORTABLE",
    "band": "432 MHz",
    "origin": "RadioID",
    "geometry_source": null,
    "vs_production": "NEW",
    "review_reason": "RadioID-only record has no exact geometry."
   }
  },
  {
   "type": "Feature",
   "geometry": null,
   "properties": {
    "callsign": "ED2ZAE",
    "name": null,
    "service_type": "repeater",
    "modes": [
     "DMR"
    ],
    "rx_frequency_mhz": 438.5,
    "tx_frequency_mhz": null,
    "offset_mhz": -7.6,
    "ctcss_hz": null,
    "dmr_color_code": 1,
    "dmr_network": "BrandMeister",
    "locator": null,
    "municipality": "Vitoria-Gasteiz",
    "province": "Álava",
    "autonomous_region": null,
    "status": "on-air",
    "operator": null,
    "notes": "RadioID-only DMR record: no exact site coordinates are published by RadioID; geometry is intentionally null and this record is not importable until an authoritative exact site source is available.",
    "last_verified_at": "2026-09-13",
    "latitude": null,
    "longitude": null,
    "source_name": "RadioID.net DMR repeater API",
    "source_url": "https://radioid.net/api/dmr/repeater/?country=Spain",
    "source_record_id": "718",
    "classification": "NOT_IMPORTABLE",
    "band": "432 MHz",
    "origin": "RadioID",
    "geometry_source": null,
    "vs_production": "NEW",
    "review_reason": "RadioID-only record has no exact geometry."
   }
  },
  {
   "type": "Feature",
   "geometry": null,
   "properties": {
    "callsign": "ED2ZAF",
    "name": null,
    "service_type": "repeater",
    "modes": [
     "DMR"
    ],
    "rx_frequency_mhz": 438.525,
    "tx_frequency_mhz": null,
    "offset_mhz": -7.6,
    "ctcss_hz": null,
    "dmr_color_code": 1,
    "dmr_network": "BrandMeister",
    "locator": null,
    "municipality": "Bilbao",
    "province": "Bizkaia",
    "autonomous_region": null,
    "status": "on-air",
    "operator": null,
    "notes": "RadioID-only DMR record: no exact site coordinates are published by RadioID; geometry is intentionally null and this record is not importable until an authoritative exact site source is available.",
    "last_verified_at": "2026-09-13",
    "latitude": null,
    "longitude": null,
    "source_name": "RadioID.net DMR repeater API",
    "source_url": "https://radioid.net/api/dmr/repeater/?country=Spain",
    "source_record_id": "719",
    "classification": "NOT_IMPORTABLE",
    "band": "432 MHz",
    "origin": "RadioID",
    "geometry_source": null,
    "vs_production": "NEW",
    "review_reason": "RadioID-only record has no exact geometry."
   }
  },
  {
   "type": "Feature",
   "geometry": null,
   "properties": {
    "callsign": "ED2YAE",
    "name": null,
    "service_type": "repeater",
    "modes": [
     "DMR"
    ],
    "rx_frequency_mhz": 438.325,
    "tx_frequency_mhz": null,
    "offset_mhz": -7.6,
    "ctcss_hz": null,
    "dmr_color_code": 1,
    "dmr_network": "BrandMeister",
    "locator": null,
    "municipality": "Munitibar",
    "province": "Bizkaia",
    "autonomous_region": null,
    "status": "on-air",
    "operator": null,
    "notes": "RadioID-only DMR record: no exact site coordinates are published by RadioID; geometry is intentionally null and this record is not importable until an authoritative exact site source is available.",
    "last_verified_at": "2026-09-13",
    "latitude": null,
    "longitude": null,
    "source_name": "RadioID.net DMR repeater API",
    "source_url": "https://radioid.net/api/dmr/repeater/?country=Spain",
    "source_record_id": "720",
    "classification": "NOT_IMPORTABLE",
    "band": "432 MHz",
    "origin": "RadioID",
    "geometry_source": null,
    "vs_production": "NEW",
    "review_reason": "RadioID-only record has no exact geometry."
   }
  },
  {
   "type": "Feature",
   "geometry": null,
   "properties": {
    "callsign": "ED2ZAI",
    "name": null,
    "service_type": "repeater",
    "modes": [
     "DMR"
    ],
    "rx_frequency_mhz": 438.375,
    "tx_frequency_mhz": null,
    "offset_mhz": -7.6,
    "ctcss_hz": null,
    "dmr_color_code": 1,
    "dmr_network": "BrandMeister",
    "locator": null,
    "municipality": "GIPUZKOA",
    "province": null,
    "autonomous_region": null,
    "status": "on-air",
    "operator": null,
    "notes": "RadioID-only DMR record: no exact site coordinates are published by RadioID; geometry is intentionally null and this record is not importable until an authoritative exact site source is available.",
    "last_verified_at": "2026-09-13",
    "latitude": null,
    "longitude": null,
    "source_name": "RadioID.net DMR repeater API",
    "source_url": "https://radioid.net/api/dmr/repeater/?country=Spain",
    "source_record_id": "721",
    "classification": "NOT_IMPORTABLE",
    "band": "432 MHz",
    "origin": "RadioID",
    "geometry_source": null,
    "vs_production": "NEW",
    "review_reason": "RadioID-only record has no exact geometry."
   }
  },
  {
   "type": "Feature",
   "geometry": null,
   "properties": {
    "callsign": "ED2ZAG",
    "name": null,
    "service_type": "repeater",
    "modes": [
     "DMR"
    ],
    "rx_frequency_mhz": 438.25,
    "tx_frequency_mhz": null,
    "offset_mhz": -7.6,
    "ctcss_hz": null,
    "dmr_color_code": 1,
    "dmr_network": "DMR-plus",
    "locator": null,
    "municipality": "Arrieta",
    "province": "Bizkaia",
    "autonomous_region": null,
    "status": "on-air",
    "operator": null,
    "notes": "RadioID-only DMR record: no exact site coordinates are published by RadioID; geometry is intentionally null and this record is not importable until an authoritative exact site source is available.",
    "last_verified_at": "2026-09-13",
    "latitude": null,
    "longitude": null,
    "source_name": "RadioID.net DMR repeater API",
    "source_url": "https://radioid.net/api/dmr/repeater/?country=Spain",
    "source_record_id": "722",
    "classification": "NOT_IMPORTABLE",
    "band": "432 MHz",
    "origin": "RadioID",
    "geometry_source": null,
    "vs_production": "NEW",
    "review_reason": "RadioID-only record has no exact geometry."
   }
  },
  {
   "type": "Feature",
   "geometry": null,
   "properties": {
    "callsign": "ED2ZAJ",
    "name": null,
    "service_type": "repeater",
    "modes": [
     "DMR"
    ],
    "rx_frequency_mhz": 438.525,
    "tx_frequency_mhz": null,
    "offset_mhz": -7.6,
    "ctcss_hz": null,
    "dmr_color_code": 1,
    "dmr_network": "BrandMeister",
    "locator": null,
    "municipality": "Laguardia",
    "province": "Álava",
    "autonomous_region": null,
    "status": "on-air",
    "operator": null,
    "notes": "RadioID-only DMR record: no exact site coordinates are published by RadioID; geometry is intentionally null and this record is not importable until an authoritative exact site source is available.",
    "last_verified_at": "2026-09-13",
    "latitude": null,
    "longitude": null,
    "source_name": "RadioID.net DMR repeater API",
    "source_url": "https://radioid.net/api/dmr/repeater/?country=Spain",
    "source_record_id": "724",
    "classification": "NOT_IMPORTABLE",
    "band": "432 MHz",
    "origin": "RadioID",
    "geometry_source": null,
    "vs_production": "NEW",
    "review_reason": "RadioID-only record has no exact geometry."
   }
  },
  {
   "type": "Feature",
   "geometry": null,
   "properties": {
    "callsign": "ED2ZAA",
    "name": null,
    "service_type": "repeater",
    "modes": [
     "DMR"
    ],
    "rx_frequency_mhz": 438.2,
    "tx_frequency_mhz": null,
    "offset_mhz": -7.6,
    "ctcss_hz": null,
    "dmr_color_code": 1,
    "dmr_network": "BrandMeister",
    "locator": null,
    "municipality": "Zaragoza",
    "province": null,
    "autonomous_region": null,
    "status": "on-air",
    "operator": null,
    "notes": "RadioID-only DMR record: no exact site coordinates are published by RadioID; geometry is intentionally null and this record is not importable until an authoritative exact site source is available.",
    "last_verified_at": "2026-09-13",
    "latitude": null,
    "longitude": null,
    "source_name": "RadioID.net DMR repeater API",
    "source_url": "https://radioid.net/api/dmr/repeater/?country=Spain",
    "source_record_id": "725",
    "classification": "NOT_IMPORTABLE",
    "band": "432 MHz",
    "origin": "RadioID",
    "geometry_source": null,
    "vs_production": "NEW",
    "review_reason": "RadioID-only record has no exact geometry."
   }
  },
  {
   "type": "Feature",
   "geometry": null,
   "properties": {
    "callsign": "EA3DKP",
    "name": null,
    "service_type": "repeater",
    "modes": [
     "DMR"
    ],
    "rx_frequency_mhz": 439.0,
    "tx_frequency_mhz": null,
    "offset_mhz": -7.6,
    "ctcss_hz": null,
    "dmr_color_code": 1,
    "dmr_network": "DMR-plus",
    "locator": null,
    "municipality": "Roses",
    "province": null,
    "autonomous_region": null,
    "status": "on-air",
    "operator": null,
    "notes": "RadioID-only DMR record: no exact site coordinates are published by RadioID; geometry is intentionally null and this record is not importable until an authoritative exact site source is available.",
    "last_verified_at": "2026-09-13",
    "latitude": null,
    "longitude": null,
    "source_name": "RadioID.net DMR repeater API",
    "source_url": "https://radioid.net/api/dmr/repeater/?country=Spain",
    "source_record_id": "726",
    "classification": "NOT_IMPORTABLE",
    "band": "432 MHz",
    "origin": "RadioID",
    "geometry_source": null,
    "vs_production": "NEW",
    "review_reason": "RadioID-only record has no exact geometry."
   }
  },
  {
   "type": "Feature",
   "geometry": null,
   "properties": {
    "callsign": "ED3ZAQ",
    "name": null,
    "service_type": "repeater",
    "modes": [
     "DMR"
    ],
    "rx_frequency_mhz": 438.525,
    "tx_frequency_mhz": null,
    "offset_mhz": -7.6,
    "ctcss_hz": null,
    "dmr_color_code": 1,
    "dmr_network": "BrandMeister",
    "locator": null,
    "municipality": "Castellar del Valles",
    "province": "Barcelona",
    "autonomous_region": null,
    "status": "on-air",
    "operator": null,
    "notes": "RadioID-only DMR record: no exact site coordinates are published by RadioID; geometry is intentionally null and this record is not importable until an authoritative exact site source is available.",
    "last_verified_at": "2026-09-13",
    "latitude": null,
    "longitude": null,
    "source_name": "RadioID.net DMR repeater API",
    "source_url": "https://radioid.net/api/dmr/repeater/?country=Spain",
    "source_record_id": "727",
    "classification": "NOT_IMPORTABLE",
    "band": "432 MHz",
    "origin": "RadioID",
    "geometry_source": null,
    "vs_production": "NEW",
    "review_reason": "RadioID-only record has no exact geometry."
   }
  },
  {
   "type": "Feature",
   "geometry": null,
   "properties": {
    "callsign": "ED3ZAK",
    "name": null,
    "service_type": "repeater",
    "modes": [
     "DMR"
    ],
    "rx_frequency_mhz": 438.4125,
    "tx_frequency_mhz": null,
    "offset_mhz": -7.6,
    "ctcss_hz": null,
    "dmr_color_code": 1,
    "dmr_network": "BrandMeister",
    "locator": null,
    "municipality": "Barcelona Tibidabo",
    "province": "Barcelona",
    "autonomous_region": null,
    "status": "on-air",
    "operator": null,
    "notes": "RadioID-only DMR record: no exact site coordinates are published by RadioID; geometry is intentionally null and this record is not importable until an authoritative exact site source is available.",
    "last_verified_at": "2026-09-13",
    "latitude": null,
    "longitude": null,
    "source_name": "RadioID.net DMR repeater API",
    "source_url": "https://radioid.net/api/dmr/repeater/?country=Spain",
    "source_record_id": "729",
    "classification": "NOT_IMPORTABLE",
    "band": "432 MHz",
    "origin": "RadioID",
    "geometry_source": null,
    "vs_production": "NEW",
    "review_reason": "RadioID-only record has no exact geometry."
   }
  },
  {
   "type": "Feature",
   "geometry": null,
   "properties": {
    "callsign": "ED3ZAH",
    "name": null,
    "service_type": "repeater",
    "modes": [
     "DMR"
    ],
    "rx_frequency_mhz": 439.0,
    "tx_frequency_mhz": null,
    "offset_mhz": -7.6,
    "ctcss_hz": null,
    "dmr_color_code": 1,
    "dmr_network": "DMR-plus",
    "locator": null,
    "municipality": "ED3ZAH",
    "province": null,
    "autonomous_region": null,
    "status": "on-air",
    "operator": null,
    "notes": "RadioID-only DMR record: no exact site coordinates are published by RadioID; geometry is intentionally null and this record is not importable until an authoritative exact site source is available.",
    "last_verified_at": "2026-09-13",
    "latitude": null,
    "longitude": null,
    "source_name": "RadioID.net DMR repeater API",
    "source_url": "https://radioid.net/api/dmr/repeater/?country=Spain",
    "source_record_id": "731",
    "classification": "NOT_IMPORTABLE",
    "band": "432 MHz",
    "origin": "RadioID",
    "geometry_source": null,
    "vs_production": "NEW",
    "review_reason": "RadioID-only record has no exact geometry."
   }
  },
  {
   "type": "Feature",
   "geometry": null,
   "properties": {
    "callsign": "ED3YAY",
    "name": null,
    "service_type": "repeater",
    "modes": [
     "DMR"
    ],
    "rx_frequency_mhz": 438.4125,
    "tx_frequency_mhz": null,
    "offset_mhz": -7.6,
    "ctcss_hz": null,
    "dmr_color_code": 1,
    "dmr_network": "DMR-plus",
    "locator": null,
    "municipality": "ED3YAY",
    "province": null,
    "autonomous_region": null,
    "status": "on-air",
    "operator": null,
    "notes": "RadioID-only DMR record: no exact site coordinates are published by RadioID; geometry is intentionally null and this record is not importable until an authoritative exact site source is available.",
    "last_verified_at": "2026-09-13",
    "latitude": null,
    "longitude": null,
    "source_name": "RadioID.net DMR repeater API",
    "source_url": "https://radioid.net/api/dmr/repeater/?country=Spain",
    "source_record_id": "733",
    "classification": "NOT_IMPORTABLE",
    "band": "432 MHz",
    "origin": "RadioID",
    "geometry_source": null,
    "vs_production": "NEW",
    "review_reason": "RadioID-only record has no exact geometry."
   }
  },
  {
   "type": "Feature",
   "geometry": null,
   "properties": {
    "callsign": "ED3ZAN",
    "name": null,
    "service_type": "repeater",
    "modes": [
     "DMR"
    ],
    "rx_frequency_mhz": 438.3125,
    "tx_frequency_mhz": null,
    "offset_mhz": -7.6,
    "ctcss_hz": null,
    "dmr_color_code": 1,
    "dmr_network": "DMR-plus",
    "locator": null,
    "municipality": "Granollers",
    "province": "Barcelona",
    "autonomous_region": null,
    "status": "on-air",
    "operator": null,
    "notes": "RadioID-only DMR record: no exact site coordinates are published by RadioID; geometry is intentionally null and this record is not importable until an authoritative exact site source is available.",
    "last_verified_at": "2026-09-13",
    "latitude": null,
    "longitude": null,
    "source_name": "RadioID.net DMR repeater API",
    "source_url": "https://radioid.net/api/dmr/repeater/?country=Spain",
    "source_record_id": "734",
    "classification": "NOT_IMPORTABLE",
    "band": "432 MHz",
    "origin": "RadioID",
    "geometry_source": null,
    "vs_production": "NEW",
    "review_reason": "RadioID-only record has no exact geometry."
   }
  },
  {
   "type": "Feature",
   "geometry": null,
   "properties": {
    "callsign": "ED3YAK",
    "name": null,
    "service_type": "repeater",
    "modes": [
     "DMR"
    ],
    "rx_frequency_mhz": 438.3625,
    "tx_frequency_mhz": null,
    "offset_mhz": -7.6,
    "ctcss_hz": null,
    "dmr_color_code": 1,
    "dmr_network": "BrandMeister",
    "locator": null,
    "municipality": "BARCELONA",
    "province": "Barcelona",
    "autonomous_region": null,
    "status": "on-air",
    "operator": null,
    "notes": "RadioID-only DMR record: no exact site coordinates are published by RadioID; geometry is intentionally null and this record is not importable until an authoritative exact site source is available.",
    "last_verified_at": "2026-09-13",
    "latitude": null,
    "longitude": null,
    "source_name": "RadioID.net DMR repeater API",
    "source_url": "https://radioid.net/api/dmr/repeater/?country=Spain",
    "source_record_id": "735",
    "classification": "NOT_IMPORTABLE",
    "band": "432 MHz",
    "origin": "RadioID",
    "geometry_source": null,
    "vs_production": "NEW",
    "review_reason": "RadioID-only record has no exact geometry."
   }
  },
  {
   "type": "Feature",
   "geometry": null,
   "properties": {
    "callsign": "ED3YAQ",
    "name": null,
    "service_type": "repeater",
    "modes": [
     "DMR"
    ],
    "rx_frequency_mhz": 438.25,
    "tx_frequency_mhz": null,
    "offset_mhz": -7.6,
    "ctcss_hz": null,
    "dmr_color_code": 1,
    "dmr_network": "BrandMeister",
    "locator": null,
    "municipality": "Vic",
    "province": "Barcelona",
    "autonomous_region": null,
    "status": "on-air",
    "operator": null,
    "notes": "RadioID-only DMR record: no exact site coordinates are published by RadioID; geometry is intentionally null and this record is not importable until an authoritative exact site source is available.",
    "last_verified_at": "2026-09-13",
    "latitude": null,
    "longitude": null,
    "source_name": "RadioID.net DMR repeater API",
    "source_url": "https://radioid.net/api/dmr/repeater/?country=Spain",
    "source_record_id": "736",
    "classification": "NOT_IMPORTABLE",
    "band": "432 MHz",
    "origin": "RadioID",
    "geometry_source": null,
    "vs_production": "NEW",
    "review_reason": "RadioID-only record has no exact geometry."
   }
  },
  {
   "type": "Feature",
   "geometry": null,
   "properties": {
    "callsign": "ED3ZAA",
    "name": null,
    "service_type": "repeater",
    "modes": [
     "DMR"
    ],
    "rx_frequency_mhz": 438.2,
    "tx_frequency_mhz": null,
    "offset_mhz": -7.6,
    "ctcss_hz": null,
    "dmr_color_code": 1,
    "dmr_network": "DMR-plus",
    "locator": null,
    "municipality": "Montseny",
    "province": null,
    "autonomous_region": null,
    "status": "on-air",
    "operator": null,
    "notes": "RadioID-only DMR record: no exact site coordinates are published by RadioID; geometry is intentionally null and this record is not importable until an authoritative exact site source is available.",
    "last_verified_at": "2026-09-13",
    "latitude": null,
    "longitude": null,
    "source_name": "RadioID.net DMR repeater API",
    "source_url": "https://radioid.net/api/dmr/repeater/?country=Spain",
    "source_record_id": "737",
    "classification": "NOT_IMPORTABLE",
    "band": "432 MHz",
    "origin": "RadioID",
    "geometry_source": null,
    "vs_production": "NEW",
    "review_reason": "RadioID-only record has no exact geometry."
   }
  },
  {
   "type": "Feature",
   "geometry": null,
   "properties": {
    "callsign": "ED3YAP",
    "name": null,
    "service_type": "repeater",
    "modes": [
     "DMR"
    ],
    "rx_frequency_mhz": 438.5125,
    "tx_frequency_mhz": null,
    "offset_mhz": -7.6,
    "ctcss_hz": null,
    "dmr_color_code": 1,
    "dmr_network": "BrandMeister",
    "locator": null,
    "municipality": "Figueres",
    "province": null,
    "autonomous_region": null,
    "status": "on-air",
    "operator": null,
    "notes": "RadioID-only DMR record: no exact site coordinates are published by RadioID; geometry is intentionally null and this record is not importable until an authoritative exact site source is available.",
    "last_verified_at": "2026-09-13",
    "latitude": null,
    "longitude": null,
    "source_name": "RadioID.net DMR repeater API",
    "source_url": "https://radioid.net/api/dmr/repeater/?country=Spain",
    "source_record_id": "738",
    "classification": "NOT_IMPORTABLE",
    "band": "432 MHz",
    "origin": "RadioID",
    "geometry_source": null,
    "vs_production": "NEW",
    "review_reason": "RadioID-only record has no exact geometry."
   }
  },
  {
   "type": "Feature",
   "geometry": null,
   "properties": {
    "callsign": "ED3ZAR",
    "name": null,
    "service_type": "repeater",
    "modes": [
     "DMR"
    ],
    "rx_frequency_mhz": 438.45,
    "tx_frequency_mhz": null,
    "offset_mhz": -7.6,
    "ctcss_hz": null,
    "dmr_color_code": 1,
    "dmr_network": "BrandMeister",
    "locator": null,
    "municipality": "Almoster-Tarragona",
    "province": null,
    "autonomous_region": null,
    "status": "on-air",
    "operator": null,
    "notes": "RadioID-only DMR record: no exact site coordinates are published by RadioID; geometry is intentionally null and this record is not importable until an authoritative exact site source is available.",
    "last_verified_at": "2026-09-13",
    "latitude": null,
    "longitude": null,
    "source_name": "RadioID.net DMR repeater API",
    "source_url": "https://radioid.net/api/dmr/repeater/?country=Spain",
    "source_record_id": "739",
    "classification": "NOT_IMPORTABLE",
    "band": "432 MHz",
    "origin": "RadioID",
    "geometry_source": null,
    "vs_production": "NEW",
    "review_reason": "RadioID-only record has no exact geometry."
   }
  },
  {
   "type": "Feature",
   "geometry": null,
   "properties": {
    "callsign": "ED3ZAR",
    "name": null,
    "service_type": "repeater",
    "modes": [
     "DMR"
    ],
    "rx_frequency_mhz": 144.6875,
    "tx_frequency_mhz": null,
    "offset_mhz": 0.0,
    "ctcss_hz": null,
    "dmr_color_code": 1,
    "dmr_network": "DMR-plus",
    "locator": null,
    "municipality": "ED3ZAR",
    "province": null,
    "autonomous_region": null,
    "status": "on-air",
    "operator": null,
    "notes": "RadioID-only DMR record: no exact site coordinates are published by RadioID; geometry is intentionally null and this record is not importable until an authoritative exact site source is available.",
    "last_verified_at": "2026-09-13",
    "latitude": null,
    "longitude": null,
    "source_name": "RadioID.net DMR repeater API",
    "source_url": "https://radioid.net/api/dmr/repeater/?country=Spain",
    "source_record_id": "740",
    "classification": "NOT_IMPORTABLE",
    "band": "144 MHz",
    "origin": "RadioID",
    "geometry_source": null,
    "vs_production": "NEW",
    "review_reason": "RadioID-only record has no exact geometry."
   }
  },
  {
   "type": "Feature",
   "geometry": null,
   "properties": {
    "callsign": "ED3ZAS",
    "name": null,
    "service_type": "repeater",
    "modes": [
     "DMR"
    ],
    "rx_frequency_mhz": 438.5,
    "tx_frequency_mhz": null,
    "offset_mhz": -7.6,
    "ctcss_hz": null,
    "dmr_color_code": 1,
    "dmr_network": "BrandMeister",
    "locator": null,
    "municipality": "Esparreguera",
    "province": "Barcelona",
    "autonomous_region": null,
    "status": "on-air",
    "operator": null,
    "notes": "RadioID-only DMR record: no exact site coordinates are published by RadioID; geometry is intentionally null and this record is not importable until an authoritative exact site source is available. RadioID identity_id(s) [741, 748].",
    "last_verified_at": "2026-09-13",
    "latitude": null,
    "longitude": null,
    "source_name": "RadioID.net DMR repeater API",
    "source_url": "https://radioid.net/api/dmr/repeater/?country=Spain",
    "source_record_id": "741;748",
    "classification": "NOT_IMPORTABLE",
    "band": "432 MHz",
    "origin": "RadioID",
    "geometry_source": null,
    "vs_production": "NEW",
    "review_reason": "RadioID-only record has no exact geometry."
   }
  },
  {
   "type": "Feature",
   "geometry": null,
   "properties": {
    "callsign": "ED3YAM",
    "name": null,
    "service_type": "repeater",
    "modes": [
     "DMR"
    ],
    "rx_frequency_mhz": 438.4625,
    "tx_frequency_mhz": null,
    "offset_mhz": -7.6,
    "ctcss_hz": null,
    "dmr_color_code": 1,
    "dmr_network": "BrandMeister",
    "locator": null,
    "municipality": "Vic",
    "province": "Barcelona",
    "autonomous_region": null,
    "status": "on-air",
    "operator": null,
    "notes": "RadioID-only DMR record: no exact site coordinates are published by RadioID; geometry is intentionally null and this record is not importable until an authoritative exact site source is available.",
    "last_verified_at": "2026-09-13",
    "latitude": null,
    "longitude": null,
    "source_name": "RadioID.net DMR repeater API",
    "source_url": "https://radioid.net/api/dmr/repeater/?country=Spain",
    "source_record_id": "742",
    "classification": "NOT_IMPORTABLE",
    "band": "432 MHz",
    "origin": "RadioID",
    "geometry_source": null,
    "vs_production": "NEW",
    "review_reason": "RadioID-only record has no exact geometry."
   }
  },
  {
   "type": "Feature",
   "geometry": null,
   "properties": {
    "callsign": "ED3YAN",
    "name": null,
    "service_type": "repeater",
    "modes": [
     "DMR"
    ],
    "rx_frequency_mhz": 438.4625,
    "tx_frequency_mhz": null,
    "offset_mhz": -7.6,
    "ctcss_hz": null,
    "dmr_color_code": 1,
    "dmr_network": "BrandMeister",
    "locator": null,
    "municipality": "BADALONA",
    "province": null,
    "autonomous_region": null,
    "status": "on-air",
    "operator": null,
    "notes": "RadioID-only DMR record: no exact site coordinates are published by RadioID; geometry is intentionally null and this record is not importable until an authoritative exact site source is available.",
    "last_verified_at": "2026-09-13",
    "latitude": null,
    "longitude": null,
    "source_name": "RadioID.net DMR repeater API",
    "source_url": "https://radioid.net/api/dmr/repeater/?country=Spain",
    "source_record_id": "743",
    "classification": "NOT_IMPORTABLE",
    "band": "432 MHz",
    "origin": "RadioID",
    "geometry_source": null,
    "vs_production": "NEW",
    "review_reason": "RadioID-only record has no exact geometry."
   }
  },
  {
   "type": "Feature",
   "geometry": null,
   "properties": {
    "callsign": "ED3YAU",
    "name": null,
    "service_type": "repeater",
    "modes": [
     "DMR"
    ],
    "rx_frequency_mhz": 438.225,
    "tx_frequency_mhz": null,
    "offset_mhz": -7.6,
    "ctcss_hz": null,
    "dmr_color_code": 1,
    "dmr_network": "BrandMeister",
    "locator": null,
    "municipality": "Salardu",
    "province": "Lleida",
    "autonomous_region": null,
    "status": "on-air",
    "operator": null,
    "notes": "RadioID-only DMR record: no exact site coordinates are published by RadioID; geometry is intentionally null and this record is not importable until an authoritative exact site source is available.",
    "last_verified_at": "2026-09-13",
    "latitude": null,
    "longitude": null,
    "source_name": "RadioID.net DMR repeater API",
    "source_url": "https://radioid.net/api/dmr/repeater/?country=Spain",
    "source_record_id": "745",
    "classification": "NOT_IMPORTABLE",
    "band": "432 MHz",
    "origin": "RadioID",
    "geometry_source": null,
    "vs_production": "NEW",
    "review_reason": "RadioID-only record has no exact geometry."
   }
  },
  {
   "type": "Feature",
   "geometry": null,
   "properties": {
    "callsign": "ED3YAI",
    "name": null,
    "service_type": "repeater",
    "modes": [
     "DMR"
    ],
    "rx_frequency_mhz": 145.7125,
    "tx_frequency_mhz": null,
    "offset_mhz": -0.6,
    "ctcss_hz": null,
    "dmr_color_code": 1,
    "dmr_network": "DMR-plus",
    "locator": null,
    "municipality": "Tosa dAlp",
    "province": null,
    "autonomous_region": null,
    "status": "on-air",
    "operator": null,
    "notes": "RadioID-only DMR record: no exact site coordinates are published by RadioID; geometry is intentionally null and this record is not importable until an authoritative exact site source is available.",
    "last_verified_at": "2026-09-13",
    "latitude": null,
    "longitude": null,
    "source_name": "RadioID.net DMR repeater API",
    "source_url": "https://radioid.net/api/dmr/repeater/?country=Spain",
    "source_record_id": "746",
    "classification": "NOT_IMPORTABLE",
    "band": "144 MHz",
    "origin": "RadioID",
    "geometry_source": null,
    "vs_production": "NEW",
    "review_reason": "RadioID-only record has no exact geometry."
   }
  },
  {
   "type": "Feature",
   "geometry": null,
   "properties": {
    "callsign": "ED3ZAT",
    "name": null,
    "service_type": "repeater",
    "modes": [
     "DMR"
    ],
    "rx_frequency_mhz": 438.2625,
    "tx_frequency_mhz": null,
    "offset_mhz": -7.6,
    "ctcss_hz": null,
    "dmr_color_code": 1,
    "dmr_network": "BrandMeister",
    "locator": null,
    "municipality": "Tortosa",
    "province": null,
    "autonomous_region": null,
    "status": "on-air",
    "operator": null,
    "notes": "RadioID-only DMR record: no exact site coordinates are published by RadioID; geometry is intentionally null and this record is not importable until an authoritative exact site source is available.",
    "last_verified_at": "2026-09-13",
    "latitude": null,
    "longitude": null,
    "source_name": "RadioID.net DMR repeater API",
    "source_url": "https://radioid.net/api/dmr/repeater/?country=Spain",
    "source_record_id": "747",
    "classification": "NOT_IMPORTABLE",
    "band": "432 MHz",
    "origin": "RadioID",
    "geometry_source": null,
    "vs_production": "NEW",
    "review_reason": "RadioID-only record has no exact geometry."
   }
  },
  {
   "type": "Feature",
   "geometry": null,
   "properties": {
    "callsign": "ED3ZAG",
    "name": null,
    "service_type": "repeater",
    "modes": [
     "DMR"
    ],
    "rx_frequency_mhz": 438.2375,
    "tx_frequency_mhz": null,
    "offset_mhz": -7.6,
    "ctcss_hz": null,
    "dmr_color_code": 1,
    "dmr_network": "DMR-plus",
    "locator": null,
    "municipality": "Garraf",
    "province": null,
    "autonomous_region": null,
    "status": "on-air",
    "operator": null,
    "notes": "RadioID-only DMR record: no exact site coordinates are published by RadioID; geometry is intentionally null and this record is not importable until an authoritative exact site source is available.",
    "last_verified_at": "2026-09-13",
    "latitude": null,
    "longitude": null,
    "source_name": "RadioID.net DMR repeater API",
    "source_url": "https://radioid.net/api/dmr/repeater/?country=Spain",
    "source_record_id": "749",
    "classification": "NOT_IMPORTABLE",
    "band": "432 MHz",
    "origin": "RadioID",
    "geometry_source": null,
    "vs_production": "NEW",
    "review_reason": "RadioID-only record has no exact geometry."
   }
  },
  {
   "type": "Feature",
   "geometry": null,
   "properties": {
    "callsign": "ED3YBD",
    "name": null,
    "service_type": "repeater",
    "modes": [
     "DMR"
    ],
    "rx_frequency_mhz": 438.4375,
    "tx_frequency_mhz": null,
    "offset_mhz": -7.6,
    "ctcss_hz": null,
    "dmr_color_code": 1,
    "dmr_network": "DMR-plus",
    "locator": null,
    "municipality": "Palleja",
    "province": null,
    "autonomous_region": null,
    "status": "on-air",
    "operator": null,
    "notes": "RadioID-only DMR record: no exact site coordinates are published by RadioID; geometry is intentionally null and this record is not importable until an authoritative exact site source is available.",
    "last_verified_at": "2026-09-13",
    "latitude": null,
    "longitude": null,
    "source_name": "RadioID.net DMR repeater API",
    "source_url": "https://radioid.net/api/dmr/repeater/?country=Spain",
    "source_record_id": "750",
    "classification": "NOT_IMPORTABLE",
    "band": "432 MHz",
    "origin": "RadioID",
    "geometry_source": null,
    "vs_production": "NEW",
    "review_reason": "RadioID-only record has no exact geometry."
   }
  },
  {
   "type": "Feature",
   "geometry": null,
   "properties": {
    "callsign": "ED3YAI",
    "name": null,
    "service_type": "repeater",
    "modes": [
     "DMR"
    ],
    "rx_frequency_mhz": 438.4375,
    "tx_frequency_mhz": null,
    "offset_mhz": -7.6,
    "ctcss_hz": null,
    "dmr_color_code": 1,
    "dmr_network": "DMR-plus",
    "locator": null,
    "municipality": "Tosa dAlp",
    "province": null,
    "autonomous_region": null,
    "status": "on-air",
    "operator": null,
    "notes": "RadioID-only DMR record: no exact site coordinates are published by RadioID; geometry is intentionally null and this record is not importable until an authoritative exact site source is available.",
    "last_verified_at": "2026-09-13",
    "latitude": null,
    "longitude": null,
    "source_name": "RadioID.net DMR repeater API",
    "source_url": "https://radioid.net/api/dmr/repeater/?country=Spain",
    "source_record_id": "751",
    "classification": "NOT_IMPORTABLE",
    "band": "432 MHz",
    "origin": "RadioID",
    "geometry_source": null,
    "vs_production": "NEW",
    "review_reason": "RadioID-only record has no exact geometry."
   }
  },
  {
   "type": "Feature",
   "geometry": null,
   "properties": {
    "callsign": "ED3YAB",
    "name": null,
    "service_type": "repeater",
    "modes": [
     "DMR"
    ],
    "rx_frequency_mhz": 439.4125,
    "tx_frequency_mhz": null,
    "offset_mhz": -7.6,
    "ctcss_hz": null,
    "dmr_color_code": 1,
    "dmr_network": "DMR-plus",
    "locator": null,
    "municipality": "Montserrat - BCN",
    "province": null,
    "autonomous_region": null,
    "status": "on-air",
    "operator": null,
    "notes": "RadioID-only DMR record: no exact site coordinates are published by RadioID; geometry is intentionally null and this record is not importable until an authoritative exact site source is available.",
    "last_verified_at": "2026-09-13",
    "latitude": null,
    "longitude": null,
    "source_name": "RadioID.net DMR repeater API",
    "source_url": "https://radioid.net/api/dmr/repeater/?country=Spain",
    "source_record_id": "752",
    "classification": "NOT_IMPORTABLE",
    "band": "432 MHz",
    "origin": "RadioID",
    "geometry_source": null,
    "vs_production": "NEW",
    "review_reason": "RadioID-only record has no exact geometry."
   }
  },
  {
   "type": "Feature",
   "geometry": null,
   "properties": {
    "callsign": "EA3MM",
    "name": null,
    "service_type": "repeater",
    "modes": [
     "DMR"
    ],
    "rx_frequency_mhz": 438.43,
    "tx_frequency_mhz": null,
    "offset_mhz": 5.0,
    "ctcss_hz": null,
    "dmr_color_code": 1,
    "dmr_network": "None",
    "locator": null,
    "municipality": "Barcelona",
    "province": null,
    "autonomous_region": null,
    "status": "on-air",
    "operator": null,
    "notes": "RadioID-only DMR record: no exact site coordinates are published by RadioID; geometry is intentionally null and this record is not importable until an authoritative exact site source is available.",
    "last_verified_at": "2026-09-13",
    "latitude": null,
    "longitude": null,
    "source_name": "RadioID.net DMR repeater API",
    "source_url": "https://radioid.net/api/dmr/repeater/?country=Spain",
    "source_record_id": "755",
    "classification": "NOT_IMPORTABLE",
    "band": "432 MHz",
    "origin": "RadioID",
    "geometry_source": null,
    "vs_production": "NEW",
    "review_reason": "RadioID-only record has no exact geometry."
   }
  },
  {
   "type": "Feature",
   "geometry": null,
   "properties": {
    "callsign": "ED3ZAU",
    "name": null,
    "service_type": "repeater",
    "modes": [
     "DMR"
    ],
    "rx_frequency_mhz": 438.5125,
    "tx_frequency_mhz": null,
    "offset_mhz": -7.6,
    "ctcss_hz": null,
    "dmr_color_code": 1,
    "dmr_network": "BrandMeister",
    "locator": null,
    "municipality": "Tarragona",
    "province": "Tarragona",
    "autonomous_region": null,
    "status": "on-air",
    "operator": null,
    "notes": "RadioID-only DMR record: no exact site coordinates are published by RadioID; geometry is intentionally null and this record is not importable until an authoritative exact site source is available.",
    "last_verified_at": "2026-09-13",
    "latitude": null,
    "longitude": null,
    "source_name": "RadioID.net DMR repeater API",
    "source_url": "https://radioid.net/api/dmr/repeater/?country=Spain",
    "source_record_id": "756",
    "classification": "NOT_IMPORTABLE",
    "band": "432 MHz",
    "origin": "RadioID",
    "geometry_source": null,
    "vs_production": "NEW",
    "review_reason": "RadioID-only record has no exact geometry."
   }
  },
  {
   "type": "Feature",
   "geometry": null,
   "properties": {
    "callsign": "ED3YBE",
    "name": null,
    "service_type": "repeater",
    "modes": [
     "DMR"
    ],
    "rx_frequency_mhz": 438.225,
    "tx_frequency_mhz": null,
    "offset_mhz": -7.6,
    "ctcss_hz": null,
    "dmr_color_code": 1,
    "dmr_network": "DMR-plus",
    "locator": null,
    "municipality": "Almoster",
    "province": null,
    "autonomous_region": null,
    "status": "on-air",
    "operator": null,
    "notes": "RadioID-only DMR record: no exact site coordinates are published by RadioID; geometry is intentionally null and this record is not importable until an authoritative exact site source is available.",
    "last_verified_at": "2026-09-13",
    "latitude": null,
    "longitude": null,
    "source_name": "RadioID.net DMR repeater API",
    "source_url": "https://radioid.net/api/dmr/repeater/?country=Spain",
    "source_record_id": "758",
    "classification": "NOT_IMPORTABLE",
    "band": "432 MHz",
    "origin": "RadioID",
    "geometry_source": null,
    "vs_production": "NEW",
    "review_reason": "RadioID-only record has no exact geometry."
   }
  },
  {
   "type": "Feature",
   "geometry": null,
   "properties": {
    "callsign": "ED4ZAC",
    "name": null,
    "service_type": "repeater",
    "modes": [
     "DMR"
    ],
    "rx_frequency_mhz": 438.55,
    "tx_frequency_mhz": null,
    "offset_mhz": -7.6,
    "ctcss_hz": null,
    "dmr_color_code": 1,
    "dmr_network": "DMR-plus",
    "locator": null,
    "municipality": "Plasencia",
    "province": "Cáceres",
    "autonomous_region": null,
    "status": "on-air",
    "operator": null,
    "notes": "RadioID-only DMR record: no exact site coordinates are published by RadioID; geometry is intentionally null and this record is not importable until an authoritative exact site source is available.",
    "last_verified_at": "2026-09-13",
    "latitude": null,
    "longitude": null,
    "source_name": "RadioID.net DMR repeater API",
    "source_url": "https://radioid.net/api/dmr/repeater/?country=Spain",
    "source_record_id": "759",
    "classification": "NOT_IMPORTABLE",
    "band": "432 MHz",
    "origin": "RadioID",
    "geometry_source": null,
    "vs_production": "NEW",
    "review_reason": "RadioID-only record has no exact geometry."
   }
  },
  {
   "type": "Feature",
   "geometry": null,
   "properties": {
    "callsign": "ED4ZAD",
    "name": null,
    "service_type": "repeater",
    "modes": [
     "DMR"
    ],
    "rx_frequency_mhz": 438.425,
    "tx_frequency_mhz": null,
    "offset_mhz": -7.6,
    "ctcss_hz": null,
    "dmr_color_code": 1,
    "dmr_network": "BrandMeister",
    "locator": null,
    "municipality": "CUENCA",
    "province": null,
    "autonomous_region": null,
    "status": "on-air",
    "operator": null,
    "notes": "RadioID-only DMR record: no exact site coordinates are published by RadioID; geometry is intentionally null and this record is not importable until an authoritative exact site source is available.",
    "last_verified_at": "2026-09-13",
    "latitude": null,
    "longitude": null,
    "source_name": "RadioID.net DMR repeater API",
    "source_url": "https://radioid.net/api/dmr/repeater/?country=Spain",
    "source_record_id": "760",
    "classification": "NOT_IMPORTABLE",
    "band": "432 MHz",
    "origin": "RadioID",
    "geometry_source": null,
    "vs_production": "NEW",
    "review_reason": "RadioID-only record has no exact geometry."
   }
  },
  {
   "type": "Feature",
   "geometry": null,
   "properties": {
    "callsign": "ED4ZAC",
    "name": null,
    "service_type": "repeater",
    "modes": [
     "DMR"
    ],
    "rx_frequency_mhz": 438.525,
    "tx_frequency_mhz": null,
    "offset_mhz": -7.6,
    "ctcss_hz": null,
    "dmr_color_code": 1,
    "dmr_network": "DMR-plus",
    "locator": null,
    "municipality": "Plasencia",
    "province": "Cáceres",
    "autonomous_region": null,
    "status": "on-air",
    "operator": null,
    "notes": "RadioID-only DMR record: no exact site coordinates are published by RadioID; geometry is intentionally null and this record is not importable until an authoritative exact site source is available.",
    "last_verified_at": "2026-09-13",
    "latitude": null,
    "longitude": null,
    "source_name": "RadioID.net DMR repeater API",
    "source_url": "https://radioid.net/api/dmr/repeater/?country=Spain",
    "source_record_id": "761",
    "classification": "NOT_IMPORTABLE",
    "band": "432 MHz",
    "origin": "RadioID",
    "geometry_source": null,
    "vs_production": "NEW",
    "review_reason": "RadioID-only record has no exact geometry."
   }
  },
  {
   "type": "Feature",
   "geometry": null,
   "properties": {
    "callsign": "ED4YAO",
    "name": null,
    "service_type": "repeater",
    "modes": [
     "DMR"
    ],
    "rx_frequency_mhz": 145.625,
    "tx_frequency_mhz": null,
    "offset_mhz": 0.6,
    "ctcss_hz": null,
    "dmr_color_code": 1,
    "dmr_network": "DMR-plus",
    "locator": null,
    "municipality": "Plasencia",
    "province": null,
    "autonomous_region": null,
    "status": "on-air",
    "operator": null,
    "notes": "RadioID-only DMR record: no exact site coordinates are published by RadioID; geometry is intentionally null and this record is not importable until an authoritative exact site source is available.",
    "last_verified_at": "2026-09-13",
    "latitude": null,
    "longitude": null,
    "source_name": "RadioID.net DMR repeater API",
    "source_url": "https://radioid.net/api/dmr/repeater/?country=Spain",
    "source_record_id": "762",
    "classification": "NOT_IMPORTABLE",
    "band": "144 MHz",
    "origin": "RadioID",
    "geometry_source": null,
    "vs_production": "NEW",
    "review_reason": "RadioID-only record has no exact geometry."
   }
  },
  {
   "type": "Feature",
   "geometry": null,
   "properties": {
    "callsign": "ED4ZAI",
    "name": null,
    "service_type": "repeater",
    "modes": [
     "DMR"
    ],
    "rx_frequency_mhz": 438.275,
    "tx_frequency_mhz": null,
    "offset_mhz": -7.6,
    "ctcss_hz": null,
    "dmr_color_code": 1,
    "dmr_network": "BrandMeister",
    "locator": null,
    "municipality": "EL VISO",
    "province": "Madrid",
    "autonomous_region": null,
    "status": "on-air",
    "operator": null,
    "notes": "RadioID-only DMR record: no exact site coordinates are published by RadioID; geometry is intentionally null and this record is not importable until an authoritative exact site source is available.",
    "last_verified_at": "2026-09-13",
    "latitude": null,
    "longitude": null,
    "source_name": "RadioID.net DMR repeater API",
    "source_url": "https://radioid.net/api/dmr/repeater/?country=Spain",
    "source_record_id": "763",
    "classification": "NOT_IMPORTABLE",
    "band": "432 MHz",
    "origin": "RadioID",
    "geometry_source": null,
    "vs_production": "NEW",
    "review_reason": "RadioID-only record has no exact geometry."
   }
  },
  {
   "type": "Feature",
   "geometry": null,
   "properties": {
    "callsign": "ED4YAS",
    "name": null,
    "service_type": "repeater",
    "modes": [
     "DMR"
    ],
    "rx_frequency_mhz": 438.5,
    "tx_frequency_mhz": null,
    "offset_mhz": -7.6,
    "ctcss_hz": null,
    "dmr_color_code": 1,
    "dmr_network": "DMR-plus",
    "locator": null,
    "municipality": "Salvatierra-Badajoz",
    "province": null,
    "autonomous_region": null,
    "status": "on-air",
    "operator": null,
    "notes": "RadioID-only DMR record: no exact site coordinates are published by RadioID; geometry is intentionally null and this record is not importable until an authoritative exact site source is available.",
    "last_verified_at": "2026-09-13",
    "latitude": null,
    "longitude": null,
    "source_name": "RadioID.net DMR repeater API",
    "source_url": "https://radioid.net/api/dmr/repeater/?country=Spain",
    "source_record_id": "766",
    "classification": "NOT_IMPORTABLE",
    "band": "432 MHz",
    "origin": "RadioID",
    "geometry_source": null,
    "vs_production": "NEW",
    "review_reason": "RadioID-only record has no exact geometry."
   }
  },
  {
   "type": "Feature",
   "geometry": null,
   "properties": {
    "callsign": "ED4ZAE",
    "name": null,
    "service_type": "repeater",
    "modes": [
     "DMR"
    ],
    "rx_frequency_mhz": 438.25,
    "tx_frequency_mhz": null,
    "offset_mhz": -7.6,
    "ctcss_hz": null,
    "dmr_color_code": 1,
    "dmr_network": "BrandMeister",
    "locator": null,
    "municipality": "TALAVERA",
    "province": "Madrid",
    "autonomous_region": null,
    "status": "on-air",
    "operator": null,
    "notes": "RadioID-only DMR record: no exact site coordinates are published by RadioID; geometry is intentionally null and this record is not importable until an authoritative exact site source is available.",
    "last_verified_at": "2026-09-13",
    "latitude": null,
    "longitude": null,
    "source_name": "RadioID.net DMR repeater API",
    "source_url": "https://radioid.net/api/dmr/repeater/?country=Spain",
    "source_record_id": "767",
    "classification": "NOT_IMPORTABLE",
    "band": "432 MHz",
    "origin": "RadioID",
    "geometry_source": null,
    "vs_production": "NEW",
    "review_reason": "RadioID-only record has no exact geometry."
   }
  },
  {
   "type": "Feature",
   "geometry": null,
   "properties": {
    "callsign": "ED4ZAC",
    "name": null,
    "service_type": "repeater",
    "modes": [
     "DMR"
    ],
    "rx_frequency_mhz": 438.7,
    "tx_frequency_mhz": null,
    "offset_mhz": 7.6,
    "ctcss_hz": null,
    "dmr_color_code": 1,
    "dmr_network": "DMR-plus",
    "locator": null,
    "municipality": "Plasencia",
    "province": "Cáceres",
    "autonomous_region": null,
    "status": "on-air",
    "operator": null,
    "notes": "RadioID-only DMR record: no exact site coordinates are published by RadioID; geometry is intentionally null and this record is not importable until an authoritative exact site source is available.",
    "last_verified_at": "2026-09-13",
    "latitude": null,
    "longitude": null,
    "source_name": "RadioID.net DMR repeater API",
    "source_url": "https://radioid.net/api/dmr/repeater/?country=Spain",
    "source_record_id": "769",
    "classification": "NOT_IMPORTABLE",
    "band": "432 MHz",
    "origin": "RadioID",
    "geometry_source": null,
    "vs_production": "NEW",
    "review_reason": "RadioID-only record has no exact geometry."
   }
  },
  {
   "type": "Feature",
   "geometry": null,
   "properties": {
    "callsign": "ED4ZAF",
    "name": null,
    "service_type": "repeater",
    "modes": [
     "DMR"
    ],
    "rx_frequency_mhz": 438.5,
    "tx_frequency_mhz": null,
    "offset_mhz": -7.6,
    "ctcss_hz": null,
    "dmr_color_code": 1,
    "dmr_network": "BrandMeister",
    "locator": null,
    "municipality": "Coslada",
    "province": "Madrid",
    "autonomous_region": null,
    "status": "on-air",
    "operator": null,
    "notes": "RadioID-only DMR record: no exact site coordinates are published by RadioID; geometry is intentionally null and this record is not importable until an authoritative exact site source is available.",
    "last_verified_at": "2026-09-13",
    "latitude": null,
    "longitude": null,
    "source_name": "RadioID.net DMR repeater API",
    "source_url": "https://radioid.net/api/dmr/repeater/?country=Spain",
    "source_record_id": "771",
    "classification": "NOT_IMPORTABLE",
    "band": "432 MHz",
    "origin": "RadioID",
    "geometry_source": null,
    "vs_production": "NEW",
    "review_reason": "RadioID-only record has no exact geometry."
   }
  },
  {
   "type": "Feature",
   "geometry": null,
   "properties": {
    "callsign": "ED5ZAH",
    "name": null,
    "service_type": "repeater",
    "modes": [
     "DMR"
    ],
    "rx_frequency_mhz": 438.5,
    "tx_frequency_mhz": null,
    "offset_mhz": -7.6,
    "ctcss_hz": null,
    "dmr_color_code": 1,
    "dmr_network": "BrandMeister",
    "locator": null,
    "municipality": "Chinchilla de Montearagon",
    "province": "Albacete",
    "autonomous_region": null,
    "status": "on-air",
    "operator": null,
    "notes": "RadioID-only DMR record: no exact site coordinates are published by RadioID; geometry is intentionally null and this record is not importable until an authoritative exact site source is available.",
    "last_verified_at": "2026-09-13",
    "latitude": null,
    "longitude": null,
    "source_name": "RadioID.net DMR repeater API",
    "source_url": "https://radioid.net/api/dmr/repeater/?country=Spain",
    "source_record_id": "772",
    "classification": "NOT_IMPORTABLE",
    "band": "432 MHz",
    "origin": "RadioID",
    "geometry_source": null,
    "vs_production": "NEW",
    "review_reason": "RadioID-only record has no exact geometry."
   }
  },
  {
   "type": "Feature",
   "geometry": null,
   "properties": {
    "callsign": "ED5ZAE",
    "name": null,
    "service_type": "repeater",
    "modes": [
     "DMR"
    ],
    "rx_frequency_mhz": 400.0,
    "tx_frequency_mhz": null,
    "offset_mhz": -7.6,
    "ctcss_hz": null,
    "dmr_color_code": 1,
    "dmr_network": "DMR-plus",
    "locator": null,
    "municipality": "San Javier",
    "province": null,
    "autonomous_region": null,
    "status": "on-air",
    "operator": null,
    "notes": "RadioID-only DMR record: no exact site coordinates are published by RadioID; geometry is intentionally null and this record is not importable until an authoritative exact site source is available.",
    "last_verified_at": "2026-09-13",
    "latitude": null,
    "longitude": null,
    "source_name": "RadioID.net DMR repeater API",
    "source_url": "https://radioid.net/api/dmr/repeater/?country=Spain",
    "source_record_id": "773",
    "classification": "NOT_IMPORTABLE",
    "band": null,
    "origin": "RadioID",
    "geometry_source": null,
    "vs_production": "NEW",
    "review_reason": "RadioID-only record has no exact geometry."
   }
  },
  {
   "type": "Feature",
   "geometry": null,
   "properties": {
    "callsign": "ED5ZAJ",
    "name": null,
    "service_type": "repeater",
    "modes": [
     "DMR"
    ],
    "rx_frequency_mhz": 438.5,
    "tx_frequency_mhz": null,
    "offset_mhz": -7.6,
    "ctcss_hz": null,
    "dmr_color_code": 1,
    "dmr_network": "BrandMeister",
    "locator": null,
    "municipality": "Alicante",
    "province": "Alicante",
    "autonomous_region": null,
    "status": "on-air",
    "operator": null,
    "notes": "RadioID-only DMR record: no exact site coordinates are published by RadioID; geometry is intentionally null and this record is not importable until an authoritative exact site source is available.",
    "last_verified_at": "2026-09-13",
    "latitude": null,
    "longitude": null,
    "source_name": "RadioID.net DMR repeater API",
    "source_url": "https://radioid.net/api/dmr/repeater/?country=Spain",
    "source_record_id": "774",
    "classification": "NOT_IMPORTABLE",
    "band": "432 MHz",
    "origin": "RadioID",
    "geometry_source": null,
    "vs_production": "NEW",
    "review_reason": "RadioID-only record has no exact geometry."
   }
  },
  {
   "type": "Feature",
   "geometry": null,
   "properties": {
    "callsign": "EA5ERC",
    "name": null,
    "service_type": "repeater",
    "modes": [
     "DMR"
    ],
    "rx_frequency_mhz": 438.2625,
    "tx_frequency_mhz": null,
    "offset_mhz": -7.6,
    "ctcss_hz": null,
    "dmr_color_code": 1,
    "dmr_network": "DMR-plus",
    "locator": null,
    "municipality": "Chert Castellon",
    "province": null,
    "autonomous_region": null,
    "status": "on-air",
    "operator": null,
    "notes": "RadioID-only DMR record: no exact site coordinates are published by RadioID; geometry is intentionally null and this record is not importable until an authoritative exact site source is available.",
    "last_verified_at": "2026-09-13",
    "latitude": null,
    "longitude": null,
    "source_name": "RadioID.net DMR repeater API",
    "source_url": "https://radioid.net/api/dmr/repeater/?country=Spain",
    "source_record_id": "775",
    "classification": "NOT_IMPORTABLE",
    "band": "432 MHz",
    "origin": "RadioID",
    "geometry_source": null,
    "vs_production": "NEW",
    "review_reason": "RadioID-only record has no exact geometry."
   }
  },
  {
   "type": "Feature",
   "geometry": null,
   "properties": {
    "callsign": "ED5ZAL",
    "name": null,
    "service_type": "repeater",
    "modes": [
     "DMR"
    ],
    "rx_frequency_mhz": 438.225,
    "tx_frequency_mhz": null,
    "offset_mhz": -7.6,
    "ctcss_hz": null,
    "dmr_color_code": 1,
    "dmr_network": "DMR-plus",
    "locator": null,
    "municipality": "Albacete",
    "province": null,
    "autonomous_region": null,
    "status": "on-air",
    "operator": null,
    "notes": "RadioID-only DMR record: no exact site coordinates are published by RadioID; geometry is intentionally null and this record is not importable until an authoritative exact site source is available.",
    "last_verified_at": "2026-09-13",
    "latitude": null,
    "longitude": null,
    "source_name": "RadioID.net DMR repeater API",
    "source_url": "https://radioid.net/api/dmr/repeater/?country=Spain",
    "source_record_id": "777",
    "classification": "NOT_IMPORTABLE",
    "band": "432 MHz",
    "origin": "RadioID",
    "geometry_source": null,
    "vs_production": "NEW",
    "review_reason": "RadioID-only record has no exact geometry."
   }
  },
  {
   "type": "Feature",
   "geometry": null,
   "properties": {
    "callsign": "ED5YAL",
    "name": null,
    "service_type": "repeater",
    "modes": [
     "DMR"
    ],
    "rx_frequency_mhz": 438.525,
    "tx_frequency_mhz": null,
    "offset_mhz": -7.6,
    "ctcss_hz": null,
    "dmr_color_code": 1,
    "dmr_network": "ADN-SYSTEMS",
    "locator": null,
    "municipality": "MURCIA",
    "province": "Murcia",
    "autonomous_region": null,
    "status": "on-air",
    "operator": null,
    "notes": "RadioID-only DMR record: no exact site coordinates are published by RadioID; geometry is intentionally null and this record is not importable until an authoritative exact site source is available.",
    "last_verified_at": "2026-09-13",
    "latitude": null,
    "longitude": null,
    "source_name": "RadioID.net DMR repeater API",
    "source_url": "https://radioid.net/api/dmr/repeater/?country=Spain",
    "source_record_id": "778",
    "classification": "NOT_IMPORTABLE",
    "band": "432 MHz",
    "origin": "RadioID",
    "geometry_source": null,
    "vs_production": "NEW",
    "review_reason": "RadioID-only record has no exact geometry."
   }
  },
  {
   "type": "Feature",
   "geometry": null,
   "properties": {
    "callsign": "ED5YBC",
    "name": null,
    "service_type": "repeater",
    "modes": [
     "DMR"
    ],
    "rx_frequency_mhz": 438.35,
    "tx_frequency_mhz": null,
    "offset_mhz": -7.6,
    "ctcss_hz": null,
    "dmr_color_code": 1,
    "dmr_network": "BrandMeister",
    "locator": null,
    "municipality": "ALICANTE",
    "province": "València",
    "autonomous_region": null,
    "status": "on-air",
    "operator": null,
    "notes": "RadioID-only DMR record: no exact site coordinates are published by RadioID; geometry is intentionally null and this record is not importable until an authoritative exact site source is available.",
    "last_verified_at": "2026-09-13",
    "latitude": null,
    "longitude": null,
    "source_name": "RadioID.net DMR repeater API",
    "source_url": "https://radioid.net/api/dmr/repeater/?country=Spain",
    "source_record_id": "779",
    "classification": "NOT_IMPORTABLE",
    "band": "432 MHz",
    "origin": "RadioID",
    "geometry_source": null,
    "vs_production": "NEW",
    "review_reason": "RadioID-only record has no exact geometry."
   }
  },
  {
   "type": "Feature",
   "geometry": null,
   "properties": {
    "callsign": "ED5ZAK",
    "name": null,
    "service_type": "repeater",
    "modes": [
     "DMR"
    ],
    "rx_frequency_mhz": 438.25,
    "tx_frequency_mhz": null,
    "offset_mhz": -7.6,
    "ctcss_hz": null,
    "dmr_color_code": 1,
    "dmr_network": "BrandMeister",
    "locator": null,
    "municipality": "Sierra Espua",
    "province": null,
    "autonomous_region": null,
    "status": "on-air",
    "operator": null,
    "notes": "RadioID-only DMR record: no exact site coordinates are published by RadioID; geometry is intentionally null and this record is not importable until an authoritative exact site source is available.",
    "last_verified_at": "2026-09-13",
    "latitude": null,
    "longitude": null,
    "source_name": "RadioID.net DMR repeater API",
    "source_url": "https://radioid.net/api/dmr/repeater/?country=Spain",
    "source_record_id": "780",
    "classification": "NOT_IMPORTABLE",
    "band": "432 MHz",
    "origin": "RadioID",
    "geometry_source": null,
    "vs_production": "NEW",
    "review_reason": "RadioID-only record has no exact geometry."
   }
  },
  {
   "type": "Feature",
   "geometry": null,
   "properties": {
    "callsign": "ED5ZAM",
    "name": null,
    "service_type": "repeater",
    "modes": [
     "DMR"
    ],
    "rx_frequency_mhz": 438.35,
    "tx_frequency_mhz": null,
    "offset_mhz": -7.6,
    "ctcss_hz": null,
    "dmr_color_code": 1,
    "dmr_network": "BrandMeister",
    "locator": null,
    "municipality": "ALICANTE",
    "province": null,
    "autonomous_region": null,
    "status": "on-air",
    "operator": null,
    "notes": "RadioID-only DMR record: no exact site coordinates are published by RadioID; geometry is intentionally null and this record is not importable until an authoritative exact site source is available.",
    "last_verified_at": "2026-09-13",
    "latitude": null,
    "longitude": null,
    "source_name": "RadioID.net DMR repeater API",
    "source_url": "https://radioid.net/api/dmr/repeater/?country=Spain",
    "source_record_id": "781",
    "classification": "NOT_IMPORTABLE",
    "band": "432 MHz",
    "origin": "RadioID",
    "geometry_source": null,
    "vs_production": "NEW",
    "review_reason": "RadioID-only record has no exact geometry."
   }
  },
  {
   "type": "Feature",
   "geometry": null,
   "properties": {
    "callsign": "ED5ZAN",
    "name": null,
    "service_type": "repeater",
    "modes": [
     "DMR"
    ],
    "rx_frequency_mhz": 438.25,
    "tx_frequency_mhz": null,
    "offset_mhz": -7.6,
    "ctcss_hz": null,
    "dmr_color_code": 1,
    "dmr_network": "BrandMeister",
    "locator": null,
    "municipality": "MURCIA",
    "province": null,
    "autonomous_region": null,
    "status": "on-air",
    "operator": null,
    "notes": "RadioID-only DMR record: no exact site coordinates are published by RadioID; geometry is intentionally null and this record is not importable until an authoritative exact site source is available.",
    "last_verified_at": "2026-09-13",
    "latitude": null,
    "longitude": null,
    "source_name": "RadioID.net DMR repeater API",
    "source_url": "https://radioid.net/api/dmr/repeater/?country=Spain",
    "source_record_id": "782",
    "classification": "NOT_IMPORTABLE",
    "band": "432 MHz",
    "origin": "RadioID",
    "geometry_source": null,
    "vs_production": "NEW",
    "review_reason": "RadioID-only record has no exact geometry."
   }
  },
  {
   "type": "Feature",
   "geometry": null,
   "properties": {
    "callsign": "ED5ZAD",
    "name": null,
    "service_type": "repeater",
    "modes": [
     "DMR"
    ],
    "rx_frequency_mhz": 439.175,
    "tx_frequency_mhz": null,
    "offset_mhz": -7.6,
    "ctcss_hz": null,
    "dmr_color_code": 1,
    "dmr_network": "BrandMeister",
    "locator": null,
    "municipality": "Cid Petrer Alicante",
    "province": null,
    "autonomous_region": null,
    "status": "on-air",
    "operator": null,
    "notes": "RadioID-only DMR record: no exact site coordinates are published by RadioID; geometry is intentionally null and this record is not importable until an authoritative exact site source is available.",
    "last_verified_at": "2026-09-13",
    "latitude": null,
    "longitude": null,
    "source_name": "RadioID.net DMR repeater API",
    "source_url": "https://radioid.net/api/dmr/repeater/?country=Spain",
    "source_record_id": "784",
    "classification": "NOT_IMPORTABLE",
    "band": "432 MHz",
    "origin": "RadioID",
    "geometry_source": null,
    "vs_production": "NEW",
    "review_reason": "RadioID-only record has no exact geometry."
   }
  },
  {
   "type": "Feature",
   "geometry": null,
   "properties": {
    "callsign": "ED5ZAI",
    "name": null,
    "service_type": "repeater",
    "modes": [
     "DMR"
    ],
    "rx_frequency_mhz": 438.4,
    "tx_frequency_mhz": null,
    "offset_mhz": -7.6,
    "ctcss_hz": null,
    "dmr_color_code": 1,
    "dmr_network": "DMR-plus",
    "locator": null,
    "municipality": "Denia",
    "province": "Alicante",
    "autonomous_region": null,
    "status": "on-air",
    "operator": null,
    "notes": "RadioID-only DMR record: no exact site coordinates are published by RadioID; geometry is intentionally null and this record is not importable until an authoritative exact site source is available.",
    "last_verified_at": "2026-09-13",
    "latitude": null,
    "longitude": null,
    "source_name": "RadioID.net DMR repeater API",
    "source_url": "https://radioid.net/api/dmr/repeater/?country=Spain",
    "source_record_id": "785",
    "classification": "NOT_IMPORTABLE",
    "band": "432 MHz",
    "origin": "RadioID",
    "geometry_source": null,
    "vs_production": "NEW",
    "review_reason": "RadioID-only record has no exact geometry."
   }
  },
  {
   "type": "Feature",
   "geometry": null,
   "properties": {
    "callsign": "ED6ZAA",
    "name": null,
    "service_type": "repeater",
    "modes": [
     "DMR"
    ],
    "rx_frequency_mhz": 430.65,
    "tx_frequency_mhz": null,
    "offset_mhz": 7.6,
    "ctcss_hz": null,
    "dmr_color_code": 1,
    "dmr_network": "DMR-plus",
    "locator": null,
    "municipality": "Felanitx",
    "province": "Illes Balears",
    "autonomous_region": null,
    "status": "on-air",
    "operator": null,
    "notes": "RadioID-only DMR record: no exact site coordinates are published by RadioID; geometry is intentionally null and this record is not importable until an authoritative exact site source is available.",
    "last_verified_at": "2026-09-13",
    "latitude": null,
    "longitude": null,
    "source_name": "RadioID.net DMR repeater API",
    "source_url": "https://radioid.net/api/dmr/repeater/?country=Spain",
    "source_record_id": "786",
    "classification": "NOT_IMPORTABLE",
    "band": "432 MHz",
    "origin": "RadioID",
    "geometry_source": null,
    "vs_production": "NEW",
    "review_reason": "RadioID-only record has no exact geometry."
   }
  },
  {
   "type": "Feature",
   "geometry": null,
   "properties": {
    "callsign": "ED7ZAJ",
    "name": null,
    "service_type": "repeater",
    "modes": [
     "DMR"
    ],
    "rx_frequency_mhz": 438.6,
    "tx_frequency_mhz": null,
    "offset_mhz": -7.6,
    "ctcss_hz": null,
    "dmr_color_code": 1,
    "dmr_network": "DMR-plus",
    "locator": null,
    "municipality": "CCMD/Gibalbin-Cadiz",
    "province": null,
    "autonomous_region": null,
    "status": "on-air",
    "operator": null,
    "notes": "RadioID-only DMR record: no exact site coordinates are published by RadioID; geometry is intentionally null and this record is not importable until an authoritative exact site source is available.",
    "last_verified_at": "2026-09-13",
    "latitude": null,
    "longitude": null,
    "source_name": "RadioID.net DMR repeater API",
    "source_url": "https://radioid.net/api/dmr/repeater/?country=Spain",
    "source_record_id": "788",
    "classification": "NOT_IMPORTABLE",
    "band": "432 MHz",
    "origin": "RadioID",
    "geometry_source": null,
    "vs_production": "NEW",
    "review_reason": "RadioID-only record has no exact geometry."
   }
  },
  {
   "type": "Feature",
   "geometry": null,
   "properties": {
    "callsign": "ED7ZAC",
    "name": null,
    "service_type": "repeater",
    "modes": [
     "DMR"
    ],
    "rx_frequency_mhz": 438.45,
    "tx_frequency_mhz": null,
    "offset_mhz": -7.6,
    "ctcss_hz": null,
    "dmr_color_code": 0,
    "dmr_network": "BrandMeister",
    "locator": null,
    "municipality": "Malaga",
    "province": null,
    "autonomous_region": null,
    "status": "on-air",
    "operator": null,
    "notes": "RadioID-only DMR record: no exact site coordinates are published by RadioID; geometry is intentionally null and this record is not importable until an authoritative exact site source is available.",
    "last_verified_at": "2026-09-13",
    "latitude": null,
    "longitude": null,
    "source_name": "RadioID.net DMR repeater API",
    "source_url": "https://radioid.net/api/dmr/repeater/?country=Spain",
    "source_record_id": "789",
    "classification": "NOT_IMPORTABLE",
    "band": "432 MHz",
    "origin": "RadioID",
    "geometry_source": null,
    "vs_production": "NEW",
    "review_reason": "RadioID-only record has no exact geometry."
   }
  },
  {
   "type": "Feature",
   "geometry": null,
   "properties": {
    "callsign": "ED7YAF",
    "name": null,
    "service_type": "repeater",
    "modes": [
     "DMR"
    ],
    "rx_frequency_mhz": 438.875,
    "tx_frequency_mhz": null,
    "offset_mhz": -7.6,
    "ctcss_hz": null,
    "dmr_color_code": 1,
    "dmr_network": "BrandMeister",
    "locator": null,
    "municipality": "Los Reales-Estepona",
    "province": null,
    "autonomous_region": null,
    "status": "on-air",
    "operator": null,
    "notes": "RadioID-only DMR record: no exact site coordinates are published by RadioID; geometry is intentionally null and this record is not importable until an authoritative exact site source is available.",
    "last_verified_at": "2026-09-13",
    "latitude": null,
    "longitude": null,
    "source_name": "RadioID.net DMR repeater API",
    "source_url": "https://radioid.net/api/dmr/repeater/?country=Spain",
    "source_record_id": "792",
    "classification": "NOT_IMPORTABLE",
    "band": "432 MHz",
    "origin": "RadioID",
    "geometry_source": null,
    "vs_production": "NEW",
    "review_reason": "RadioID-only record has no exact geometry."
   }
  },
  {
   "type": "Feature",
   "geometry": null,
   "properties": {
    "callsign": "EA7URV",
    "name": null,
    "service_type": "repeater",
    "modes": [
     "DMR"
    ],
    "rx_frequency_mhz": 438.75,
    "tx_frequency_mhz": null,
    "offset_mhz": -7.6,
    "ctcss_hz": null,
    "dmr_color_code": 1,
    "dmr_network": "BrandMeister",
    "locator": null,
    "municipality": "Velez-Milaga",
    "province": null,
    "autonomous_region": null,
    "status": "on-air",
    "operator": null,
    "notes": "RadioID-only DMR record: no exact site coordinates are published by RadioID; geometry is intentionally null and this record is not importable until an authoritative exact site source is available.",
    "last_verified_at": "2026-09-13",
    "latitude": null,
    "longitude": null,
    "source_name": "RadioID.net DMR repeater API",
    "source_url": "https://radioid.net/api/dmr/repeater/?country=Spain",
    "source_record_id": "793",
    "classification": "NOT_IMPORTABLE",
    "band": "432 MHz",
    "origin": "RadioID",
    "geometry_source": null,
    "vs_production": "NEW",
    "review_reason": "RadioID-only record has no exact geometry."
   }
  },
  {
   "type": "Feature",
   "geometry": null,
   "properties": {
    "callsign": "ED7ZAK",
    "name": null,
    "service_type": "repeater",
    "modes": [
     "DMR"
    ],
    "rx_frequency_mhz": 438.0,
    "tx_frequency_mhz": null,
    "offset_mhz": -7.6,
    "ctcss_hz": null,
    "dmr_color_code": 1,
    "dmr_network": "DMR-plus",
    "locator": null,
    "municipality": "Granada",
    "province": null,
    "autonomous_region": null,
    "status": "on-air",
    "operator": null,
    "notes": "RadioID-only DMR record: no exact site coordinates are published by RadioID; geometry is intentionally null and this record is not importable until an authoritative exact site source is available.",
    "last_verified_at": "2026-09-13",
    "latitude": null,
    "longitude": null,
    "source_name": "RadioID.net DMR repeater API",
    "source_url": "https://radioid.net/api/dmr/repeater/?country=Spain",
    "source_record_id": "794",
    "classification": "NOT_IMPORTABLE",
    "band": "432 MHz",
    "origin": "RadioID",
    "geometry_source": null,
    "vs_production": "NEW",
    "review_reason": "RadioID-only record has no exact geometry."
   }
  },
  {
   "type": "Feature",
   "geometry": null,
   "properties": {
    "callsign": "ED7ZAN",
    "name": null,
    "service_type": "repeater",
    "modes": [
     "DMR"
    ],
    "rx_frequency_mhz": 438.275,
    "tx_frequency_mhz": null,
    "offset_mhz": -7.6,
    "ctcss_hz": null,
    "dmr_color_code": 1,
    "dmr_network": "BrandMeister",
    "locator": null,
    "municipality": "TETICA DE BACARES",
    "province": "Almería",
    "autonomous_region": null,
    "status": "on-air",
    "operator": null,
    "notes": "RadioID-only DMR record: no exact site coordinates are published by RadioID; geometry is intentionally null and this record is not importable until an authoritative exact site source is available.",
    "last_verified_at": "2026-09-13",
    "latitude": null,
    "longitude": null,
    "source_name": "RadioID.net DMR repeater API",
    "source_url": "https://radioid.net/api/dmr/repeater/?country=Spain",
    "source_record_id": "798",
    "classification": "NOT_IMPORTABLE",
    "band": "432 MHz",
    "origin": "RadioID",
    "geometry_source": null,
    "vs_production": "NEW",
    "review_reason": "RadioID-only record has no exact geometry."
   }
  },
  {
   "type": "Feature",
   "geometry": null,
   "properties": {
    "callsign": "ED7ZAD",
    "name": null,
    "service_type": "repeater",
    "modes": [
     "DMR"
    ],
    "rx_frequency_mhz": 438.9,
    "tx_frequency_mhz": null,
    "offset_mhz": -7.6,
    "ctcss_hz": null,
    "dmr_color_code": 1,
    "dmr_network": "BrandMeister",
    "locator": null,
    "municipality": "Sierra Morena",
    "province": null,
    "autonomous_region": null,
    "status": "on-air",
    "operator": null,
    "notes": "RadioID-only DMR record: no exact site coordinates are published by RadioID; geometry is intentionally null and this record is not importable until an authoritative exact site source is available.",
    "last_verified_at": "2026-09-13",
    "latitude": null,
    "longitude": null,
    "source_name": "RadioID.net DMR repeater API",
    "source_url": "https://radioid.net/api/dmr/repeater/?country=Spain",
    "source_record_id": "799",
    "classification": "NOT_IMPORTABLE",
    "band": "432 MHz",
    "origin": "RadioID",
    "geometry_source": null,
    "vs_production": "NEW",
    "review_reason": "RadioID-only record has no exact geometry."
   }
  },
  {
   "type": "Feature",
   "geometry": null,
   "properties": {
    "callsign": "ED7ZAO",
    "name": null,
    "service_type": "repeater",
    "modes": [
     "DMR"
    ],
    "rx_frequency_mhz": 438.525,
    "tx_frequency_mhz": null,
    "offset_mhz": -7.6,
    "ctcss_hz": null,
    "dmr_color_code": 1,
    "dmr_network": "BrandMeister",
    "locator": null,
    "municipality": "Tarifa",
    "province": "Cádiz",
    "autonomous_region": null,
    "status": "on-air",
    "operator": null,
    "notes": "RadioID-only DMR record: no exact site coordinates are published by RadioID; geometry is intentionally null and this record is not importable until an authoritative exact site source is available.",
    "last_verified_at": "2026-09-13",
    "latitude": null,
    "longitude": null,
    "source_name": "RadioID.net DMR repeater API",
    "source_url": "https://radioid.net/api/dmr/repeater/?country=Spain",
    "source_record_id": "800",
    "classification": "NOT_IMPORTABLE",
    "band": "432 MHz",
    "origin": "RadioID",
    "geometry_source": null,
    "vs_production": "NEW",
    "review_reason": "RadioID-only record has no exact geometry."
   }
  },
  {
   "type": "Feature",
   "geometry": null,
   "properties": {
    "callsign": "ED7YBB",
    "name": null,
    "service_type": "repeater",
    "modes": [
     "DMR"
    ],
    "rx_frequency_mhz": 438.5,
    "tx_frequency_mhz": null,
    "offset_mhz": 7.6,
    "ctcss_hz": null,
    "dmr_color_code": 1,
    "dmr_network": "None",
    "locator": null,
    "municipality": "Jaen",
    "province": null,
    "autonomous_region": null,
    "status": "on-air",
    "operator": null,
    "notes": "RadioID-only DMR record: no exact site coordinates are published by RadioID; geometry is intentionally null and this record is not importable until an authoritative exact site source is available.",
    "last_verified_at": "2026-09-13",
    "latitude": null,
    "longitude": null,
    "source_name": "RadioID.net DMR repeater API",
    "source_url": "https://radioid.net/api/dmr/repeater/?country=Spain",
    "source_record_id": "802",
    "classification": "NOT_IMPORTABLE",
    "band": "432 MHz",
    "origin": "RadioID",
    "geometry_source": null,
    "vs_production": "NEW",
    "review_reason": "RadioID-only record has no exact geometry."
   }
  },
  {
   "type": "Feature",
   "geometry": null,
   "properties": {
    "callsign": "ED8YAL",
    "name": null,
    "service_type": "repeater",
    "modes": [
     "DMR"
    ],
    "rx_frequency_mhz": 438.4625,
    "tx_frequency_mhz": null,
    "offset_mhz": -7.6,
    "ctcss_hz": null,
    "dmr_color_code": 1,
    "dmr_network": "BrandMeister",
    "locator": null,
    "municipality": "vecindario",
    "province": "Las Palmas",
    "autonomous_region": null,
    "status": "on-air",
    "operator": null,
    "notes": "RadioID-only DMR record: no exact site coordinates are published by RadioID; geometry is intentionally null and this record is not importable until an authoritative exact site source is available.",
    "last_verified_at": "2026-09-13",
    "latitude": null,
    "longitude": null,
    "source_name": "RadioID.net DMR repeater API",
    "source_url": "https://radioid.net/api/dmr/repeater/?country=Spain",
    "source_record_id": "804",
    "classification": "NOT_IMPORTABLE",
    "band": "432 MHz",
    "origin": "RadioID",
    "geometry_source": null,
    "vs_production": "NEW",
    "review_reason": "RadioID-only record has no exact geometry."
   }
  },
  {
   "type": "Feature",
   "geometry": null,
   "properties": {
    "callsign": "ED8ZAI",
    "name": null,
    "service_type": "repeater",
    "modes": [
     "DMR"
    ],
    "rx_frequency_mhz": 438.3,
    "tx_frequency_mhz": null,
    "offset_mhz": -7.6,
    "ctcss_hz": null,
    "dmr_color_code": 1,
    "dmr_network": "BrandMeister",
    "locator": null,
    "municipality": "Los Realejos",
    "province": "Santa Cruz de Tenerife",
    "autonomous_region": null,
    "status": "on-air",
    "operator": null,
    "notes": "RadioID-only DMR record: no exact site coordinates are published by RadioID; geometry is intentionally null and this record is not importable until an authoritative exact site source is available.",
    "last_verified_at": "2026-09-13",
    "latitude": null,
    "longitude": null,
    "source_name": "RadioID.net DMR repeater API",
    "source_url": "https://radioid.net/api/dmr/repeater/?country=Spain",
    "source_record_id": "805",
    "classification": "NOT_IMPORTABLE",
    "band": "432 MHz",
    "origin": "RadioID",
    "geometry_source": null,
    "vs_production": "NEW",
    "review_reason": "RadioID-only record has no exact geometry."
   }
  },
  {
   "type": "Feature",
   "geometry": null,
   "properties": {
    "callsign": "ED8ZAH",
    "name": null,
    "service_type": "repeater",
    "modes": [
     "DMR"
    ],
    "rx_frequency_mhz": 438.4,
    "tx_frequency_mhz": null,
    "offset_mhz": -7.6,
    "ctcss_hz": null,
    "dmr_color_code": 1,
    "dmr_network": "BrandMeister",
    "locator": null,
    "municipality": "Montana de Guaza",
    "province": null,
    "autonomous_region": null,
    "status": "on-air",
    "operator": null,
    "notes": "RadioID-only DMR record: no exact site coordinates are published by RadioID; geometry is intentionally null and this record is not importable until an authoritative exact site source is available.",
    "last_verified_at": "2026-09-13",
    "latitude": null,
    "longitude": null,
    "source_name": "RadioID.net DMR repeater API",
    "source_url": "https://radioid.net/api/dmr/repeater/?country=Spain",
    "source_record_id": "806",
    "classification": "NOT_IMPORTABLE",
    "band": "432 MHz",
    "origin": "RadioID",
    "geometry_source": null,
    "vs_production": "NEW",
    "review_reason": "RadioID-only record has no exact geometry."
   }
  },
  {
   "type": "Feature",
   "geometry": null,
   "properties": {
    "callsign": "ED8ZAG",
    "name": null,
    "service_type": "repeater",
    "modes": [
     "DMR"
    ],
    "rx_frequency_mhz": 438.425,
    "tx_frequency_mhz": null,
    "offset_mhz": -7.6,
    "ctcss_hz": null,
    "dmr_color_code": 1,
    "dmr_network": "BrandMeister",
    "locator": null,
    "municipality": "Montana Bolico",
    "province": null,
    "autonomous_region": null,
    "status": "on-air",
    "operator": null,
    "notes": "RadioID-only DMR record: no exact site coordinates are published by RadioID; geometry is intentionally null and this record is not importable until an authoritative exact site source is available.",
    "last_verified_at": "2026-09-13",
    "latitude": null,
    "longitude": null,
    "source_name": "RadioID.net DMR repeater API",
    "source_url": "https://radioid.net/api/dmr/repeater/?country=Spain",
    "source_record_id": "807",
    "classification": "NOT_IMPORTABLE",
    "band": "432 MHz",
    "origin": "RadioID",
    "geometry_source": null,
    "vs_production": "NEW",
    "review_reason": "RadioID-only record has no exact geometry."
   }
  },
  {
   "type": "Feature",
   "geometry": null,
   "properties": {
    "callsign": "ED8ZAE",
    "name": null,
    "service_type": "repeater",
    "modes": [
     "DMR"
    ],
    "rx_frequency_mhz": 438.45,
    "tx_frequency_mhz": null,
    "offset_mhz": -7.6,
    "ctcss_hz": null,
    "dmr_color_code": 1,
    "dmr_network": "BrandMeister",
    "locator": null,
    "municipality": "Montana de Ayosa",
    "province": null,
    "autonomous_region": null,
    "status": "on-air",
    "operator": null,
    "notes": "RadioID-only DMR record: no exact site coordinates are published by RadioID; geometry is intentionally null and this record is not importable until an authoritative exact site source is available.",
    "last_verified_at": "2026-09-13",
    "latitude": null,
    "longitude": null,
    "source_name": "RadioID.net DMR repeater API",
    "source_url": "https://radioid.net/api/dmr/repeater/?country=Spain",
    "source_record_id": "808",
    "classification": "NOT_IMPORTABLE",
    "band": "432 MHz",
    "origin": "RadioID",
    "geometry_source": null,
    "vs_production": "NEW",
    "review_reason": "RadioID-only record has no exact geometry."
   }
  },
  {
   "type": "Feature",
   "geometry": null,
   "properties": {
    "callsign": "ED8ZAF",
    "name": null,
    "service_type": "repeater",
    "modes": [
     "DMR"
    ],
    "rx_frequency_mhz": 438.475,
    "tx_frequency_mhz": null,
    "offset_mhz": -7.6,
    "ctcss_hz": null,
    "dmr_color_code": 1,
    "dmr_network": "BrandMeister",
    "locator": null,
    "municipality": "Montana de Birmagen",
    "province": null,
    "autonomous_region": null,
    "status": "on-air",
    "operator": null,
    "notes": "RadioID-only DMR record: no exact site coordinates are published by RadioID; geometry is intentionally null and this record is not importable until an authoritative exact site source is available.",
    "last_verified_at": "2026-09-13",
    "latitude": null,
    "longitude": null,
    "source_name": "RadioID.net DMR repeater API",
    "source_url": "https://radioid.net/api/dmr/repeater/?country=Spain",
    "source_record_id": "809",
    "classification": "NOT_IMPORTABLE",
    "band": "432 MHz",
    "origin": "RadioID",
    "geometry_source": null,
    "vs_production": "NEW",
    "review_reason": "RadioID-only record has no exact geometry."
   }
  },
  {
   "type": "Feature",
   "geometry": null,
   "properties": {
    "callsign": "ED8ZAD",
    "name": null,
    "service_type": "repeater",
    "modes": [
     "DMR"
    ],
    "rx_frequency_mhz": 438.525,
    "tx_frequency_mhz": null,
    "offset_mhz": -7.6,
    "ctcss_hz": null,
    "dmr_color_code": 1,
    "dmr_network": "BrandMeister",
    "locator": null,
    "municipality": "Villa de Arico",
    "province": null,
    "autonomous_region": null,
    "status": "on-air",
    "operator": null,
    "notes": "RadioID-only DMR record: no exact site coordinates are published by RadioID; geometry is intentionally null and this record is not importable until an authoritative exact site source is available.",
    "last_verified_at": "2026-09-13",
    "latitude": null,
    "longitude": null,
    "source_name": "RadioID.net DMR repeater API",
    "source_url": "https://radioid.net/api/dmr/repeater/?country=Spain",
    "source_record_id": "810",
    "classification": "NOT_IMPORTABLE",
    "band": "432 MHz",
    "origin": "RadioID",
    "geometry_source": null,
    "vs_production": "NEW",
    "review_reason": "RadioID-only record has no exact geometry."
   }
  },
  {
   "type": "Feature",
   "geometry": null,
   "properties": {
    "callsign": "ED8ZAJ",
    "name": null,
    "service_type": "repeater",
    "modes": [
     "DMR"
    ],
    "rx_frequency_mhz": 438.55,
    "tx_frequency_mhz": null,
    "offset_mhz": -7.6,
    "ctcss_hz": null,
    "dmr_color_code": 1,
    "dmr_network": "None",
    "locator": null,
    "municipality": "Cumbre Nueva",
    "province": null,
    "autonomous_region": null,
    "status": "on-air",
    "operator": null,
    "notes": "RadioID-only DMR record: no exact site coordinates are published by RadioID; geometry is intentionally null and this record is not importable until an authoritative exact site source is available.",
    "last_verified_at": "2026-09-13",
    "latitude": null,
    "longitude": null,
    "source_name": "RadioID.net DMR repeater API",
    "source_url": "https://radioid.net/api/dmr/repeater/?country=Spain",
    "source_record_id": "811",
    "classification": "NOT_IMPORTABLE",
    "band": "432 MHz",
    "origin": "RadioID",
    "geometry_source": null,
    "vs_production": "NEW",
    "review_reason": "RadioID-only record has no exact geometry."
   }
  },
  {
   "type": "Feature",
   "geometry": null,
   "properties": {
    "callsign": "ED8ZAB",
    "name": null,
    "service_type": "repeater",
    "modes": [
     "DMR"
    ],
    "rx_frequency_mhz": 438.25,
    "tx_frequency_mhz": null,
    "offset_mhz": -7.6,
    "ctcss_hz": null,
    "dmr_color_code": 1,
    "dmr_network": "BrandMeister",
    "locator": null,
    "municipality": "Vecindario",
    "province": "Las Palmas",
    "autonomous_region": null,
    "status": "on-air",
    "operator": null,
    "notes": "RadioID-only DMR record: no exact site coordinates are published by RadioID; geometry is intentionally null and this record is not importable until an authoritative exact site source is available.",
    "last_verified_at": "2026-09-13",
    "latitude": null,
    "longitude": null,
    "source_name": "RadioID.net DMR repeater API",
    "source_url": "https://radioid.net/api/dmr/repeater/?country=Spain",
    "source_record_id": "812",
    "classification": "NOT_IMPORTABLE",
    "band": "432 MHz",
    "origin": "RadioID",
    "geometry_source": null,
    "vs_production": "NEW",
    "review_reason": "RadioID-only record has no exact geometry."
   }
  }
 ]
}