callsign,name,service_type,modes,rx_frequency_mhz,tx_frequency_mhz,offset_mhz,ctcss_hz,dmr_color_code,dmr_network,locator,municipality,province,autonomous_region,status,operator,notes,last_verified_at,latitude,longitude,source_name,source_url,source_record_id
ED1ZBE,,beacon,[],10368.9788,,,,,,IN73DL,Gijón,Asturias,Asturias,,URE Gijón,URE listing does not state an operating mode. Administrative areas derived from exact URE site coordinates using OpenStreetMap Nominatim.,2026-09-13,43.466667,-5.7,URE repeater and beacon listings,https://www.ure.es/appure/repetidores/balizas10000_N.php,balizas10000_N.php:ED1ZBE:10368.9788
ED4YAE,,beacon,[],10368.862,,,,,,IN70WR,Guadarrama,,Community of Madrid,,27 dBm potencia - URE Sierra de Guadarrama,URE listing does not state an operating mode. Administrative areas derived from exact URE site coordinates using OpenStreetMap Nominatim.,2026-09-13,40.683333,-4.116667,URE repeater and beacon listings,https://www.ure.es/appure/repetidores/balizas10000_N.php,balizas10000_N.php:ED4YAE:10368.8620
ED6YAE,,beacon,[],10368.913,,,,,,JM08PV,Sant Josep de sa Talaia,Illes Balears,Balearic Islands,,URE Ibiza,URE listing does not state an operating mode. Administrative areas derived from exact URE site coordinates using OpenStreetMap Nominatim.,2026-09-13,38.919667,1.295,URE repeater and beacon listings,https://www.ure.es/appure/repetidores/balizas10000_N.php,balizas10000_N.php:ED6YAE:10368.9130
ED3YAR,,beacon,"[""CW""]",1296.936,,,,,,JN01WU,Castellnou de Bages,Barcelona,Catalonia,,URE Bages,Administrative areas derived from exact URE site coordinates using OpenStreetMap Nominatim.,2026-09-13,41.842967,1.84021,URE repeater and beacon listings,https://www.ure.es/appure/repetidores/balizas1200_N.php,balizas1200_N.php:ED3YAR:1296.9360
ED8YAJ,,beacon,[],1296.814,,,,,,IL18UM,Tegueste,Santa Cruz de Tenerife,Canary Islands,,URE La Palma,URE listing does not state an operating mode. Administrative areas derived from exact URE site coordinates using OpenStreetMap Nominatim.,2026-09-13,28.509167,-16.336944,URE repeater and beacon listings,https://www.ure.es/appure/repetidores/balizas1200_N.php,balizas1200_N.php:ED8YAJ:1296.8140
ED1YCA,,beacon,[],144.445,,,,,,IN73AL,Las Regueras,Asturias,Asturias,,URE Asturias,URE listing does not state an operating mode. Administrative areas derived from exact URE site coordinates using OpenStreetMap Nominatim.,2026-09-13,43.466667,-5.95,URE repeater and beacon listings,https://www.ure.es/appure/repetidores/balizas144_N.php,balizas144_N.php:ED1YCA:144.4450
ED1ZAG,,beacon,"[""CW""]",144.404,,,,,,IN53RE,Cerceda,A Coruña,Galicia,,URE Coruña - 25W + omni,Administrative areas derived from exact URE site coordinates using OpenStreetMap Nominatim.,2026-09-13,43.168675,-8.525637,URE repeater and beacon listings,https://www.ure.es/appure/repetidores/balizas144_N.php,balizas144_N.php:ED1ZAG:144.4040
ED7YAD,,beacon,[],144.415,,,,,,IM76QO,Mijas,Málaga,Andalusia,,URE Málaga - 15W + 2xloop horizontal,URE listing does not state an operating mode. Administrative areas derived from exact URE site coordinates using OpenStreetMap Nominatim.,2026-09-13,36.606667,-4.595833,URE repeater and beacon listings,https://www.ure.es/appure/repetidores/balizas144_N.php,balizas144_N.php:ED7YAD:144.4150
EA6VHF,,beacon,"[""CW""]",144.426,,,,,,JM09TA,Sant Antoni de Portmany,Illes Balears,Balearic Islands,,URE Ibiza - 10W + omni,Administrative areas derived from exact URE site coordinates using OpenStreetMap Nominatim.,2026-09-13,39.0248,1.3008,URE repeater and beacon listings,https://www.ure.es/appure/repetidores/balizas144_N.php,balizas144_N.php:EA6VHF:144.4260
ED8YAQ,,beacon,"[""CW""]",144.4845,,,,,,IL18UL,Santa Úrsula,Santa Cruz de Tenerife,Canary Islands,,URVAG - 10W + omni - Altitud 625 m.,Administrative areas derived from exact URE site coordinates using OpenStreetMap Nominatim.,2026-09-13,28.397139,-16.460953,URE repeater and beacon listings,https://www.ure.es/appure/repetidores/balizas144_N.php,balizas144_N.php:ED8YAQ:144.4845
ED1YCA,,beacon,[],28.226,,,,,,IN73AL,Llanera,Asturias,Asturias,,URE CT Asturias 10W - Antena: 5/8 Omni (3dBd),URE listing does not state an operating mode. Administrative areas derived from exact URE site coordinates using OpenStreetMap Nominatim.,2026-09-13,43.4913,-5.942629,URE repeater and beacon listings,https://www.ure.es/appure/repetidores/balizas28_N.php,balizas28_N.php:ED1YCA:28.2260
ED4YAK,,beacon,"[""CW""]",28.251,,,,,,IN80FK,Coslada,,Community of Madrid,,Radio Club Henares,Administrative areas derived from exact URE site coordinates using OpenStreetMap Nominatim.,2026-09-13,40.418079,-3.55335,URE repeater and beacon listings,https://www.ure.es/appure/repetidores/balizas28_N.php,balizas28_N.php:ED4YAK:28.2510
ED4YBA,,beacon,"[""CW""]",28.263,,,,,,IN80WC,Cuenca,Cuenca,Castile-La Mancha,,URE Cuenca 5W + vertical,Administrative areas derived from exact URE site coordinates using OpenStreetMap Nominatim.,2026-09-13,40.087093,-2.120951,URE repeater and beacon listings,https://www.ure.es/appure/repetidores/balizas28_N.php,balizas28_N.php:ED4YBA:28.2630
ED3YBF,,beacon,[],432.405,,,,,,JN11CL,Montcada i Reixac,Barcelona,Catalonia,,Unio de Radioaficionats de Catalunya,URE listing does not state an operating mode. Administrative areas derived from exact URE site coordinates using OpenStreetMap Nominatim.,2026-09-13,41.479168,2.208333,URE repeater and beacon listings,https://www.ure.es/appure/repetidores/balizas432_N.php,balizas432_N.php:ED3YBF:432.4050
ED6YAE,,beacon,[],432.4255,,,,,,JM08PV,Sant Josep de sa Talaia,Illes Balears,Balearic Islands,,URE Ibiza,URE listing does not state an operating mode. Administrative areas derived from exact URE site coordinates using OpenStreetMap Nominatim.,2026-09-13,38.919667,1.295,URE repeater and beacon listings,https://www.ure.es/appure/repetidores/balizas432_N.php,balizas432_N.php:ED6YAE:432.4255
ED8YAJ,,beacon,[],432.415,,,,,,IL18UM,Tegueste,Santa Cruz de Tenerife,Canary Islands,,URE La Palma,URE listing does not state an operating mode. Administrative areas derived from exact URE site coordinates using OpenStreetMap Nominatim.,2026-09-13,28.509167,-16.336944,URE repeater and beacon listings,https://www.ure.es/appure/repetidores/balizas432_N.php,balizas432_N.php:ED8YAJ:432.4150
ED1YBR,,beacon,[],50.409,,,,,,IN52PF,Vigo,Pontevedra,Galicia,,URE Vigo,URE listing does not state an operating mode. Administrative areas derived from exact URE site coordinates using OpenStreetMap Nominatim.,2026-09-13,42.210556,-8.7225,URE repeater and beacon listings,https://www.ure.es/appure/repetidores/balizas50_N.php,balizas50_N.php:ED1YBR:50.4090
ED1YCA,,beacon,[],50.445,,,,,,IN73AL,Llanera,Asturias,Asturias,,Antena: HO-Loop URE Asturias,URE listing does not state an operating mode. Administrative areas derived from exact URE site coordinates using OpenStreetMap Nominatim.,2026-09-13,43.491055,-5.943777,URE repeater and beacon listings,https://www.ure.es/appure/repetidores/balizas50_N.php,balizas50_N.php:ED1YCA:50.4450
ED4YBA,,beacon,"[""CW""]",50.061,,,,,,IN80WC,Cuenca,Cuenca,Castile-La Mancha,,URE Cuenca 5W + vertical,Administrative areas derived from exact URE site coordinates using OpenStreetMap Nominatim.,2026-09-13,40.087097,-2.120951,URE repeater and beacon listings,https://www.ure.es/appure/repetidores/balizas50_N.php,balizas50_N.php:ED4YBA:50.0610
ED6YAI,,beacon,"[""CW""]",50.042,,,,,,JM19NL,Felanitx,Illes Balears,Balearic Islands,,URE Manacor 5W + omni horizontal,Administrative areas derived from exact URE site coordinates using OpenStreetMap Nominatim.,2026-09-13,39.466667,3.116667,URE repeater and beacon listings,https://www.ure.es/appure/repetidores/balizas50_N.php,balizas50_N.php:ED6YAI:50.0420
ED7YAD,,beacon,"[""CW""]",50.0745,,,,,,IM76QO,Mijas,Málaga,Andalusia,,URE Málaga 15W + omni horizontal,Administrative areas derived from exact URE site coordinates using OpenStreetMap Nominatim.,2026-09-13,36.606679,-4.595839,URE repeater and beacon listings,https://www.ure.es/appure/repetidores/balizas50_N.php,balizas50_N.php:ED7YAD:50.0745
ED8YAK,,beacon,[],50.415,,,,,,IL18SJ,Santa Úrsula,Santa Cruz de Tenerife,Canary Islands,,URE La Palma,URE listing does not state an operating mode. Administrative areas derived from exact URE site coordinates using OpenStreetMap Nominatim.,2026-09-13,28.402778,-16.494444,URE repeater and beacon listings,https://www.ure.es/appure/repetidores/balizas50_N.php,balizas50_N.php:ED8YAK:50.4150
ED4YAE,,repeater,"[""FM""]",1298.5,,-28.0,,,,IN70WR,Guadarrama,,Community of Madrid,,4 W potencia - URE Sierra de Guadarrama,Administrative areas derived from exact URE site coordinates using OpenStreetMap Nominatim.,2026-09-13,40.683333,-4.116667,URE repeater and beacon listings,https://www.ure.es/appure/repetidores/repe1200_N.php,repe1200_N.php:ED4YAE:1298.5000
ED5YAJ,,repeater,"[""FM""]",1298.1,,-28.0,,,,IM99TQ,Serra,València,Valencian Community,,URE Valencia,Administrative areas derived from exact URE site coordinates using OpenStreetMap Nominatim.,2026-09-13,39.690998,-0.39754,URE repeater and beacon listings,https://www.ure.es/appure/repetidores/repe1200_N.php,repe1200_N.php:ED5YAJ:1298.1000
ED5ZAC,,repeater,"[""D-Star"", ""FM""]",1298.5,,-28.0,,,,JM08BU,Dénia,Alicante,Valencian Community,,RC Denia,Administrative areas derived from exact URE site coordinates using OpenStreetMap Nominatim.,2026-09-13,38.843056,0.1075,URE repeater and beacon listings,https://www.ure.es/appure/repetidores/repe1200_N.php,repe1200_N.php:ED5ZAC:1298.5000
ED1YAB,,repeater,"[""FM""]",145.725,,-0.6,77.0,,,IN82PO,Peñacerrada-Urizaharra,Álava,Basque Country,,Radio Club Rioja,Administrative areas derived from exact URE site coordinates using OpenStreetMap Nominatim.,2026-09-13,42.594722,-2.685278,URE repeater and beacon listings,https://www.ure.es/appure/repetidores/repe144_N.php,repe144_N.php:ED1YAB:145.7250
ED1YAC,,repeater,"[""FM""]",145.75,,-0.6,77.0,,,IN92AD,Alfaro,,La Rioja,,Radio Club Rioja,Administrative areas derived from exact URE site coordinates using OpenStreetMap Nominatim.,2026-09-13,42.13098,-1.950674,URE repeater and beacon listings,https://www.ure.es/appure/repetidores/repe144_N.php,repe144_N.php:ED1YAC:145.7500
ED1YAD,,repeater,"[""FM""]",145.625,,-0.6,,,,IN63CO,Ortigueira,A Coruña,Galicia,,URE Coruña,Administrative areas derived from exact URE site coordinates using OpenStreetMap Nominatim.,2026-09-13,43.591667,-7.791667,URE repeater and beacon listings,https://www.ure.es/appure/repetidores/repe144_N.php,repe144_N.php:ED1YAD:145.6250
ED1YAE,,repeater,"[""FM""]",145.775,,-0.6,88.5,,,IN53UK,Ares,A Coruña,Galicia,,Radio Club Fene EA1RKF,Administrative areas derived from exact URE site coordinates using OpenStreetMap Nominatim.,2026-09-13,43.451528,-8.285944,URE repeater and beacon listings,https://www.ure.es/appure/repetidores/repe144_N.php,repe144_N.php:ED1YAE:145.7750
ED1YAF,,repeater,"[""FM""]",145.7,,-0.6,71.9,,,IN70OM,Riofrío,Ávila,Castile and León,,Club Radioaficionados Abulenses,Administrative areas derived from exact URE site coordinates using OpenStreetMap Nominatim.,2026-09-13,40.517192,-4.782829,URE repeater and beacon listings,https://www.ure.es/appure/repetidores/repe144_N.php,repe144_N.php:ED1YAF:145.7000
ED1YAG,,repeater,"[""FM""]",145.65,,-0.6,,,,IN52QQ,Valga,Pontevedra,Galicia,,R.C. SAR Santiago,Administrative areas derived from exact URE site coordinates using OpenStreetMap Nominatim.,2026-09-13,42.683333,-8.616667,URE repeater and beacon listings,https://www.ure.es/appure/repetidores/repe144_N.php,repe144_N.php:ED1YAG:145.6500
ED1YAH,,repeater,"[""FM""]",145.725,,-0.6,,,,IN63FK,Abadín,Lugo,Galicia,,URE Terracha,Administrative areas derived from exact URE site coordinates using OpenStreetMap Nominatim.,2026-09-13,43.433974,-7.532501,URE repeater and beacon listings,https://www.ure.es/appure/repetidores/repe144_N.php,repe144_N.php:ED1YAH:145.7250
ED1YAI,,repeater,"[""FM""]",145.7,,-0.6,,,,IN62JR,Samos,Lugo,Galicia,,R.C. Lugo,Administrative areas derived from exact URE site coordinates using OpenStreetMap Nominatim.,2026-09-13,42.717255,-7.198792,URE repeater and beacon listings,https://www.ure.es/appure/repetidores/repe144_N.php,repe144_N.php:ED1YAI:145.7000
ED1YAL,,repeater,"[""FM""]",145.65,,-0.6,67.0,,,IN71CM,Zamora,Zamora,Castile and León,,URE Zamora,Administrative areas derived from exact URE site coordinates using OpenStreetMap Nominatim.,2026-09-13,41.474941,-5.814961,URE repeater and beacon listings,https://www.ure.es/appure/repetidores/repe144_N.php,repe144_N.php:ED1YAL:145.6500
ED1YAM,,repeater,"[""FM""]",145.675,,-0.6,67.0,,,IN83CK,Santander,Cantabria,Cantabria,,URE Cantabria,Administrative areas derived from exact URE site coordinates using OpenStreetMap Nominatim.,2026-09-13,43.458944,-3.833767,URE repeater and beacon listings,https://www.ure.es/appure/repetidores/repe144_N.php,repe144_N.php:ED1YAM:145.6750
ED1YAN,,repeater,"[""FM""]",145.775,,-0.6,88.5,,,IN71QX,Palencia,Palencia,Castile and León,,Asociación Palentina de Radioaficionados,Administrative areas derived from exact URE site coordinates using OpenStreetMap Nominatim.,2026-09-13,41.9975,-4.585278,URE repeater and beacon listings,https://www.ure.es/appure/repetidores/repe144_N.php,repe144_N.php:ED1YAN:145.7750
ED1YAO,,repeater,"[""FM""]",145.6,,-0.6,,,,IN63GO,Cervo,Lugo,Galicia,,R.C. Costa Lugo,Administrative areas derived from exact URE site coordinates using OpenStreetMap Nominatim.,2026-09-13,43.600284,-7.44873,URE repeater and beacon listings,https://www.ure.es/appure/repetidores/repe144_N.php,repe144_N.php:ED1YAO:145.6000
ED1YAQ,,repeater,"[""FM""]",145.7,,-0.6,,,,IN73TA,Hermandad de Campoo de Suso,Cantabria,Cantabria,,Radio Club Radioaficionados Montañeses,Administrative areas derived from exact URE site coordinates using OpenStreetMap Nominatim.,2026-09-13,43.010892,-4.379683,URE repeater and beacon listings,https://www.ure.es/appure/repetidores/repe144_N.php,repe144_N.php:ED1YAQ:145.7000
ED1YAS,,repeater,"[""FM""]",145.65,,-0.6,123.0,,,IN83GK,Santander,Cantabria,Cantabria,,Radio Club Radioaficionados Montañeses,Administrative areas derived from exact URE site coordinates using OpenStreetMap Nominatim.,2026-09-13,43.467123,-3.783417,URE repeater and beacon listings,https://www.ure.es/appure/repetidores/repe144_N.php,repe144_N.php:ED1YAS:145.6500
ED1YAW,,repeater,"[""FM""]",145.675,,-0.6,,,,IN53PG,Carballo,A Coruña,Galicia,,Club Bergantiños de Radio,Administrative areas derived from exact URE site coordinates using OpenStreetMap Nominatim.,2026-09-13,43.266519,-8.699627,URE repeater and beacon listings,https://www.ure.es/appure/repetidores/repe144_N.php,repe144_N.php:ED1YAW:145.6750
ED1YAZ,,repeater,"[""FM-N""]",145.675,,-0.6,88.5,,,IN72EU,La Pola de Gordón,León,Castile and León,,URE León,Administrative areas derived from exact URE site coordinates using OpenStreetMap Nominatim.,2026-09-13,42.838424,-5.589549,URE repeater and beacon listings,https://www.ure.es/appure/repetidores/repe144_N.php,repe144_N.php:ED1YAZ:145.6750
ED1YBB,,repeater,"[""FM""]",145.65,,-0.6,,,,IN73BJ,Oviedo,Asturias,Asturias,,URE Oviedo,Administrative areas derived from exact URE site coordinates using OpenStreetMap Nominatim.,2026-09-13,43.38509,-5.866699,URE repeater and beacon listings,https://www.ure.es/appure/repetidores/repe144_N.php,repe144_N.php:ED1YBB:145.6500
ED1YBC,,repeater,"[""FM""]",145.775,,-0.6,,,,IN63TI,Tineo,Asturias,Asturias,,(PEÑAS MIRO TAURO 1.049 m.) - URE Asturias,Administrative areas derived from exact URE site coordinates using OpenStreetMap Nominatim.,2026-09-13,43.35,-6.366667,URE repeater and beacon listings,https://www.ure.es/appure/repetidores/repe144_N.php,repe144_N.php:ED1YBC:145.7750
ED1YBG,,repeater,"[""FM""]",145.675,,-0.6,88.5,,,IN52PC,Tui,Pontevedra,Galicia,,URE Baixo Miño,Administrative areas derived from exact URE site coordinates using OpenStreetMap Nominatim.,2026-09-13,42.084311,-8.692925,URE repeater and beacon listings,https://www.ure.es/appure/repetidores/repe144_N.php,repe144_N.php:ED1YBG:145.6750
ED1YBH,,repeater,"[""FM""]",145.725,,-0.6,,,,IN72CX,Lena,Asturias,Asturias,,Cuitu Negru (1850 m.) - URE Asturias,Administrative areas derived from exact URE site coordinates using OpenStreetMap Nominatim.,2026-09-13,42.966667,-5.783333,URE repeater and beacon listings,https://www.ure.es/appure/repetidores/repe144_N.php,repe144_N.php:ED1YBH:145.7250
ED1YBI,,repeater,"[""FM""]",145.75,,-0.6,,,,IN73JK,Parres,Asturias,Asturias,,(Pico Pienzu 1.161 m.) - URE Asturias,Administrative areas derived from exact URE site coordinates using OpenStreetMap Nominatim.,2026-09-13,43.433333,-5.2,URE repeater and beacon listings,https://www.ure.es/appure/repetidores/repe144_N.php,repe144_N.php:ED1YBI:145.7500
ED1YBJ,,repeater,"[""FM""]",145.75,,-0.6,,,,IN70WW,Segovia,Segovia,Castile and León,,URE Segovia,Administrative areas derived from exact URE site coordinates using OpenStreetMap Nominatim.,2026-09-13,40.933293,-4.116611,URE repeater and beacon listings,https://www.ure.es/appure/repetidores/repe144_N.php,repe144_N.php:ED1YBJ:145.7500
ED1YBK,,repeater,"[""FM""]",145.775,,-0.6,77.0,,,IN62CI,Ourense,Ourense,Galicia,,URE Ourense,Administrative areas derived from exact URE site coordinates using OpenStreetMap Nominatim.,2026-09-13,42.358333,-7.829444,URE repeater and beacon listings,https://www.ure.es/appure/repetidores/repe144_N.php,repe144_N.php:ED1YBK:145.7750
ED1YBM,,repeater,"[""FM""]",145.6,,-0.6,,,,IN81UW,Castilfrío de la Sierra,Soria,Castile and León,,URE Soria,Administrative areas derived from exact URE site coordinates using OpenStreetMap Nominatim.,2026-09-13,41.933348,-2.283354,URE repeater and beacon listings,https://www.ure.es/appure/repetidores/repe144_N.php,repe144_N.php:ED1YBM:145.6000
ED1YBN,,repeater,"[""FM""]",145.6125,,-0.6,,,,IN73WG,Mazcuerras,Cantabria,Cantabria,,Sección URE Torrelavega,Administrative areas derived from exact URE site coordinates using OpenStreetMap Nominatim.,2026-09-13,43.291111,-4.144444,URE repeater and beacon listings,https://www.ure.es/appure/repetidores/repe144_N.php,repe144_N.php:ED1YBN:145.6125
ED1YBO,,repeater,"[""FM""]",145.6125,,-0.6,,,,IN62RJ,Castrillo de Cabrera,León,Castile and León,,URE El Bierzo,Administrative areas derived from exact URE site coordinates using OpenStreetMap Nominatim.,2026-09-13,42.383306,-6.533346,URE repeater and beacon listings,https://www.ure.es/appure/repetidores/repe144_N.php,repe144_N.php:ED1YBO:145.6125
ED1YBT,,repeater,"[""FM""]",145.625,,-0.6,77.0,,,IN82JG,Santa Cruz del Valle Urbión,Burgos,Castile and León,,URE Burgos,Administrative areas derived from exact URE site coordinates using OpenStreetMap Nominatim.,2026-09-13,42.267655,-3.199081,URE repeater and beacon listings,https://www.ure.es/appure/repetidores/repe144_N.php,repe144_N.php:ED1YBT:145.6250
ED1YBU,,repeater,"[""FM""]",145.725,,-0.6,67.0,,,IN71QO,Valladolid,Valladolid,Castile and León,,URE Valladolid,Administrative areas derived from exact URE site coordinates using OpenStreetMap Nominatim.,2026-09-13,41.627176,-4.675525,URE repeater and beacon listings,https://www.ure.es/appure/repetidores/repe144_N.php,repe144_N.php:ED1YBU:145.7250
ED1YBW,,repeater,"[""FM""]",145.725,,-0.6,77.0,,,IN52PH,Moaña,Pontevedra,Galicia,on-air,URE Vigo,Administrative areas derived from exact URE site coordinates using OpenStreetMap Nominatim. DMR metadata from RadioID withheld pending mode-conflict review.,2026-09-13,42.3,-8.7,URE repeater and beacon listings,https://www.ure.es/appure/repetidores/repe144_N.php,repe144_N.php:ED1YBW:145.7250
ED1YBX,,repeater,"[""FM""]",145.6,,-0.6,88.5,,,IN52UP,Forcarei,Pontevedra,Galicia,,"Subtono 88,5 Hz URE Rías Baixas",Administrative areas derived from exact URE site coordinates using OpenStreetMap Nominatim.,2026-09-13,42.633333,-8.283333,URE repeater and beacon listings,https://www.ure.es/appure/repetidores/repe144_N.php,repe144_N.php:ED1YBX:145.6000
ED1YBY,,repeater,"[""FM""]",145.75,,-0.6,,,,IN62IG,Manzaneda,Ourense,Galicia,,URE Ourense,Administrative areas derived from exact URE site coordinates using OpenStreetMap Nominatim.,2026-09-13,42.258611,-7.301389,URE repeater and beacon listings,https://www.ure.es/appure/repetidores/repe144_N.php,repe144_N.php:ED1YBY:145.7500
ED1YBZ,,repeater,"[""FM""]",145.775,,-0.6,77.0,,,IN60VM,Monsagro,Salamanca,Castile and León,,URE Salamanca,Administrative areas derived from exact URE site coordinates using OpenStreetMap Nominatim.,2026-09-13,40.514582,-6.204357,URE repeater and beacon listings,https://www.ure.es/appure/repetidores/repe144_N.php,repe144_N.php:ED1YBZ:145.7750
ED1YCB,,repeater,"[""FM""]",145.75,,-0.6,74.4,,,IN72ST,Dehesa de Montejo,Palencia,Castile and León,,Asociación Palentina de Radioaficionados,Administrative areas derived from exact URE site coordinates using OpenStreetMap Nominatim.,2026-09-13,42.834437,-4.481563,URE repeater and beacon listings,https://www.ure.es/appure/repetidores/repe144_N.php,repe144_N.php:ED1YCB:145.7500
ED1ZBG,,repeater,"[""C4FM""]",145.7125,,-0.6,,,,IN62EI,Parada de Sil,Ourense,Galicia,,URE Ourense,Administrative areas derived from exact URE site coordinates using OpenStreetMap Nominatim.,2026-09-13,42.349722,-7.61,URE repeater and beacon listings,https://www.ure.es/appure/repetidores/repe144_N.php,repe144_N.php:ED1ZBG:145.7125
ED1ZBG_C,,repeater,"[""D-Star""]",145.6375,,-0.6,,,,IN62EI,Parada de Sil,Ourense,Galicia,,URE Ourense,Administrative areas derived from exact URE site coordinates using OpenStreetMap Nominatim.,2026-09-13,42.35,-7.610556,URE repeater and beacon listings,https://www.ure.es/appure/repetidores/repe144_N.php,repe144_N.php:ED1ZBG_C:145.6375
ED2YAA,,repeater,"[""FM""]",145.7,,-0.6,,,,IN83ND,Orozko,Bizkaia,Basque Country,,Radio Club Unzueta,Administrative areas derived from exact URE site coordinates using OpenStreetMap Nominatim.,2026-09-13,43.123352,-2.867646,URE repeater and beacon listings,https://www.ure.es/appure/repetidores/repe144_N.php,repe144_N.php:ED2YAA:145.7000
ED2YAC,,repeater,"[""FM""]",145.6,,-0.6,,,,IN83RF,Markina-Xemein,Bizkaia,Basque Country,,URE Vizcaya,Administrative areas derived from exact URE site coordinates using OpenStreetMap Nominatim.,2026-09-13,43.220095,-2.521319,URE repeater and beacon listings,https://www.ure.es/appure/repetidores/repe144_N.php,repe144_N.php:ED2YAC:145.6000
ED2YAD,,repeater,"[""FM""]",145.725,,-0.6,,,,IN83JE,Balmaseda,Bizkaia,Basque Country,,URE Vizcaya,Administrative areas derived from exact URE site coordinates using OpenStreetMap Nominatim.,2026-09-13,43.188657,-3.221397,URE repeater and beacon listings,https://www.ure.es/appure/repetidores/repe144_N.php,repe144_N.php:ED2YAD:145.7250
ED2YAF,,repeater,"[""FM""]",145.625,,-0.6,,,,IN83XF,Usurbil,Gipuzkoa,Basque Country,,URE San Sebastián,Administrative areas derived from exact URE site coordinates using OpenStreetMap Nominatim.,2026-09-13,43.272706,-2.060623,URE repeater and beacon listings,https://www.ure.es/appure/repetidores/repe144_N.php,repe144_N.php:ED2YAF:145.6250
ED2YAG,,repeater,"[""FM""]",145.725,,-0.6,,,,IN93BH,Donostia / San Sebastián,Gipuzkoa,Basque Country,,URE San Sebastián,Administrative areas derived from exact URE site coordinates using OpenStreetMap Nominatim.,2026-09-13,43.309167,-1.997222,URE repeater and beacon listings,https://www.ure.es/appure/repetidores/repe144_N.php,repe144_N.php:ED2YAG:145.7250
ED2YAH,,repeater,"[""FM""]",145.7,,-0.6,,,,IN91SR,Lanaja,Huesca,Aragon,,URE Zaragoza,Administrative areas derived from exact URE site coordinates using OpenStreetMap Nominatim.,2026-09-13,41.715083,-0.448594,URE repeater and beacon listings,https://www.ure.es/appure/repetidores/repe144_N.php,repe144_N.php:ED2YAH:145.7000
ED2YAI,,repeater,"[""FM""]",145.625,,-0.6,,,,IN91GJ,El Frasno,Zaragoza,Aragon,,URE Zaragoza,Administrative areas derived from exact URE site coordinates using OpenStreetMap Nominatim.,2026-09-13,41.383442,-1.449938,URE repeater and beacon listings,https://www.ure.es/appure/repetidores/repe144_N.php,repe144_N.php:ED2YAI:145.6250
ED2YAJ,,repeater,"[""FM""]",145.65,,-0.6,,,,IN91NP,Zaragoza,Zaragoza,Aragon,,URE Zaragoza,Administrative areas derived from exact URE site coordinates using OpenStreetMap Nominatim.,2026-09-13,41.633407,-0.866547,URE repeater and beacon listings,https://www.ure.es/appure/repetidores/repe144_N.php,repe144_N.php:ED2YAJ:145.6500
ED2YAK,,repeater,"[""FM""]",145.725,,-0.6,,,,IN92RI,Arguis,Huesca,Aragon,,URE Huesca,Administrative areas derived from exact URE site coordinates using OpenStreetMap Nominatim.,2026-09-13,42.35274,-0.514855,URE repeater and beacon listings,https://www.ure.es/appure/repetidores/repe144_N.php,repe144_N.php:ED2YAK:145.7250
ED2YAL,,repeater,"[""FM""]",145.6,,-0.6,,,,IN90LC,La Puebla de Valverde,Teruel,Aragon,,URE Teruel,Administrative areas derived from exact URE site coordinates using OpenStreetMap Nominatim.,2026-09-13,40.096794,-1.025194,URE repeater and beacon listings,https://www.ure.es/appure/repetidores/repe144_N.php,repe144_N.php:ED2YAL:145.6000
ED2YAM,,repeater,"[""FM""]",145.6,,-0.6,88.5,,,JN01EM,Fraga,Huesca,Aragon,,URE Valle del Cinca,Administrative areas derived from exact URE site coordinates using OpenStreetMap Nominatim.,2026-09-13,41.516708,0.366669,URE repeater and beacon listings,https://www.ure.es/appure/repetidores/repe144_N.php,repe144_N.php:ED2YAM:145.6000
ED2YAN,,repeater,"[""FM""]",145.75,,-0.6,,,,IN83PI,Arrieta,Bizkaia,Basque Country,,As. Euskobite Elkarte,Administrative areas derived from exact URE site coordinates using OpenStreetMap Nominatim.,2026-09-13,43.368389,-2.761889,URE repeater and beacon listings,https://www.ure.es/appure/repetidores/repe144_N.php,repe144_N.php:ED2YAN:145.7500
ED2YAP,,repeater,"[""FM""]",145.65,,-0.6,123.0,,,IN82QU,Vitoria-Gasteiz,Álava,Basque Country,on-air,RC Foronda,Administrative areas derived from exact URE site coordinates using OpenStreetMap Nominatim. DMR metadata from RadioID withheld pending mode-conflict review.,2026-09-13,42.849981,-2.616677,URE repeater and beacon listings,https://www.ure.es/appure/repetidores/repe144_N.php,repe144_N.php:ED2YAP:145.6500
ED2YAQ,,repeater,"[""FM""]",145.775,,-0.6,123.0,,,IN82RX,Leintz-Gatzaga,Gipuzkoa,Basque Country,on-air,RC Foronda,Administrative areas derived from exact URE site coordinates using OpenStreetMap Nominatim. DMR metadata from RadioID withheld pending mode-conflict review.,2026-09-13,42.971905,-2.541833,URE repeater and beacon listings,https://www.ure.es/appure/repetidores/repe144_N.php,repe144_N.php:ED2YAQ:145.7750
ED2YAR,,repeater,"[""FM""]",145.675,,-0.6,77.0,,,IN93FQ,Ibargoiti,Navarra,Navarre,,URE Navarra,Administrative areas derived from exact URE site coordinates using OpenStreetMap Nominatim.,2026-09-13,42.683319,-1.533322,URE repeater and beacon listings,https://www.ure.es/appure/repetidores/repe144_N.php,repe144_N.php:ED2YAR:145.6750
ED2YAS,,repeater,"[""FM""]",145.6875,,-0.6,,,,IN83CH,Irun,Gipuzkoa,Basque Country,,Radioaficionados del Bidasoa,Administrative areas derived from exact URE site coordinates using OpenStreetMap Nominatim.,2026-09-13,43.328,-1.761667,URE repeater and beacon listings,https://www.ure.es/appure/repetidores/repe144_N.php,repe144_N.php:ED2YAS:145.6875
ED2ZAB,,repeater,"[""D-Star"", ""FM""]",145.775,,-0.6,,,,IN83CH,Irun,Gipuzkoa,Basque Country,,Radioaficionados del Bidasoa,Administrative areas derived from exact URE site coordinates using OpenStreetMap Nominatim.,2026-09-13,43.311333,-1.761667,URE repeater and beacon listings,https://www.ure.es/appure/repetidores/repe144_N.php,repe144_N.php:ED2ZAB:145.7750
ED3YAB,,repeater,"[""FM""]",145.7,,-0.6,88.5,,,JN01VO,el Bruc,Barcelona,Catalonia,,AMIRED,Administrative areas derived from exact URE site coordinates using OpenStreetMap Nominatim.,2026-09-13,41.601035,1.78266,URE repeater and beacon listings,https://www.ure.es/appure/repetidores/repe144_N.php,repe144_N.php:ED3YAB:145.7000
ED3YAF,,repeater,"[""FM""]",145.775,,-0.6,77.0,,,JN12BE,les Llosses,Girona,Catalonia,,R.C. Ripollés,Administrative areas derived from exact URE site coordinates using OpenStreetMap Nominatim.,2026-09-13,42.185794,2.117615,URE repeater and beacon listings,https://www.ure.es/appure/repetidores/repe144_N.php,repe144_N.php:ED3YAF:145.7750
ED3YAG,,repeater,"[""FM""]",145.75,,-0.6,123.0,,,JN01SU,Pinós,Lleida,Catalonia,,Asoc. Radioaf. Solsonés,Administrative areas derived from exact URE site coordinates using OpenStreetMap Nominatim.,2026-09-13,41.85,1.533279,URE repeater and beacon listings,https://www.ure.es/appure/repetidores/repe144_N.php,repe144_N.php:ED3YAG:145.7500
ED3YAH,,repeater,"[""FM""]",145.675,,-0.6,88.5,,,JN00ET,Roquetes,Tarragona,Catalonia,,AMIRED,Administrative areas derived from exact URE site coordinates using OpenStreetMap Nominatim.,2026-09-13,40.803611,0.343889,URE repeater and beacon listings,https://www.ure.es/appure/repetidores/repe144_N.php,repe144_N.php:ED3YAH:145.6750
ED3YAJ,,repeater,"[""FM""]",145.6,,-0.6,,,,JN11ES,Montseny,Barcelona,Catalonia,,URE Catalunya,Administrative areas derived from exact URE site coordinates using OpenStreetMap Nominatim.,2026-09-13,41.766639,2.366674,URE repeater and beacon listings,https://www.ure.es/appure/repetidores/repe144_N.php,repe144_N.php:ED3YAJ:145.6000
ED3YAK,,repeater,"[""D-Star"", ""FM""]",145.65,,-0.6,,,,JN11BJ,Barcelona,Barcelona,Catalonia,,URE Barcelona,Administrative areas derived from exact URE site coordinates using OpenStreetMap Nominatim.,2026-09-13,41.383088,2.116928,URE repeater and beacon listings,https://www.ure.es/appure/repetidores/repe144_N.php,repe144_N.php:ED3YAK:145.6500
ED3YAL,,repeater,"[""FM""]",145.725,,-0.6,,,,JN01WU,Castellnou de Bages,Barcelona,Catalonia,,URE Bages,Administrative areas derived from exact URE site coordinates using OpenStreetMap Nominatim.,2026-09-13,41.84399,1.840553,URE repeater and beacon listings,https://www.ure.es/appure/repetidores/repe144_N.php,repe144_N.php:ED3YAL:145.7250
ED3YAP,,repeater,"[""FM""]",145.7,,-0.6,,,,JN12LG,Figueres,Girona,Catalonia,,URE Alt Empordá,Administrative areas derived from exact URE site coordinates using OpenStreetMap Nominatim.,2026-09-13,42.271196,2.950516,URE repeater and beacon listings,https://www.ure.es/appure/repetidores/repe144_N.php,repe144_N.php:ED3YAP:145.7000
ED3YAQ,,repeater,"[""D-Star"", ""FM""]",145.7375,,-0.6,,,,JN01CT,Sant Martí de Centelles,Barcelona,Catalonia,,Unión Radioaficionados Osona (URO),Administrative areas derived from exact URE site coordinates using OpenStreetMap Nominatim.,2026-09-13,41.771944,2.196944,URE repeater and beacon listings,https://www.ure.es/appure/repetidores/repe144_N.php,repe144_N.php:ED3YAQ:145.7375
ED3YAU,,repeater,"[""FM""]",145.675,,-0.6,77.0,,,JN02IP,Montanuy / Montanui,Huesca,Aragon,,URE Valle de Arán,Administrative areas derived from exact URE site coordinates using OpenStreetMap Nominatim.,2026-09-13,42.629854,0.697503,URE repeater and beacon listings,https://www.ure.es/appure/repetidores/repe144_N.php,repe144_N.php:ED3YAU:145.6750
ED3YAW,,repeater,"[""FM""]",145.775,,-0.6,,,,JN02JA,Àger,Lleida,Catalonia,,Radio Club Lleida,Administrative areas derived from exact URE site coordinates using OpenStreetMap Nominatim.,2026-09-13,42.016652,0.783291,URE repeater and beacon listings,https://www.ure.es/appure/repetidores/repe144_N.php,repe144_N.php:ED3YAW:145.7750
ED3YAY,,repeater,"[""FM""]",145.65,,-0.6,,,,JN01HO,Lleida,Lleida,Catalonia,,Radio Club Lleida,Administrative areas derived from exact URE site coordinates using OpenStreetMap Nominatim.,2026-09-13,41.613389,0.633087,URE repeater and beacon listings,https://www.ure.es/appure/repetidores/repe144_N.php,repe144_N.php:ED3YAY:145.6500
ED3YAZ,,repeater,"[""FM""]",145.675,,-0.6,,,,JN12GA,Susqueda,Girona,Catalonia,,URE Gironés,Administrative areas derived from exact URE site coordinates using OpenStreetMap Nominatim.,2026-09-13,42.016652,2.533336,URE repeater and beacon listings,https://www.ure.es/appure/repetidores/repe144_N.php,repe144_N.php:ED3YAZ:145.6750
ED3YBA,,repeater,"[""FM""]",145.625,,-0.6,,,,JN12ED,la Vall d'en Bas,Girona,Catalonia,,URE Garrotxa,Administrative areas derived from exact URE site coordinates using OpenStreetMap Nominatim.,2026-09-13,42.133336,2.366695,URE repeater and beacon listings,https://www.ure.es/appure/repetidores/repe144_N.php,repe144_N.php:ED3YBA:145.6250
ED3YBB,,repeater,"[""FM""]",145.75,,-0.6,,,,JN11MT,Sant Feliu de Guíxols,Girona,Catalonia,on-air,URE Baix Empordà,Administrative areas derived from exact URE site coordinates using OpenStreetMap Nominatim. DMR metadata from RadioID withheld pending mode-conflict review.,2026-09-13,41.800047,3.033342,URE repeater and beacon listings,https://www.ure.es/appure/repetidores/repe144_N.php,repe144_N.php:ED3YBB:145.7500
ED3ZAN,,repeater,"[""DMR""]",145.5875,,-0.6,,1,BrandMeister,JN12LG,Sant Feliu de Guíxols,Girona,Catalonia,on-air,Sección URE Alt Empordá,"Administrative areas derived from exact URE site coordinates using OpenStreetMap Nominatim. DMR metadata enriched from RadioID: color_code=1, network=BrandMeister; RadioID identity_id 730; principal source remains URE. Status on-air from RadioID.",2026-09-13,41.800047,3.033342,URE repeater and beacon listings,https://www.ure.es/appure/repetidores/repe144_N.php,repe144_N.php:ED3ZAN:145.5875
EA4URE-R,,repeater,[],145.2875,,,77.0,,,IN80DJ,Madrid,,Community of Madrid,,URE Central,URE listing does not state an operating mode. URE lists Echolink access. Administrative areas derived from exact URE site coordinates using OpenStreetMap Nominatim.,2026-09-13,40.390728,-3.67114,URE repeater and beacon listings,https://www.ure.es/appure/repetidores/repe144_N.php,repe144_N.php:EA4URE-R:145.2875
ED4YAC,,repeater,"[""FM""]",145.65,,-0.6,,,,IN80DK,Madrid,,Community of Madrid,,Sección URE Madrid / Colaboradores Radio Club EIT EA4RCT,Administrative areas derived from exact URE site coordinates using OpenStreetMap Nominatim.,2026-09-13,40.452034,-3.726422,URE repeater and beacon listings,https://www.ure.es/appure/repetidores/repe144_N.php,repe144_N.php:ED4YAC:145.6500
ED4YAD,,repeater,"[""FM""]",145.6,,-0.6,82.5,,,IN80CI,Alcorcón,,Community of Madrid,,URE Alcorcón,Administrative areas derived from exact URE site coordinates using OpenStreetMap Nominatim.,2026-09-13,40.336389,-3.8225,URE repeater and beacon listings,https://www.ure.es/appure/repetidores/repe144_N.php,repe144_N.php:ED4YAD:145.6000
ED4YAE,,repeater,"[""FM""]",145.675,,-0.6,97.4,,,IN70WR,El Espinar,Segovia,Castile and León,,URE Sierra Guadarrama,Administrative areas derived from exact URE site coordinates using OpenStreetMap Nominatim.,2026-09-13,40.710231,-4.140928,URE repeater and beacon listings,https://www.ure.es/appure/repetidores/repe144_N.php,repe144_N.php:ED4YAE:145.6750
ED4YAG,,repeater,"[""APRS""]",144.8,,,,,,IN80DJ,Madrid,,Community of Madrid,,URE Central,Administrative areas derived from exact URE site coordinates using OpenStreetMap Nominatim.,2026-09-13,40.390701,-3.671136,URE repeater and beacon listings,https://www.ure.es/appure/repetidores/repe144_N.php,repe144_N.php:ED4YAG:144.8000
ED4YAH,,repeater,"[""FM""]",145.775,,-0.6,,,,IM88JO,Torre de Juan Abad,Ciudad Real,Castile-La Mancha,,URE Ciudad Real,Administrative areas derived from exact URE site coordinates using OpenStreetMap Nominatim.,2026-09-13,38.60292,-3.203201,URE repeater and beacon listings,https://www.ure.es/appure/repetidores/repe144_N.php,repe144_N.php:ED4YAH:145.7750
ED4YAI,,repeater,"[""FM""]",145.725,,-0.6,85.4,,,IN79VA,Piedrabuena,Ciudad Real,Castile-La Mancha,,URE Ciudad Real,Administrative areas derived from exact URE site coordinates using OpenStreetMap Nominatim.,2026-09-13,39.025278,-4.153611,URE repeater and beacon listings,https://www.ure.es/appure/repetidores/repe144_N.php,repe144_N.php:ED4YAI:145.7250
ED4YAL,,repeater,"[""FM""]",145.725,,-0.6,,,,IN80QT,Cifuentes,Guadalajara,Castile-La Mancha,out_of_service_temporarily,URE Cifuentes,URE lists this service as temporarily out of service. Administrative areas derived from exact URE site coordinates using OpenStreetMap Nominatim.,2026-09-13,40.794639,-2.602577,URE repeater and beacon listings,https://www.ure.es/appure/repetidores/repe144_N.php,repe144_N.php:ED4YAL:145.7250
ED4YAM,,repeater,"[""FM""]",145.75,,-0.6,,,,IM78WO,Puertollano,Ciudad Real,Castile-La Mancha,,R.C. Puertollano,Administrative areas derived from exact URE site coordinates using OpenStreetMap Nominatim.,2026-09-13,38.620089,-4.121933,URE repeater and beacon listings,https://www.ure.es/appure/repetidores/repe144_N.php,repe144_N.php:ED4YAM:145.7500
ED4YAO,,repeater,"[""FM""]",145.675,,-0.6,67.0,,,IN60XA,Malpartida de Plasencia,Cáceres,Extremadura,,URE Plasencia,Administrative areas derived from exact URE site coordinates using OpenStreetMap Nominatim.,2026-09-13,40.011313,-6.049004,URE repeater and beacon listings,https://www.ure.es/appure/repetidores/repe144_N.php,repe144_N.php:ED4YAO:145.6750
ED4YAP,,repeater,"[""FM""]",145.725,,-0.6,,,,IM69TL,Cáceres,Cáceres,Extremadura,,URE Cáceres,Administrative areas derived from exact URE site coordinates using OpenStreetMap Nominatim.,2026-09-13,39.464517,-6.354845,URE repeater and beacon listings,https://www.ure.es/appure/repetidores/repe144_N.php,repe144_N.php:ED4YAP:145.7250
ED4YAR,,repeater,"[""FM""]",145.775,,-0.6,88.5,,,IM79GA,Orellana de la Sierra,Badajoz,Extremadura,,RC Francisco de Orellana,Administrative areas derived from exact URE site coordinates using OpenStreetMap Nominatim.,2026-09-13,39.039186,-5.494194,URE repeater and beacon listings,https://www.ure.es/appure/repetidores/repe144_N.php,repe144_N.php:ED4YAR:145.7750
ED4YAS,,repeater,"[""FM""]",145.625,,-0.6,88.5,,,IM68PL,Salvatierra de los Barros,Badajoz,Extremadura,,URE Badajoz,Administrative areas derived from exact URE site coordinates using OpenStreetMap Nominatim.,2026-09-13,38.467568,-6.6996,URE repeater and beacon listings,https://www.ure.es/appure/repetidores/repe144_N.php,repe144_N.php:ED4YAS:145.6250
ED4YAT,,repeater,"[""FM""]",145.7,,-0.6,88.5,,,IM68SU,Mérida,Badajoz,Extremadura,,Subtono 88.5 URE Mérida,Administrative areas derived from exact URE site coordinates using OpenStreetMap Nominatim.,2026-09-13,38.863236,-6.427517,URE repeater and beacon listings,https://www.ure.es/appure/repetidores/repe144_N.php,repe144_N.php:ED4YAT:145.7000
ED4YAV,,repeater,"[""FM""]",145.625,,-0.6,67.0,,,IN70PD,Navamorcuende,Toledo,Castile-La Mancha,,URE Talavera de la Reina,Administrative areas derived from exact URE site coordinates using OpenStreetMap Nominatim.,2026-09-13,40.154146,-4.743304,URE repeater and beacon listings,https://www.ure.es/appure/repetidores/repe144_N.php,repe144_N.php:ED4YAV:145.6250
ED4YAY,,repeater,"[""FM""]",145.725,,-0.6,,,,IM79XV,Toledo,Toledo,Castile-La Mancha,,URE Toledo,Administrative areas derived from exact URE site coordinates using OpenStreetMap Nominatim.,2026-09-13,39.888837,-4.026664,URE repeater and beacon listings,https://www.ure.es/appure/repetidores/repe144_N.php,repe144_N.php:ED4YAY:145.7250
ED4YAZ,,repeater,"[""FM""]",145.625,,-0.6,,,,IM98NS,Villamayor de Santiago,Cuenca,Castile-La Mancha,,URE Cuenca,Administrative areas derived from exact URE site coordinates using OpenStreetMap Nominatim.,2026-09-13,39.766667,-2.866667,URE repeater and beacon listings,https://www.ure.es/appure/repetidores/repe144_N.php,repe144_N.php:ED4YAZ:145.6250
ED4YBA,,repeater,"[""FM""]",145.75,,-0.6,67.0,,,IN80WC,Cuenca,Cuenca,Castile-La Mancha,,URE Cuenca,Administrative areas derived from exact URE site coordinates using OpenStreetMap Nominatim.,2026-09-13,40.087089,-2.120946,URE repeater and beacon listings,https://www.ure.es/appure/repetidores/repe144_N.php,repe144_N.php:ED4YBA:145.7500
ED5YAA,,repeater,"[""FM""]",145.7,,-0.6,,,,IM88TP,Peñascosa,Albacete,Castile-La Mancha,,URAB,Administrative areas derived from exact URE site coordinates using OpenStreetMap Nominatim.,2026-09-13,38.641111,-2.345833,URE repeater and beacon listings,https://www.ure.es/appure/repetidores/repe144_N.php,repe144_N.php:ED5YAA:145.7000
ED5YAB,,repeater,"[""FM""]",145.625,,-0.6,,,,IM97MO,Cartagena,Murcia,Region of Murcia,,URE Cartagena,Administrative areas derived from exact URE site coordinates using OpenStreetMap Nominatim.,2026-09-13,37.601992,-0.945168,URE repeater and beacon listings,https://www.ure.es/appure/repetidores/repe144_N.php,repe144_N.php:ED5YAB:145.6250
ED5YAC,,repeater,"[""FM""]",145.75,,-0.6,118.8,,,JM08BU,Dénia,Alicante,Valencian Community,,"Subtono 118,8 Hz - Radio Club Montgó Denia",Administrative areas derived from exact URE site coordinates using OpenStreetMap Nominatim.,2026-09-13,38.842993,0.107138,URE repeater and beacon listings,https://www.ure.es/appure/repetidores/repe144_N.php,repe144_N.php:ED5YAC:145.7500
ED5YAF,,repeater,"[""FM""]",145.7,,-0.6,77.0,,,IM98OL,Petrer,Alicante,Valencian Community,,URE Elda,Administrative areas derived from exact URE site coordinates using OpenStreetMap Nominatim.,2026-09-13,38.453051,-0.719433,URE repeater and beacon listings,https://www.ure.es/appure/repetidores/repe144_N.php,repe144_N.php:ED5YAF:145.7000
ED5YAG,,repeater,"[""FM""]",145.65,,-0.6,88.5,,,IM98SI,Alacant / Alicante,Alicante,Valencian Community,,URE Alicante,Administrative areas derived from exact URE site coordinates using OpenStreetMap Nominatim.,2026-09-13,38.360099,-0.456448,URE repeater and beacon listings,https://www.ure.es/appure/repetidores/repe144_N.php,repe144_N.php:ED5YAG:145.6500
ED5YAH,,repeater,"[""FM""]",145.7,,-0.6,,,,JN00AC,Cabanes,Castellón,Valencian Community,,URE Castellón,Administrative areas derived from exact URE site coordinates using OpenStreetMap Nominatim.,2026-09-13,40.098559,0.037422,URE repeater and beacon listings,https://www.ure.es/appure/repetidores/repe144_N.php,repe144_N.php:ED5YAH:145.7000
ED5YAI,,repeater,"[""FM""]",145.725,,-0.6,77.0,,,IM98RP,Ibi,Alicante,Valencian Community,,URE Alcoy,Administrative areas derived from exact URE site coordinates using OpenStreetMap Nominatim.,2026-09-13,38.633265,-0.533309,URE repeater and beacon listings,https://www.ure.es/appure/repetidores/repe144_N.php,repe144_N.php:ED5YAI:145.7250
ED5YAK,,repeater,"[""FM""]",145.6,,-0.6,77.0,,,IM97FU,Totana,Murcia,Region of Murcia,,URE Murcia,Administrative areas derived from exact URE site coordinates using OpenStreetMap Nominatim.,2026-09-13,37.849917,-1.532936,URE repeater and beacon listings,https://www.ure.es/appure/repetidores/repe144_N.php,repe144_N.php:ED5YAK:145.6000
ED5YAN,,repeater,"[""FM""]",145.65,,-0.6,123.0,,,IM98VW,Bellreguard,València,Valencian Community,,Radio Club Gandía,Administrative areas derived from exact URE site coordinates using OpenStreetMap Nominatim.,2026-09-13,38.962612,-0.143166,URE repeater and beacon listings,https://www.ure.es/appure/repetidores/repe144_N.php,repe144_N.php:ED5YAN:145.6500
ED5YAO,,repeater,"[""FM""]",145.75,,-0.6,,,,IM98RX,Xàtiva,València,Valencian Community,,URE Játiva,Administrative areas derived from exact URE site coordinates using OpenStreetMap Nominatim.,2026-09-13,38.976492,-0.536957,URE repeater and beacon listings,https://www.ure.es/appure/repetidores/repe144_N.php,repe144_N.php:ED5YAO:145.7500
ED5YAP,,repeater,"[""FM""]",145.625,,-0.6,88.5,,,IM99TQ,Segart,València,Valencian Community,,URE Valencia,URE lists Echolink access. Administrative areas derived from exact URE site coordinates using OpenStreetMap Nominatim.,2026-09-13,39.683333,-0.366667,URE repeater and beacon listings,https://www.ure.es/appure/repetidores/repe144_N.php,repe144_N.php:ED5YAP:145.6250
ED5YAQ,,repeater,"[""FM""]",145.775,,-0.6,,,,IM99NJ,Yátova,València,Valencian Community,,URE Oeste de Valencia,Administrative areas derived from exact URE site coordinates using OpenStreetMap Nominatim.,2026-09-13,39.380288,-0.87131,URE repeater and beacon listings,https://www.ure.es/appure/repetidores/repe144_N.php,repe144_N.php:ED5YAQ:145.7750
ED5YAR,,repeater,"[""FM""]",145.75,,-0.6,,,,IM97NO,La Unión,Murcia,Region of Murcia,,RC Carthago,Administrative areas derived from exact URE site coordinates using OpenStreetMap Nominatim.,2026-09-13,37.613333,-0.859167,URE repeater and beacon listings,https://www.ure.es/appure/repetidores/repe144_N.php,repe144_N.php:ED5YAR:145.7500
ED5YAT,,repeater,"[""FM""]",145.625,,-0.6,127.3,,,IM97FJ,Águilas,Murcia,Region of Murcia,on-air,RC Águilas,Administrative areas derived from exact URE site coordinates using OpenStreetMap Nominatim. DMR metadata from RadioID withheld pending mode-conflict review.,2026-09-13,37.401667,-1.580833,URE repeater and beacon listings,https://www.ure.es/appure/repetidores/repe144_N.php,repe144_N.php:ED5YAT:145.6250
ED5YAW,,repeater,"[""FM""]",145.675,,-0.6,123.0,,,IM88XR,Peñas de San Pedro,Albacete,Castile-La Mancha,,URE Albacete,Administrative areas derived from exact URE site coordinates using OpenStreetMap Nominatim.,2026-09-13,38.728696,-2.080437,URE repeater and beacon listings,https://www.ure.es/appure/repetidores/repe144_N.php,repe144_N.php:ED5YAW:145.6750
ED5ZAC,,repeater,"[""D-Star"", ""FM""]",145.6875,,-0.6,,,,JM08BU,Dénia,Alicante,Valencian Community,,RC Denia,Administrative areas derived from exact URE site coordinates using OpenStreetMap Nominatim.,2026-09-13,38.843056,0.1075,URE repeater and beacon listings,https://www.ure.es/appure/repetidores/repe144_N.php,repe144_N.php:ED5ZAC:145.6875
ED6YAA,,repeater,"[""FM""]",145.7,,-0.6,,,,JM19HO,Palma,Illes Balears,Balearic Islands,,Unión Radioaficionados Islas Baleares,Administrative areas derived from exact URE site coordinates using OpenStreetMap Nominatim.,2026-09-13,39.604233,2.605133,URE repeater and beacon listings,https://www.ure.es/appure/repetidores/repe144_N.php,repe144_N.php:ED6YAA:145.7000
ED6YAB,,repeater,"[""FM""]",145.75,,-0.6,,,,JM19KM,Llucmajor,Illes Balears,Balearic Islands,,URE Palma,Administrative areas derived from exact URE site coordinates using OpenStreetMap Nominatim.,2026-09-13,39.523773,2.889404,URE repeater and beacon listings,https://www.ure.es/appure/repetidores/repe144_N.php,repe144_N.php:ED6YAB:145.7500
ED6YAC,,repeater,"[""FM""]",145.65,,-0.6,88.5,,,JM19ON,Manacor,Illes Balears,Balearic Islands,,URE Llevant,Administrative areas derived from exact URE site coordinates using OpenStreetMap Nominatim.,2026-09-13,39.55,3.2,URE repeater and beacon listings,https://www.ure.es/appure/repetidores/repe144_N.php,repe144_N.php:ED6YAC:145.6500
ED6YAD,,repeater,"[""FM""]",145.6,,-0.6,,,,JM29BX,es Mercadal,Illes Balears,Balearic Islands,,URE Menorca,Administrative areas derived from exact URE site coordinates using OpenStreetMap Nominatim.,2026-09-13,39.985144,4.113178,URE repeater and beacon listings,https://www.ure.es/appure/repetidores/repe144_N.php,repe144_N.php:ED6YAD:145.6000
ED6YAE,,repeater,"[""FM""]",145.675,,-0.6,173.8,,,JM08PV,Es Cubells,Illes Balears,Balearic Islands,,"Subtono 173,8 Hz URE Ibiza",Administrative areas derived from exact URE site coordinates using OpenStreetMap Nominatim.,2026-09-13,38.889429,1.256561,URE repeater and beacon listings,https://www.ure.es/appure/repetidores/repe144_N.php,repe144_N.php:ED6YAE:145.6750
ED6YAF,,repeater,"[""FM""]",145.7125,,-0.6,,,,JM19JR,Alaró,Illes Balears,Balearic Islands,,URE Palma,Administrative areas derived from exact URE site coordinates using OpenStreetMap Nominatim.,2026-09-13,39.716827,2.786064,URE repeater and beacon listings,https://www.ure.es/appure/repetidores/repe144_N.php,repe144_N.php:ED6YAF:145.7125
ED6YAG,,repeater,"[""FM""]",145.775,,-0.6,88.5,,,JM19ON,Manacor,Illes Balears,Balearic Islands,,URE Llevant,Administrative areas derived from exact URE site coordinates using OpenStreetMap Nominatim.,2026-09-13,39.55,3.2,URE repeater and beacon listings,https://www.ure.es/appure/repetidores/repe144_N.php,repe144_N.php:ED6YAG:145.7750
ED6ZAC,,repeater,"[""D-Star"", ""FM""]",145.625,,-0.6,,,,JM19IR,Bunyola,Illes Balears,Balearic Islands,,Digigrup,Administrative areas derived from exact URE site coordinates using OpenStreetMap Nominatim.,2026-09-13,39.737778,2.713889,URE repeater and beacon listings,https://www.ure.es/appure/repetidores/repe144_N.php,repe144_N.php:ED6ZAC:145.6250
ED7YAA,,repeater,"[""FM""]",145.775,,-0.6,82.5,,,IM76DT,Arcos de la Frontera,Cádiz,Andalusia,,Andalucia Unida por la Radio (AUR),Administrative areas derived from exact URE site coordinates using OpenStreetMap Nominatim.,2026-09-13,36.800351,-5.697441,URE repeater and beacon listings,https://www.ure.es/appure/repetidores/repe144_N.php,repe144_N.php:ED7YAA:145.7750
ED7YAC,,repeater,"[""FM""]",145.675,,-0.6,77.0,,,IM77OX,Córdoba,Córdoba,Andalusia,,URE Córdoba,Administrative areas derived from exact URE site coordinates using OpenStreetMap Nominatim.,2026-09-13,37.966988,-4.788496,URE repeater and beacon listings,https://www.ure.es/appure/repetidores/repe144_N.php,repe144_N.php:ED7YAC:145.6750
ED7YAD,,repeater,"[""FM""]",145.7,,-0.6,82.5,,,IM76QO,Mijas,Málaga,Andalusia,,URE Málaga - https://www.ea7urm.com,URE operator link https://www.ea7urm.com. Administrative areas derived from exact URE site coordinates using OpenStreetMap Nominatim.,2026-09-13,36.600025,-4.616661,URE repeater and beacon listings,https://www.ure.es/appure/repetidores/repe144_N.php,repe144_N.php:ED7YAD:145.7000
ED7YAF,,repeater,"[""FM""]",145.75,,-0.6,82.5,,,IM76JL,Estepona,Málaga,Andalusia,,Subtono 82.5 Hz URE Estepona,Administrative areas derived from exact URE site coordinates using OpenStreetMap Nominatim.,2026-09-13,36.465196,-5.198936,URE repeater and beacon listings,https://www.ure.es/appure/repetidores/repe144_N.php,repe144_N.php:ED7YAF:145.7500
ED7YAG,,repeater,"[""FM""]",145.725,,-0.6,100.0,,,IM86OV,Dalías,Almería,Andalusia,,Subtono 100 Hz - Asociación Radioaficionados Poniente Almería,Administrative areas derived from exact URE site coordinates using OpenStreetMap Nominatim.,2026-09-13,36.88,-2.801111,URE repeater and beacon listings,https://www.ure.es/appure/repetidores/repe144_N.php,repe144_N.php:ED7YAG:145.7250
ED7YAH,,repeater,"[""FM""]",145.675,,-0.6,,,,IM87SF,Bacares,Almería,Andalusia,,URE Cuanca del Almanzora,Administrative areas derived from exact URE site coordinates using OpenStreetMap Nominatim.,2026-09-13,37.217582,-2.456388,URE repeater and beacon listings,https://www.ure.es/appure/repetidores/repe144_N.php,repe144_N.php:ED7YAH:145.6750
ED7YAJ,,repeater,"[""FM""]",145.65,,-0.6,,,,IM86SU,Almería,Almería,Andalusia,,URE Almería,Administrative areas derived from exact URE site coordinates using OpenStreetMap Nominatim.,2026-09-13,36.84999,-2.449951,URE repeater and beacon listings,https://www.ure.es/appure/repetidores/repe144_N.php,repe144_N.php:ED7YAJ:145.6500
ED7YAK,,repeater,"[""FM""]",145.675,,-0.6,,,,IM67OV,Almonaster la Real,Huelva,Andalusia,,URE Huelva,Administrative areas derived from exact URE site coordinates using OpenStreetMap Nominatim.,2026-09-13,37.884744,-6.775947,URE repeater and beacon listings,https://www.ure.es/appure/repetidores/repe144_N.php,repe144_N.php:ED7YAK:145.6750
ED7YAN,,repeater,"[""FM""]",145.625,,-0.6,88.5,,,IM87HB,Capileira,Granada,Andalusia,,URE Granada,Administrative areas derived from exact URE site coordinates using OpenStreetMap Nominatim.,2026-09-13,37.049423,-3.366795,URE repeater and beacon listings,https://www.ure.es/appure/repetidores/repe144_N.php,repe144_N.php:ED7YAN:145.6250
ED7YAO,,repeater,"[""FM""]",145.725,,-0.6,82.5,,,IM76RW,Villanueva de la Concepción,Málaga,Andalusia,,R.C. Romeo Alfa Charlie,Administrative areas derived from exact URE site coordinates using OpenStreetMap Nominatim.,2026-09-13,36.933977,-4.532547,URE repeater and beacon listings,https://www.ure.es/appure/repetidores/repe144_N.php,repe144_N.php:ED7YAO:145.7250
ED7YAP,,repeater,"[""FM""]",145.65,,-0.6,77.0,,,IM77AJ,Sevilla,Sevilla,Andalusia,,R.C. Sevilla,Administrative areas derived from exact URE site coordinates using OpenStreetMap Nominatim.,2026-09-13,37.399445,-5.984449,URE repeater and beacon listings,https://www.ure.es/appure/repetidores/repe144_N.php,repe144_N.php:ED7YAP:145.6500
ED7YAQ,,repeater,"[""FM""]",145.7,,-0.6,77.0,,,IM77EU,Constantina,Sevilla,Andalusia,,R.C. Sevilla,Administrative areas derived from exact URE site coordinates using OpenStreetMap Nominatim.,2026-09-13,37.851001,-5.616074,URE repeater and beacon listings,https://www.ure.es/appure/repetidores/repe144_N.php,repe144_N.php:ED7YAQ:145.7000
ED7YAS,,repeater,"[""FM""]",145.7,,-0.6,,,,IM87ON,Zújar,Granada,Andalusia,,URE Baza,Administrative areas derived from exact URE site coordinates using OpenStreetMap Nominatim.,2026-09-13,37.567984,-2.811127,URE repeater and beacon listings,https://www.ure.es/appure/repetidores/repe144_N.php,repe144_N.php:ED7YAS:145.7000
ED7YAT,,repeater,[],145.65,,-0.6,,,,IM87CP,Los Villares,Jaén,Andalusia,,URE Jaén,URE listing does not state an operating mode. Administrative areas derived from exact URE site coordinates using OpenStreetMap Nominatim.,2026-09-13,37.633611,-3.781944,URE repeater and beacon listings,https://www.ure.es/appure/repetidores/repe144_N.php,repe144_N.php:ED7YAT:145.6500
ED7YAU,,repeater,"[""APRS""]",144.8,,,,,,IM76AT,Jerez,Cádiz,Andalusia,,30 W - Antena omnidireccional - URE San Fernando,Administrative areas derived from exact URE site coordinates using OpenStreetMap Nominatim.,2026-09-13,36.835635,-5.954708,URE repeater and beacon listings,https://www.ure.es/appure/repetidores/repe144_N.php,repe144_N.php:ED7YAU:144.8000
ED8YAA,,repeater,"[""FM""]",145.6,,-0.6,,,,IL39FC,Teguise,Las Palmas,Canary Islands,,URE Arrecife,Administrative areas derived from exact URE site coordinates using OpenStreetMap Nominatim.,2026-09-13,29.101177,-13.533096,URE repeater and beacon listings,https://www.ure.es/appure/repetidores/repe144_N.php,repe144_N.php:ED8YAA:145.6000
ED8YAC,,repeater,"[""FM""]",145.7,,-0.6,,,,IL07XR,El Pinar de El Hierro,Santa Cruz de Tenerife,Canary Islands,,URE Aridane,Administrative areas derived from exact URE site coordinates using OpenStreetMap Nominatim.,2026-09-13,27.716927,-18.033414,URE repeater and beacon listings,https://www.ure.es/appure/repetidores/repe144_N.php,repe144_N.php:ED8YAC:145.7000
ED8YAD,,repeater,"[""FM""]",145.775,,-0.6,,,,IL28HD,Las Palmas de Gran Canaria,Las Palmas,Canary Islands,,URE Las Palmas,Administrative areas derived from exact URE site coordinates using OpenStreetMap Nominatim.,2026-09-13,28.161308,-15.416908,URE repeater and beacon listings,https://www.ure.es/appure/repetidores/repe144_N.php,repe144_N.php:ED8YAD:145.7750
ED8YAE,,repeater,"[""FM""]",145.625,,-0.6,,,,IL27FW,Santa Lucía de Tirajana,Las Palmas,Canary Islands,,URE Las Palmas,Administrative areas derived from exact URE site coordinates using OpenStreetMap Nominatim.,2026-09-13,27.933261,-15.533338,URE repeater and beacon listings,https://www.ure.es/appure/repetidores/repe144_N.php,repe144_N.php:ED8YAE:145.6250
ED8YAF,,repeater,"[""FM""]",145.675,,-0.6,,,,IL38BM,Puerto del Rosario,Las Palmas,Canary Islands,,URE Fuerteventura,Administrative areas derived from exact URE site coordinates using OpenStreetMap Nominatim.,2026-09-13,28.523003,-13.864746,URE repeater and beacon listings,https://www.ure.es/appure/repetidores/repe144_N.php,repe144_N.php:ED8YAF:145.6750
ED8YAG,,repeater,"[""FM""]",145.75,,-0.6,,,,IL18UM,Santa Cruz de Tenerife,Santa Cruz de Tenerife,Canary Islands,,URE S.C. Tenerife - La Laguna,Administrative areas derived from exact URE site coordinates using OpenStreetMap Nominatim.,2026-09-13,28.516856,-16.285257,URE repeater and beacon listings,https://www.ure.es/appure/repetidores/repe144_N.php,repe144_N.php:ED8YAG:145.7500
ED8YAH,,repeater,"[""FM""]",145.65,,-0.6,,,,IL18CP,Breña Baja,Santa Cruz de Tenerife,Canary Islands,,URE S.C. La Palma,Administrative areas derived from exact URE site coordinates using OpenStreetMap Nominatim.,2026-09-13,28.632332,-17.78193,URE repeater and beacon listings,https://www.ure.es/appure/repetidores/repe144_N.php,repe144_N.php:ED8YAH:145.6500
ED8YAI,,repeater,"[""FM""]",145.725,,-0.6,,,,IL18JC,San Sebastián de la Gomera,Santa Cruz de Tenerife,Canary Islands,,URE La Gomera,Administrative areas derived from exact URE site coordinates using OpenStreetMap Nominatim.,2026-09-13,28.100301,-17.199955,URE repeater and beacon listings,https://www.ure.es/appure/repetidores/repe144_N.php,repe144_N.php:ED8YAI:145.7250
ED9YAA,,repeater,"[""FM""]",145.775,,-0.6,,,,IM85MH,Melilla,,Melilla,,URE Melilla,Administrative areas derived from exact URE site coordinates using OpenStreetMap Nominatim.,2026-09-13,35.314306,-2.956361,URE repeater and beacon listings,https://www.ure.es/appure/repetidores/repe144_N.php,repe144_N.php:ED9YAA:145.7750
ED1YBQ,,repeater,[],29.68,,-0.1,,,,IN70DI,Navacarros,Salamanca,Castile and León,,Sierra de Bejar - La Covatilla Grupo Radiopaquete Salamanca,URE listing does not state an operating mode. Administrative areas derived from exact URE site coordinates using OpenStreetMap Nominatim.,2026-09-13,40.344797,-5.686958,URE repeater and beacon listings,https://www.ure.es/appure/repetidores/repe28_N.php,repe28_N.php:ED1YBQ:29.6800
EC2E,,repeater,"[""FM""]",439.35,,-7.6,,,,IN92FQ,Ibargoiti,Navarra,Navarre,,URE Navarra,Administrative areas derived from exact URE site coordinates using OpenStreetMap Nominatim.,2026-09-13,42.684013,-1.537099,URE repeater and beacon listings,https://www.ure.es/appure/repetidores/repe432_N.php,repe432_N.php:EC2E:439.3500
ED1YAK,,repeater,"[""FM""]",438.725,,-7.6,,,,IN53VL,Ferrol,A Coruña,Galicia,,URE El Ferrol,Administrative areas derived from exact URE site coordinates using OpenStreetMap Nominatim.,2026-09-13,43.478085,-8.205242,URE repeater and beacon listings,https://www.ure.es/appure/repetidores/repe432_N.php,repe432_N.php:ED1YAK:438.7250
ED1YAN,,repeater,"[""FM""]",438.775,,-7.6,88.5,,,IN71QX,Villamuriel de Cerrato,Palencia,Castile and León,,Asociación Palentina de Radioaficionados,Administrative areas derived from exact URE site coordinates using OpenStreetMap Nominatim.,2026-09-13,41.940083,-4.529114,URE repeater and beacon listings,https://www.ure.es/appure/repetidores/repe432_N.php,repe432_N.php:ED1YAN:438.7750
ED1YAP,,repeater,"[""FM""]",438.775,,-7.6,,,,IN62BO,Chantada,Lugo,Galicia,,R.C. Lugo,Administrative areas derived from exact URE site coordinates using OpenStreetMap Nominatim.,2026-09-13,42.600166,-7.866726,URE repeater and beacon listings,https://www.ure.es/appure/repetidores/repe432_N.php,repe432_N.php:ED1YAP:438.7750
ED1YAT,,repeater,"[""FM""]",438.65,,-7.6,,,,IN83AJ,Liérganes,Cantabria,Cantabria,,R.C. Radioaficionados Montañeses,Administrative areas derived from exact URE site coordinates using OpenStreetMap Nominatim.,2026-09-13,43.348152,-3.78273,URE repeater and beacon listings,https://www.ure.es/appure/repetidores/repe432_N.php,repe432_N.php:ED1YAT:438.6500
ED1YAU,,repeater,"[""FM""]",438.85,,-7.6,,,,IN73TA,Hermandad de Campoo de Suso,Cantabria,Cantabria,,R.C. Radioaficionados Montañeses,Administrative areas derived from exact URE site coordinates using OpenStreetMap Nominatim.,2026-09-13,43.010891,-4.379897,URE repeater and beacon listings,https://www.ure.es/appure/repetidores/repe432_N.php,repe432_N.php:ED1YAU:438.8500
ED1YAV,,repeater,"[""FM""]",438.7,,-7.6,,,,IN70EX,Salamanca,Salamanca,Castile and León,,Grupo Radiopaquete Salamanca,Administrative areas derived from exact URE site coordinates using OpenStreetMap Nominatim.,2026-09-13,40.976944,-5.656389,URE repeater and beacon listings,https://www.ure.es/appure/repetidores/repe432_N.php,repe432_N.php:ED1YAV:438.7000
ED1YAX,,repeater,"[""FM""]",438.9,,,77.0,,,IN63AK,As Pontes de García Rodríguez,A Coruña,Galicia,,RC Fene,Administrative areas derived from exact URE site coordinates using OpenStreetMap Nominatim.,2026-09-13,43.423611,-7.994167,URE repeater and beacon listings,https://www.ure.es/appure/repetidores/repe432_N.php,repe432_N.php:ED1YAX:438.9000
ED1YAY,,repeater,"[""FM""]",438.8,,-7.6,,,,IN53XH,Monfero,A Coruña,Galicia,,URE A Coruña,Administrative areas derived from exact URE site coordinates using OpenStreetMap Nominatim.,2026-09-13,43.299946,-8.033302,URE repeater and beacon listings,https://www.ure.es/appure/repetidores/repe432_N.php,repe432_N.php:ED1YAY:438.8000
ED1YAZ,,repeater,"[""FM-N""]",439.225,,-7.6,88.5,,,IN72EU,La Pola de Gordón,León,Castile and León,,URE León,Administrative areas derived from exact URE site coordinates using OpenStreetMap Nominatim.,2026-09-13,42.838056,-5.589167,URE repeater and beacon listings,https://www.ure.es/appure/repetidores/repe432_N.php,repe432_N.php:ED1YAZ:439.2250
ED1YBA,,repeater,"[""FM""]",438.85,,-7.6,71.9,,,IN70PP,Ávila,Ávila,Castile and León,,Club de Radioaficionados Abulenses,Administrative areas derived from exact URE site coordinates using OpenStreetMap Nominatim.,2026-09-13,40.633366,-4.700003,URE repeater and beacon listings,https://www.ure.es/appure/repetidores/repe432_N.php,repe432_N.php:ED1YBA:438.8500
ED1YBD,,repeater,"[""FM""]",438.975,,-7.6,100.0,,,IN63SD,Cangas del Narcea,Asturias,Asturias,,(Alto Acebo 1.174 m.) - URE Narcea,Administrative areas derived from exact URE site coordinates using OpenStreetMap Nominatim.,2026-09-13,43.133333,-6.45,URE repeater and beacon listings,https://www.ure.es/appure/repetidores/repe432_N.php,repe432_N.php:ED1YBD:438.9750
ED1YBE,,repeater,"[""FM""]",439.125,,-7.6,88.5,,,IN63QL,Villayón,Asturias,Asturias,,URE Asturias,Administrative areas derived from exact URE site coordinates using OpenStreetMap Nominatim.,2026-09-13,43.485,-6.644833,URE repeater and beacon listings,https://www.ure.es/appure/repetidores/repe432_N.php,repe432_N.php:ED1YBE:439.1250
ED1YBF,,repeater,"[""FM""]",439.075,,-7.6,,,,IN73EK,Siero,Asturias,Asturias,,URE Asturias,Administrative areas derived from exact URE site coordinates using OpenStreetMap Nominatim.,2026-09-13,43.433102,-5.616632,URE repeater and beacon listings,https://www.ure.es/appure/repetidores/repe432_N.php,repe432_N.php:ED1YBF:439.0750
ED1YBL-R,,repeater,"[""FM""]",438.75,,-7.6,77.0,,,IN62EI,Parada de Sil,Ourense,Galicia,,URE Ourense,URE lists Echolink access. Administrative areas derived from exact URE site coordinates using OpenStreetMap Nominatim.,2026-09-13,42.349444,-7.609722,URE repeater and beacon listings,https://www.ure.es/appure/repetidores/repe432_N.php,repe432_N.php:ED1YBL-R:438.7500
ED1YBM,,repeater,"[""FM""]",439.3,,-7.6,71.9,,,IN81UW,Oncala,Soria,Castile and León,on-air,URE Soria,Administrative areas derived from exact URE site coordinates using OpenStreetMap Nominatim. DMR metadata from RadioID withheld pending mode-conflict review.,2026-09-13,41.950333,-2.296667,URE repeater and beacon listings,https://www.ure.es/appure/repetidores/repe432_N.php,repe432_N.php:ED1YBM:439.3000
ED1YBO,,repeater,"[""FM""]",439.175,,-7.6,,,,IN62RJ,Castrillo de Cabrera,León,Castile and León,,URE El Bierzo,Administrative areas derived from exact URE site coordinates using OpenStreetMap Nominatim.,2026-09-13,42.380264,-6.535149,URE repeater and beacon listings,https://www.ure.es/appure/repetidores/repe432_N.php,repe432_N.php:ED1YBO:439.1750
ED1YBP,,repeater,"[""FM""]",439.0,,-7.6,77.0,,,IN52PO,Caldas de Reis,Pontevedra,Galicia,,RC Fene,Administrative areas derived from exact URE site coordinates using OpenStreetMap Nominatim.,2026-09-13,42.616667,-8.683333,URE repeater and beacon listings,https://www.ure.es/appure/repetidores/repe432_N.php,repe432_N.php:ED1YBP:439.0000
ED1YBS,,repeater,"[""FM""]",438.875,,-7.6,88.5,,,IN52QJ,Ponte Caldelas,Pontevedra,Galicia,,URE Rías Baixas,Administrative areas derived from exact URE site coordinates using OpenStreetMap Nominatim.,2026-09-13,42.395,-8.591667,URE repeater and beacon listings,https://www.ure.es/appure/repetidores/repe432_N.php,repe432_N.php:ED1YBS:438.8750
ED1YBV,,repeater,"[""FM""]",439.05,,-7.6,67.0,,,IN71PP,Valladolid,Valladolid,Castile and León,,URE Valladolid,Administrative areas derived from exact URE site coordinates using OpenStreetMap Nominatim.,2026-09-13,41.654251,-4.717019,URE repeater and beacon listings,https://www.ure.es/appure/repetidores/repe432_N.php,repe432_N.php:ED1YBV:439.0500
ED1YCD,,repeater,"[""FM""]",439.4,,-7.6,,,,IN82MQ,Miranda de Ebro,Burgos,Castile and León,,URE Miranda de Ebro,Administrative areas derived from exact URE site coordinates using OpenStreetMap Nominatim.,2026-09-13,42.668167,-2.942333,URE repeater and beacon listings,https://www.ure.es/appure/repetidores/repe432_N.php,repe432_N.php:ED1YCD:439.4000
ED1YCF,,repeater,"[""FM""]",439.025,,-7.6,,,,IN73OJ,Llanes,Asturias,Asturias,,CT URE Asturias,Administrative areas derived from exact URE site coordinates using OpenStreetMap Nominatim.,2026-09-13,43.394578,-4.82755,URE repeater and beacon listings,https://www.ure.es/appure/repetidores/repe432_N.php,repe432_N.php:ED1YCF:439.0250
ED1ZAB,,repeater,"[""D-Star"", ""FM""]",438.3,,-7.6,,,,IN70DW,Salamanca,Salamanca,Castile and León,,URE Salamanca,Administrative areas derived from exact URE site coordinates using OpenStreetMap Nominatim.,2026-09-13,40.949969,-5.668244,URE repeater and beacon listings,https://www.ure.es/appure/repetidores/repe432_N.php,repe432_N.php:ED1ZAB:438.3000
ED1ZAJ,,repeater,"[""D-Star"", ""FM""]",438.325,,-7.6,,,,IN61GV,Oímbra,Ourense,Galicia,,Comunicaciones Digitales de Galicia,Administrative areas derived from exact URE site coordinates using OpenStreetMap Nominatim.,2026-09-13,41.904,-7.462833,URE repeater and beacon listings,https://www.ure.es/appure/repetidores/repe432_N.php,repe432_N.php:ED1ZAJ:438.3250
ED1ZAK,,repeater,"[""FM""]",438.65,,-7.6,131.8,,,IN82EH,Burgos,Burgos,Castile and León,on-air,Burgos HAM Radio,Administrative areas derived from exact URE site coordinates using OpenStreetMap Nominatim. DMR metadata from RadioID withheld pending mode-conflict review.,2026-09-13,42.316389,-3.66,URE repeater and beacon listings,https://www.ure.es/appure/repetidores/repe432_N.php,repe432_N.php:ED1ZAK:438.6500
ED1ZAT,,repeater,"[""D-Star"", ""FM""]",438.325,,-7.6,,,,IN52TQ,A Estrada,Pontevedra,Galicia,,Radio Club Estrada - EA1RKE,Administrative areas derived from exact URE site coordinates using OpenStreetMap Nominatim.,2026-09-13,42.701667,-8.356667,URE repeater and beacon listings,https://www.ure.es/appure/repetidores/repe432_N.php,repe432_N.php:ED1ZAT:438.3250
ED1ZAV,,repeater,"[""C4FM""]",438.625,,-7.6,,,,IN73CH,Oviedo,Asturias,Asturias,,CTCA URE Asturias,Administrative areas derived from exact URE site coordinates using OpenStreetMap Nominatim.,2026-09-13,43.354143,-5.784302,URE repeater and beacon listings,https://www.ure.es/appure/repetidores/repe432_N.php,repe432_N.php:ED1ZAV:438.6250
ED1ZAW,,repeater,"[""DMR""]",438.4,,-7.6,,1,BrandMeister,IN72JU,Sabero,León,Castile and León,on-air,URE León,"Administrative areas derived from exact URE site coordinates using OpenStreetMap Nominatim. DMR metadata enriched from RadioID: color_code=1, network=BrandMeister; RadioID identity_id 17582; principal source remains URE. Status on-air from RadioID.",2026-09-13,42.853278,-5.19399,URE repeater and beacon listings,https://www.ure.es/appure/repetidores/repe432_N.php,repe432_N.php:ED1ZAW:438.4000
ED1ZAX,,repeater,"[""DMR""]",438.525,,-7.6,,1,BrandMeister,IN52PO,Oviedo,Asturias,Asturias,on-air,Radio Club Fene (EA1RKF),"Administrative areas derived from exact URE site coordinates using OpenStreetMap Nominatim. DMR metadata enriched from RadioID: color_code=1, network=BrandMeister; RadioID identity_id 684; principal source remains URE. Status on-air from RadioID.",2026-09-13,43.354143,-5.784302,URE repeater and beacon listings,https://www.ure.es/appure/repetidores/repe432_N.php,repe432_N.php:ED1ZAX:438.5250
ED1ZBG,,repeater,"[""DMR""]",438.55,,-7.6,,1,BrandMeister,IN62EI,Montederramo,Ourense,Galicia,on-air,URE Ourense,"Administrative areas derived from exact URE site coordinates using OpenStreetMap Nominatim. DMR metadata enriched from RadioID: color_code=1, network=BrandMeister; RadioID identity_id 687; principal source remains URE. Status on-air from RadioID.",2026-09-13,42.349167,-7.610278,URE repeater and beacon listings,https://www.ure.es/appure/repetidores/repe432_N.php,repe432_N.php:ED1ZBG:438.5500
ED1ZBH,,repeater,"[""DMR""]",438.575,,-7.6,,1,BrandMeister,IN62IG,Manzaneda,Ourense,Galicia,on-air,URE Ourense,"Administrative areas derived from exact URE site coordinates using OpenStreetMap Nominatim. DMR metadata enriched from RadioID: color_code=1, network=BrandMeister; RadioID identity_id 682; principal source remains URE. Status on-air from RadioID.",2026-09-13,42.258056,-7.301111,URE repeater and beacon listings,https://www.ure.es/appure/repetidores/repe432_N.php,repe432_N.php:ED1ZBH:438.5750
ED1ZBI,,repeater,"[""DMR""]",438.5,,-7.6,,1,BrandMeister,IN62CI,Ourense,Ourense,Galicia,on-air,URE Ourense,"Administrative areas derived from exact URE site coordinates using OpenStreetMap Nominatim. DMR metadata enriched from RadioID: color_code=1, network=BrandMeister; RadioID identity_id 681; principal source remains URE. Status on-air from RadioID.",2026-09-13,42.357778,-7.829167,URE repeater and beacon listings,https://www.ure.es/appure/repetidores/repe432_N.php,repe432_N.php:ED1ZBI:438.5000
ED1ZBI_B,,repeater,"[""D-Star""]",438.25,,-7.6,,,,IN62CI,Ourense,Ourense,Galicia,,URE Ourense,Administrative areas derived from exact URE site coordinates using OpenStreetMap Nominatim.,2026-09-13,42.358056,-7.829722,URE repeater and beacon listings,https://www.ure.es/appure/repetidores/repe432_N.php,repe432_N.php:ED1ZBI_B:438.2500
ED1ZBJ,,repeater,"[""DMR""]",438.225,,-7.6,,1,BrandMeister,IN72FN,Valdefresno,León,Castile and León,on-air,URE León,"Administrative areas derived from exact URE site coordinates using OpenStreetMap Nominatim. DMR metadata enriched from RadioID: color_code=1, network=BrandMeister; RadioID identity_id 654; principal source remains URE. Status on-air from RadioID.",2026-09-13,42.581189,-5.534456,URE repeater and beacon listings,https://www.ure.es/appure/repetidores/repe432_N.php,repe432_N.php:ED1ZBJ:438.2250
ED2YAB,,repeater,"[""FM""]",438.7,,-7.6,,,,IN83ND,Zeberio,Bizkaia,Basque Country,,R.C. Unzueta de Laudio,Administrative areas derived from exact URE site coordinates using OpenStreetMap Nominatim.,2026-09-13,43.133373,-2.866659,URE repeater and beacon listings,https://www.ure.es/appure/repetidores/repe432_N.php,repe432_N.php:ED2YAB:438.7000
ED2YAE,,repeater,"[""FM""]",439.0,,-7.6,77.0,,,IN83RF,Mallabia,Bizkaia,Basque Country,,URE Vizcaya,Administrative areas derived from exact URE site coordinates using OpenStreetMap Nominatim.,2026-09-13,43.22097,-2.530117,URE repeater and beacon listings,https://www.ure.es/appure/repetidores/repe432_N.php,repe432_N.php:ED2YAE:439.0000
ED2YAG,,repeater,"[""FM""]",438.925,,-7.6,,,,IN93BH,Donostia / San Sebastián,Gipuzkoa,Basque Country,,URE San Sebastián,Administrative areas derived from exact URE site coordinates using OpenStreetMap Nominatim.,2026-09-13,43.3055,-1.991667,URE repeater and beacon listings,https://www.ure.es/appure/repetidores/repe432_N.php,repe432_N.php:ED2YAG:438.9250
ED2YAH,,repeater,"[""FM""]",438.7,,-7.6,,,,IN91SR,Lanaja,Huesca,Aragon,,URE Zaragoza,Administrative areas derived from exact URE site coordinates using OpenStreetMap Nominatim.,2026-09-13,41.715115,-0.448594,URE repeater and beacon listings,https://www.ure.es/appure/repetidores/repe432_N.php,repe432_N.php:ED2YAH:438.7000
ED2YAJ,,repeater,"[""FM""]",438.65,,-7.6,,,,IN91NP,Zaragoza,Zaragoza,Aragon,,URE Zaragoza,Administrative areas derived from exact URE site coordinates using OpenStreetMap Nominatim.,2026-09-13,41.633423,-0.866654,URE repeater and beacon listings,https://www.ure.es/appure/repetidores/repe432_N.php,repe432_N.php:ED2YAJ:438.6500
ED2YAL,,repeater,"[""FM""]",439.325,,-7.6,71.9,,,IN90LC,La Puebla de Valverde,Teruel,Aragon,,"Subtono 71,9 Hz URE Teruel",Administrative areas derived from exact URE site coordinates using OpenStreetMap Nominatim.,2026-09-13,40.098056,-1.023611,URE repeater and beacon listings,https://www.ure.es/appure/repetidores/repe432_N.php,repe432_N.php:ED2YAL:439.3250
ED2YAN,,repeater,"[""D-Star"", ""FM""]",438.2,,-7.6,,,,IN83PI,Busturia,Bizkaia,Basque Country,,As. Euskobite Elkarte,Administrative areas derived from exact URE site coordinates using OpenStreetMap Nominatim.,2026-09-13,43.35,-2.7,URE repeater and beacon listings,https://www.ure.es/appure/repetidores/repe432_N.php,repe432_N.php:ED2YAN:438.2000
ED2YAO,,repeater,"[""FM""]",438.95,,-7.6,,,,IN83MF,Alonsotegi,Bizkaia,Basque Country,,As. Euskobyte Elkarte,Administrative areas derived from exact URE site coordinates using OpenStreetMap Nominatim.,2026-09-13,43.225278,-2.9575,URE repeater and beacon listings,https://www.ure.es/appure/repetidores/repe432_N.php,repe432_N.php:ED2YAO:438.9500
ED2YAP,,repeater,"[""D-Star"", ""FM""]",438.675,,-7.6,,,,IN82QU,Vitoria-Gasteiz,Álava,Basque Country,,RC Foronda,Administrative areas derived from exact URE site coordinates using OpenStreetMap Nominatim.,2026-09-13,42.794667,-2.731167,URE repeater and beacon listings,https://www.ure.es/appure/repetidores/repe432_N.php,repe432_N.php:ED2YAP:438.6750
ED2YAX,,repeater,"[""FM""]",439.0,,-7.6,123.0,,,JN01EM,Fraga,Huesca,Aragon,,RadioClub Fragatí,Administrative areas derived from exact URE site coordinates using OpenStreetMap Nominatim.,2026-09-13,41.520619,0.350035,URE repeater and beacon listings,https://www.ure.es/appure/repetidores/repe432_N.php,repe432_N.php:ED2YAX:439.0000
ED2ZAA,,repeater,"[""D-Star""]",438.35,,-7.6,,,,IN91NP,Zaragoza,Zaragoza,Aragon,,URE Zaragoza,Administrative areas derived from exact URE site coordinates using OpenStreetMap Nominatim.,2026-09-13,41.633408,-0.866439,URE repeater and beacon listings,https://www.ure.es/appure/repetidores/repe432_N.php,repe432_N.php:ED2ZAA:438.3500
ED3YAB,,repeater,"[""FM""]",439.425,,-7.6,88.5,,,JN01VO,Marganell,Barcelona,Catalonia,,AMIRED,Administrative areas derived from exact URE site coordinates using OpenStreetMap Nominatim.,2026-09-13,41.609444,1.820278,URE repeater and beacon listings,https://www.ure.es/appure/repetidores/repe432_N.php,repe432_N.php:ED3YAB:439.4250
ED3YAC,,repeater,"[""FM""]",438.8,,-7.6,110.9,,,JN11AQ,Sant Llorenç Savall,Barcelona,Catalonia,on-air,R.C. Castellar,Administrative areas derived from exact URE site coordinates using OpenStreetMap Nominatim. DMR metadata from RadioID withheld pending mode-conflict review.,2026-09-13,41.682945,2.038693,URE repeater and beacon listings,https://www.ure.es/appure/repetidores/repe432_N.php,repe432_N.php:ED3YAC:438.8000
ED3YAD,,repeater,"[""FM""]",438.975,,-7.6,,,,JN11BN,Sabadell,Barcelona,Catalonia,on-air,Radio Club Sabadell,Administrative areas derived from exact URE site coordinates using OpenStreetMap Nominatim. DMR metadata from RadioID withheld pending mode-conflict review.,2026-09-13,41.549957,2.116756,URE repeater and beacon listings,https://www.ure.es/appure/repetidores/repe432_N.php,repe432_N.php:ED3YAD:438.9750
ED3YAE,,repeater,"[""FM""]",438.675,,-7.6,,,,JN01SU,Pinós,Lleida,Catalonia,,Asociación de Radioaficionados Solsonés,Administrative areas derived from exact URE site coordinates using OpenStreetMap Nominatim.,2026-09-13,41.847729,1.53564,URE repeater and beacon listings,https://www.ure.es/appure/repetidores/repe432_N.php,repe432_N.php:ED3YAE:438.6750
ED3YAH,,repeater,"[""FM""]",439.275,,-7.6,88.5,,,JN00ET,Roquetes,Tarragona,Catalonia,,AMIRED,Administrative areas derived from exact URE site coordinates using OpenStreetMap Nominatim.,2026-09-13,40.803611,0.343889,URE repeater and beacon listings,https://www.ure.es/appure/repetidores/repe432_N.php,repe432_N.php:ED3YAH:439.2750
ED3YAI,,repeater,"[""FM""]",439.375,,-7.6,88.5,,,JN02WH,Das,Girona,Catalonia,on-air,AMIRED,Administrative areas derived from exact URE site coordinates using OpenStreetMap Nominatim. DMR metadata from RadioID withheld pending mode-conflict review.,2026-09-13,42.321111,1.892778,URE repeater and beacon listings,https://www.ure.es/appure/repetidores/repe432_N.php,repe432_N.php:ED3YAI:439.3750
ED3YAM,,repeater,"[""FM""]",438.775,,-7.6,88.5,,,JN11EW,Tavèrnoles,Barcelona,Catalonia,,URE Osona,Administrative areas derived from exact URE site coordinates using OpenStreetMap Nominatim.,2026-09-13,41.936573,2.369528,URE repeater and beacon listings,https://www.ure.es/appure/repetidores/repe432_N.php,repe432_N.php:ED3YAM:438.7750
ED3YAN,,repeater,"[""FM""]",439.125,,-7.6,114.8,,,JN11BJ,Barcelona,Barcelona,Catalonia,,URE Barcelona,Administrative areas derived from exact URE site coordinates using OpenStreetMap Nominatim.,2026-09-13,41.383377,2.116714,URE repeater and beacon listings,https://www.ure.es/appure/repetidores/repe432_N.php,repe432_N.php:ED3YAN:439.1250
ED3YAO,,repeater,"[""FM""]",438.875,,-7.6,123.0,,,JN11BI,l'Hospitalet de Llobregat,Barcelona,Catalonia,,R.C. Quijotes Internacionales,Administrative areas derived from exact URE site coordinates using OpenStreetMap Nominatim.,2026-09-13,41.350044,2.116756,URE repeater and beacon listings,https://www.ure.es/appure/repetidores/repe432_N.php,repe432_N.php:ED3YAO:438.8750
ED3YAP,,repeater,"[""FM""]",438.9,,-7.6,107.2,,,JN12LG,l'Hospitalet de Llobregat,Barcelona,Catalonia,,Sección URE Alt Empordá,Administrative areas derived from exact URE site coordinates using OpenStreetMap Nominatim.,2026-09-13,41.350044,2.116756,URE repeater and beacon listings,https://www.ure.es/appure/repetidores/repe432_N.php,repe432_N.php:ED3YAP:438.9000
ED3YAS,,repeater,"[""FM""]",438.95,,-7.6,,,,JN11JP,Malgrat de Mar,Barcelona,Catalonia,,URE La Selva,Administrative areas derived from exact URE site coordinates using OpenStreetMap Nominatim.,2026-09-13,41.652905,2.726326,URE repeater and beacon listings,https://www.ure.es/appure/repetidores/repe432_N.php,repe432_N.php:ED3YAS:438.9500
ED3YAT,,repeater,"[""FM""]",438.925,,-7.6,79.7,,,JN11CK,Badalona,Barcelona,Catalonia,,URE Badalona,Administrative areas derived from exact URE site coordinates using OpenStreetMap Nominatim.,2026-09-13,41.452778,2.249722,URE repeater and beacon listings,https://www.ure.es/appure/repetidores/repe432_N.php,repe432_N.php:ED3YAT:438.9250
ED3YAV,,repeater,"[""FM""]",438.75,,-7.6,,,,JN02JA,Àger,Lleida,Catalonia,on-air,R.C. Lleida,Administrative areas derived from exact URE site coordinates using OpenStreetMap Nominatim. DMR metadata from RadioID withheld pending mode-conflict review.,2026-09-13,42.041134,0.781403,URE repeater and beacon listings,https://www.ure.es/appure/repetidores/repe432_N.php,repe432_N.php:ED3YAV:438.7500
ED3YBC,,repeater,"[""FM""]",438.7,,-7.6,,,,JN11MU,Calonge i Sant Antoni,Girona,Catalonia,on-air,URE Baix Empordá,Administrative areas derived from exact URE site coordinates using OpenStreetMap Nominatim. DMR metadata from RadioID withheld pending mode-conflict review.,2026-09-13,41.848816,3.033128,URE repeater and beacon listings,https://www.ure.es/appure/repetidores/repe432_N.php,repe432_N.php:ED3YBC:438.7000
ED3YBH,,repeater,"[""FM""]",438.725,,-7.6,77.0,,,JN02VC,Berga,Barcelona,Catalonia,,Associació de Radioaficionats Club La Baells,Administrative areas derived from exact URE site coordinates using OpenStreetMap Nominatim.,2026-09-13,42.107778,1.8275,URE repeater and beacon listings,https://www.ure.es/appure/repetidores/repe432_N.php,repe432_N.php:ED3YBH:438.7250
ED4YAA,,repeater,"[""FM""]",438.7,,-7.6,77.0,,,IM89EF,Villarrubia de los Ojos,Ciudad Real,Castile-La Mancha,,Subtono 77.0 Hz URE Ciudad Real,Administrative areas derived from exact URE site coordinates using OpenStreetMap Nominatim.,2026-09-13,39.222222,-3.630556,URE repeater and beacon listings,https://www.ure.es/appure/repetidores/repe432_N.php,repe432_N.php:ED4YAA:438.7000
ED4YAB,,repeater,"[""FM""]",438.65,,-7.6,,,,IN80CH,Leganés,,Community of Madrid,,URE Leganés,Administrative areas derived from exact URE site coordinates using OpenStreetMap Nominatim.,2026-09-13,40.320393,-3.769066,URE repeater and beacon listings,https://www.ure.es/appure/repetidores/repe432_N.php,repe432_N.php:ED4YAB:438.6500
ED4YAF,,repeater,"[""FM""]",439.025,,-7.6,,,,IN90CE,Valdemoro-Sierra,Cuenca,Castile-La Mancha,,URE Cuenca,Administrative areas derived from exact URE site coordinates using OpenStreetMap Nominatim.,2026-09-13,40.183365,-1.783347,URE repeater and beacon listings,https://www.ure.es/appure/repetidores/repe432_N.php,repe432_N.php:ED4YAF:439.0250
ED4YAI,,repeater,"[""FM""]",439.3,,-7.6,,,,IN79VA,Piedrabuena,Ciudad Real,Castile-La Mancha,,URE Ciudad Real,Administrative areas derived from exact URE site coordinates using OpenStreetMap Nominatim.,2026-09-13,39.020278,-4.158889,URE repeater and beacon listings,https://www.ure.es/appure/repetidores/repe432_N.php,repe432_N.php:ED4YAI:439.3000
ED4YAJ,,repeater,"[""FM""]",439.0,,-7.6,67.0,,,IN80HK,Torres de la Alameda,,Community of Madrid,,Sección URE Jarama,Administrative areas derived from exact URE site coordinates using OpenStreetMap Nominatim.,2026-09-13,40.456389,-3.4025,URE repeater and beacon listings,https://www.ure.es/appure/repetidores/repe432_N.php,repe432_N.php:ED4YAJ:439.0000
ED4YAK,,repeater,"[""FM""]",439.2,,-7.6,82.5,,,IN80FK,Coslada,,Community of Madrid,,Radio Club Henares,Administrative areas derived from exact URE site coordinates using OpenStreetMap Nominatim.,2026-09-13,40.418079,-3.55335,URE repeater and beacon listings,https://www.ure.es/appure/repetidores/repe432_N.php,repe432_N.php:ED4YAK:439.2000
ED4YAN,,repeater,[],438.95,,-7.6,100.0,,,IN80AS,Manzanares el Real,,Community of Madrid,,URE Sección Local de Madrid,URE listing does not state an operating mode. Administrative areas derived from exact URE site coordinates using OpenStreetMap Nominatim.,2026-09-13,40.784682,-3.979473,URE repeater and beacon listings,https://www.ure.es/appure/repetidores/repe432_N.php,repe432_N.php:ED4YAN:438.9500
ED4YAQ,,repeater,"[""FM""]",439.2,,-7.6,88.5,,,IM69WF,Montánchez,Cáceres,Extremadura,,RC Francisco de Orellana,Administrative areas derived from exact URE site coordinates using OpenStreetMap Nominatim.,2026-09-13,39.217861,-6.125006,URE repeater and beacon listings,https://www.ure.es/appure/repetidores/repe432_N.php,repe432_N.php:ED4YAQ:439.2000
ED4YAR,,repeater,"[""FM""]",439.3,,-7.6,88.5,,,IM79GA,Orellana de la Sierra,Badajoz,Extremadura,,RC Francisco de Orellana,Administrative areas derived from exact URE site coordinates using OpenStreetMap Nominatim.,2026-09-13,39.036,-5.491167,URE repeater and beacon listings,https://www.ure.es/appure/repetidores/repe432_N.php,repe432_N.php:ED4YAR:439.3000
ED4YAU,,repeater,"[""FM""]",439.425,,-7.6,,,,IN80WC,Cuenca,Cuenca,Castile-La Mancha,,URE Cuenca,Administrative areas derived from exact URE site coordinates using OpenStreetMap Nominatim.,2026-09-13,40.08709,-2.120954,URE repeater and beacon listings,https://www.ure.es/appure/repetidores/repe432_N.php,repe432_N.php:ED4YAU:439.4250
ED4YAV,,repeater,"[""FM""]",438.75,,-7.6,67.0,,,IN70PD,Navamorcuende,Toledo,Castile-La Mancha,,URE Talavera de la Reina,Administrative areas derived from exact URE site coordinates using OpenStreetMap Nominatim.,2026-09-13,40.151811,-4.740955,URE repeater and beacon listings,https://www.ure.es/appure/repetidores/repe432_N.php,repe432_N.php:ED4YAV:438.7500
ED4YAW,,repeater,"[""FM""]",438.9,,-7.6,,,,IN70WR,El Espinar,Segovia,Castile and León,,URE Sierra de Guadarrama,Administrative areas derived from exact URE site coordinates using OpenStreetMap Nominatim.,2026-09-13,40.710224,-4.140928,URE repeater and beacon listings,https://www.ure.es/appure/repetidores/repe432_N.php,repe432_N.php:ED4YAW:438.9000
ED4YAY,,repeater,"[""FM""]",438.725,,-7.6,,,,IM79XU,Toledo,Toledo,Castile-La Mancha,,URE Toledo,Administrative areas derived from exact URE site coordinates using OpenStreetMap Nominatim.,2026-09-13,39.842787,-4.050274,URE repeater and beacon listings,https://www.ure.es/appure/repetidores/repe432_N.php,repe432_N.php:ED4YAY:438.7250
ED4ZAA,,repeater,"[""DMR"", ""FM""]",438.475,,-7.6,,1,BrandMeister,IN80EV,Lozoyuela-Navas-Sieteiglesias,,Community of Madrid,on-air,URE Alcorcón,"Administrative areas derived from exact URE site coordinates using OpenStreetMap Nominatim. DMR metadata enriched from RadioID: color_code=1, network=BrandMeister; RadioID identity_id 768; principal source remains URE. Status on-air from RadioID.",2026-09-13,40.888333,-3.605278,URE repeater and beacon listings,https://www.ure.es/appure/repetidores/repe432_N.php,repe432_N.php:ED4ZAA:438.4750
ED4ZAB,,repeater,"[""DMR"", ""FM""]",438.325,,-7.6,,1,BrandMeister,IM79DR,Casas de Miravete,Cáceres,Extremadura,on-air,URE Alcorcón,"Administrative areas derived from exact URE site coordinates using OpenStreetMap Nominatim. DMR metadata enriched from RadioID: color_code=1, network=BrandMeister; RadioID identity_id 764; principal source remains URE. Status on-air from RadioID.",2026-09-13,39.7225,-5.756667,URE repeater and beacon listings,https://www.ure.es/appure/repetidores/repe432_N.php,repe432_N.php:ED4ZAB:438.3250
ED4ZAD,,repeater,"[""D-Star"", ""FM""]",438.375,,-7.6,,,,IN80WC,Cuenca,Cuenca,Castile-La Mancha,,URE Cuenca,Administrative areas derived from exact URE site coordinates using OpenStreetMap Nominatim.,2026-09-13,40.0825,-2.142333,URE repeater and beacon listings,https://www.ure.es/appure/repetidores/repe432_N.php,repe432_N.php:ED4ZAD:438.3750
ED4ZAG,,repeater,"[""DMR""]",438.3,,-0.0076,,1,BrandMeister,IN80DH,Madrid,,Community of Madrid,on-air,URE Alcorcón,"Administrative areas derived from exact URE site coordinates using OpenStreetMap Nominatim. DMR metadata enriched from RadioID: color_code=1, network=BrandMeister; RadioID identity_id 659; principal source remains URE. Status on-air from RadioID.",2026-09-13,40.332778,-3.705,URE repeater and beacon listings,https://www.ure.es/appure/repetidores/repe432_N.php,repe432_N.php:ED4ZAG:438.3000
ED4ZAH,,repeater,"[""D-Star""]",438.35,,-0.0076,,,,IN70WR,Guadarrama,,Community of Madrid,,URE Sierra de Guadarrama,Administrative areas derived from exact URE site coordinates using OpenStreetMap Nominatim.,2026-09-13,40.683333,-4.116667,URE repeater and beacon listings,https://www.ure.es/appure/repetidores/repe432_N.php,repe432_N.php:ED4ZAH:438.3500
ED4ZAH,,repeater,"[""DMR""]",438.325,,-0.0076,,1,DMR-plus,IN70WR,Guadarrama,,Community of Madrid,on-air,URE Sierra de Guadarrama,"Administrative areas derived from exact URE site coordinates using OpenStreetMap Nominatim. DMR metadata enriched from RadioID: color_code=1, network=DMR-plus; RadioID identity_id 765; principal source remains URE. Status on-air from RadioID.",2026-09-13,40.683333,-4.116667,URE repeater and beacon listings,https://www.ure.es/appure/repetidores/repe432_N.php,repe432_N.php:ED4ZAH:438.3250
ED4ZAH,,repeater,"[""C4FM""]",438.375,,-0.0076,,,,IN70WR,Guadarrama,,Community of Madrid,,URE Sierra de Guadarrama,Administrative areas derived from exact URE site coordinates using OpenStreetMap Nominatim.,2026-09-13,40.683333,-4.116667,URE repeater and beacon listings,https://www.ure.es/appure/repetidores/repe432_N.php,repe432_N.php:ED4ZAH:438.3750
ED4ZAL,,repeater,"[""DMR""]",438.475,,-0.0076,,,,IM68SU,Arroyo de San Serván,Badajoz,Extremadura,,URE Mérida,URE text names the BrandMeister network. Administrative areas derived from exact URE site coordinates using OpenStreetMap Nominatim.,2026-09-13,38.862222,-6.4275,URE repeater and beacon listings,https://www.ure.es/appure/repetidores/repe432_N.php,repe432_N.php:ED4ZAL:438.4750
ED5YAA,,repeater,"[""FM""]",439.1,,-7.6,,,,IM88TP,Peñascosa,Albacete,Castile-La Mancha,,Unión de Radioaficionados de Albacete,Administrative areas derived from exact URE site coordinates using OpenStreetMap Nominatim.,2026-09-13,38.635647,-2.365494,URE repeater and beacon listings,https://www.ure.es/appure/repetidores/repe432_N.php,repe432_N.php:ED5YAA:439.1000
ED5YAD,,repeater,"[""FM""]",438.8,,-7.6,,,,JM08BU,Dénia,Alicante,Valencian Community,,R.C. Montgó,Administrative areas derived from exact URE site coordinates using OpenStreetMap Nominatim.,2026-09-13,38.838638,0.11055,URE repeater and beacon listings,https://www.ure.es/appure/repetidores/repe432_N.php,repe432_N.php:ED5YAD:438.8000
ED5YAE,,repeater,"[""FM""]",438.725,,-7.6,79.7,,,IM98WR,Xaló,Alicante,Valencian Community,,URE Marina Baixa,Administrative areas derived from exact URE site coordinates using OpenStreetMap Nominatim.,2026-09-13,38.717663,-0.032959,URE repeater and beacon listings,https://www.ure.es/appure/repetidores/repe432_N.php,repe432_N.php:ED5YAE:438.7250
ED5YAF,,repeater,"[""FM""]",439.0,,-7.6,77.0,,,IM98OL,Petrer,Alicante,Valencian Community,,URE Elda,Administrative areas derived from exact URE site coordinates using OpenStreetMap Nominatim.,2026-09-13,38.454262,-0.719175,URE repeater and beacon listings,https://www.ure.es/appure/repetidores/repe432_N.php,repe432_N.php:ED5YAF:439.0000
ED5YAG,,repeater,"[""FM""]",439.4,,-7.6,114.8,,,IM98SI,Alacant / Alicante,Alicante,Valencian Community,,URE Alicante,Administrative areas derived from exact URE site coordinates using OpenStreetMap Nominatim.,2026-09-13,38.347222,-0.494444,URE repeater and beacon listings,https://www.ure.es/appure/repetidores/repe432_N.php,repe432_N.php:ED5YAG:439.4000
ED5YAJ,,repeater,"[""FM""]",439.425,,-7.6,88.5,,,IM99TQ,Serra,València,Valencian Community,,URE Valencia,URE lists Echolink access. Administrative areas derived from exact URE site coordinates using OpenStreetMap Nominatim.,2026-09-13,39.69099,-0.40028,URE repeater and beacon listings,https://www.ure.es/appure/repetidores/repe432_N.php,repe432_N.php:ED5YAJ:439.4250
ED5YAL,,repeater,"[""FM""]",438.65,,-7.6,77.0,,,IM97FU,Totana,Murcia,Region of Murcia,,URE Murcia,Administrative areas derived from exact URE site coordinates using OpenStreetMap Nominatim.,2026-09-13,37.849205,-1.532292,URE repeater and beacon listings,https://www.ure.es/appure/repetidores/repe432_N.php,repe432_N.php:ED5YAL:438.6500
ED5YAM,,repeater,"[""FM""]",439.05,,-7.6,,,,IM98WR,Castell de Castells,Alicante,Valencian Community,,RC Montgó,Administrative areas derived from exact URE site coordinates using OpenStreetMap Nominatim.,2026-09-13,38.736389,-0.149167,URE repeater and beacon listings,https://www.ure.es/appure/repetidores/repe432_N.php,repe432_N.php:ED5YAM:439.0500
ED5YAS,,repeater,"[""FM""]",438.825,,-7.6,71.9,,,JN00BO,Vallibona,Castellón,Valencian Community,,URE Maestrazgo,Administrative areas derived from exact URE site coordinates using OpenStreetMap Nominatim.,2026-09-13,40.600006,0.11673,URE repeater and beacon listings,https://www.ure.es/appure/repetidores/repe432_N.php,repe432_N.php:ED5YAS:438.8250
ED5YAU,,repeater,"[""FM""]",438.7,,-7.6,,,,IN98WM,Benidorm,Alicante,Valencian Community,,URE Benidorm-Marina Baixa,Administrative areas derived from exact URE site coordinates using OpenStreetMap Nominatim.,2026-09-13,38.532154,-0.163765,URE repeater and beacon listings,https://www.ure.es/appure/repetidores/repe432_N.php,repe432_N.php:ED5YAU:438.7000
ED5YAV,,repeater,"[""FM""]",439.075,,-7.6,,,,JM08BT,Dénia,Alicante,Valencian Community,,RC Montgó,Administrative areas derived from exact URE site coordinates using OpenStreetMap Nominatim.,2026-09-13,38.809444,0.150278,URE repeater and beacon listings,https://www.ure.es/appure/repetidores/repe432_N.php,repe432_N.php:ED5YAV:439.0750
ED5YAY,,repeater,"[""FM""]",438.775,,-7.6,77.0,,,IM99NJ,Siete Aguas,València,Valencian Community,,URE Oeste de Valencia,Administrative areas derived from exact URE site coordinates using OpenStreetMap Nominatim.,2026-09-13,39.48341,-0.866547,URE repeater and beacon listings,https://www.ure.es/appure/repetidores/repe432_N.php,repe432_N.php:ED5YAY:438.7750
ED5YBA,,repeater,"[""FM""]",439.15,,-7.6,77.0,,,IM98TK,el Campello,Alicante,Valencian Community,,Radioclub El Campello - EA5RCK,Administrative areas derived from exact URE site coordinates using OpenStreetMap Nominatim.,2026-09-13,38.428914,-0.39822,URE repeater and beacon listings,https://www.ure.es/appure/repetidores/repe432_N.php,repe432_N.php:ED5YBA:439.1500
ED5YBC,,repeater,"[""FM""]",438.875,,-7.6,77.0,,,IM98RJ,Sant Vicent del Raspeig / San Vicente del Raspeig,Alicante,Valencian Community,,URE San Vicente del Raspeig,Administrative areas derived from exact URE site coordinates using OpenStreetMap Nominatim.,2026-09-13,38.397056,-0.527686,URE repeater and beacon listings,https://www.ure.es/appure/repetidores/repe432_N.php,repe432_N.php:ED5YBC:438.8750
ED5ZAB,,repeater,"[""D-Star""]",438.2,,-7.6,,,,IM99TQ,Serra,València,Valencian Community,,URE Valencia,Administrative areas derived from exact URE site coordinates using OpenStreetMap Nominatim.,2026-09-13,39.690998,-0.39754,URE repeater and beacon listings,https://www.ure.es/appure/repetidores/repe432_N.php,repe432_N.php:ED5ZAB:438.2000
ED5ZAB,,repeater,"[""C4FM""]",438.35,,-7.6,,,,IM99TQ,Serra,València,Valencian Community,,URE Valencia,Administrative areas derived from exact URE site coordinates using OpenStreetMap Nominatim.,2026-09-13,39.690998,-0.39754,URE repeater and beacon listings,https://www.ure.es/appure/repetidores/repe432_N.php,repe432_N.php:ED5ZAB:438.3500
ED5ZAB,,repeater,"[""DMR""]",438.425,,-7.6,,1,BrandMeister,IM99TQ,Serra,València,Valencian Community,on-air,URE Valencia,"Administrative areas derived from exact URE site coordinates using OpenStreetMap Nominatim. DMR metadata enriched from RadioID: color_code=1, network=BrandMeister; RadioID identity_id 776; principal source remains URE. Status on-air from RadioID.",2026-09-13,39.690998,-0.39754,URE repeater and beacon listings,https://www.ure.es/appure/repetidores/repe432_N.php,repe432_N.php:ED5ZAB:438.4250
ED5ZAC,,repeater,"[""D-Star"", ""FM""]",438.3,,-7.6,,,,JM08BU,Dénia,Alicante,Valencian Community,,RC Denia,Administrative areas derived from exact URE site coordinates using OpenStreetMap Nominatim.,2026-09-13,38.843056,0.1075,URE repeater and beacon listings,https://www.ure.es/appure/repetidores/repe432_N.php,repe432_N.php:ED5ZAC:438.3000
ED6YAH,,repeater,"[""FM""]",439.2,,-7.6,,,,JM19LM,Algaida,Illes Balears,Balearic Islands,,URE Pla de Mallorca,Administrative areas derived from exact URE site coordinates using OpenStreetMap Nominatim.,2026-09-13,39.527056,2.927506,URE repeater and beacon listings,https://www.ure.es/appure/repetidores/repe432_N.php,repe432_N.php:ED6YAH:439.2000
ED6ZAA,,repeater,"[""D-Star"", ""FM""]",438.25,,-7.6,,,,JM19OK,Felanitx,Illes Balears,Balearic Islands,,URE Pla de Mallorca,Administrative areas derived from exact URE site coordinates using OpenStreetMap Nominatim.,2026-09-13,39.458056,3.190833,URE repeater and beacon listings,https://www.ure.es/appure/repetidores/repe432_N.php,repe432_N.php:ED6ZAA:438.2500
ED6ZAB,,repeater,"[""D-Star"", ""FM""]",438.45,,-7.6,,,,JM19KM,Llucmajor,Illes Balears,Balearic Islands,on-air,URE Pla de Mallorca,Administrative areas derived from exact URE site coordinates using OpenStreetMap Nominatim. DMR metadata from RadioID withheld pending mode-conflict review.,2026-09-13,39.515,2.921667,URE repeater and beacon listings,https://www.ure.es/appure/repetidores/repe432_N.php,repe432_N.php:ED6ZAB:438.4500
ED7YAB,,repeater,"[""FM""]",439.425,,-7.6,77.0,,,IM77OX,Córdoba,Córdoba,Andalusia,,URE Córdoba,Administrative areas derived from exact URE site coordinates using OpenStreetMap Nominatim.,2026-09-13,37.966648,-4.783301,URE repeater and beacon listings,https://www.ure.es/appure/repetidores/repe432_N.php,repe432_N.php:ED7YAB:439.4250
ED7YAE,,repeater,"[""FM""]",438.65,,-7.6,82.5,,,IM76QO,Mijas,Málaga,Andalusia,,URE Málaga - https://www.ea7urm.com,URE operator link https://www.ea7urm.com. Administrative areas derived from exact URE site coordinates using OpenStreetMap Nominatim.,2026-09-13,36.600025,-4.616618,URE repeater and beacon listings,https://www.ure.es/appure/repetidores/repe432_N.php,repe432_N.php:ED7YAE:438.6500
ED7YAL,,repeater,"[""FM""]",438.65,,-7.6,71.9,,,IM87FR,Cambil,Jaén,Andalusia,,URE Jaen,Administrative areas derived from exact URE site coordinates using OpenStreetMap Nominatim.,2026-09-13,37.733889,-3.526944,URE repeater and beacon listings,https://www.ure.es/appure/repetidores/repe432_N.php,repe432_N.php:ED7YAL:438.6500
ED7YAM,,repeater,"[""FM""]",438.925,,-7.6,,,,IM77OX,Córdoba,Córdoba,Andalusia,,URE Córdoba,Administrative areas derived from exact URE site coordinates using OpenStreetMap Nominatim.,2026-09-13,37.973611,-4.806667,URE repeater and beacon listings,https://www.ure.es/appure/repetidores/repe432_N.php,repe432_N.php:ED7YAM:438.9250
ED7YAN,,repeater,"[""FM""]",438.9,,-7.6,88.5,,,IM87HB,Dílar,Granada,Andalusia,,URE Granada,Administrative areas derived from exact URE site coordinates using OpenStreetMap Nominatim.,2026-09-13,37.057222,-3.365556,URE repeater and beacon listings,https://www.ure.es/appure/repetidores/repe432_N.php,repe432_N.php:ED7YAN:438.9000
ED7YAR,,repeater,"[""FM""]",439.4,,-7.6,,,,IM77EU,Constantina,Sevilla,Andalusia,,Radio Club Sevilla,Administrative areas derived from exact URE site coordinates using OpenStreetMap Nominatim.,2026-09-13,37.849953,-5.616589,URE repeater and beacon listings,https://www.ure.es/appure/repetidores/repe432_N.php,repe432_N.php:ED7YAR:439.4000
ED7YAU,,repeater,"[""FM""]",439.35,,-7.6,,,,IM76AT,Jerez de la Frontera,Cádiz,Andalusia,on-air,URE San Fernando,Administrative areas derived from exact URE site coordinates using OpenStreetMap Nominatim. DMR metadata from RadioID withheld pending mode-conflict review.,2026-09-13,36.834536,-5.954708,URE repeater and beacon listings,https://www.ure.es/appure/repetidores/repe432_N.php,repe432_N.php:ED7YAU:439.3500
ED7YAV,,repeater,[],438.95,,-7.6,77.0,1,DMR-plus,IM66VM,Puerto Real,Cádiz,Andalusia,on-air,URE San Fernando,"URE listing does not state an operating mode. Administrative areas derived from exact URE site coordinates using OpenStreetMap Nominatim. DMR metadata enriched from RadioID: color_code=1, network=DMR-plus; RadioID identity_id 797; principal source remains URE. Status on-air from RadioID.",2026-09-13,36.534167,-6.167222,URE repeater and beacon listings,https://www.ure.es/appure/repetidores/repe432_N.php,repe432_N.php:ED7YAV:438.9500
ED7YAW,,repeater,[],438.85,,-7.6,100.0,,,IM86OV,Dalías,Almería,Andalusia,,Asociación Radioaficionados Poniente Almería,URE listing does not state an operating mode. Administrative areas derived from exact URE site coordinates using OpenStreetMap Nominatim.,2026-09-13,36.88,-2.812222,URE repeater and beacon listings,https://www.ure.es/appure/repetidores/repe432_N.php,repe432_N.php:ED7YAW:438.8500
ED7YBC,,repeater,"[""FM""]",439.025,,-7.6,88.5,,,IM78CB,Guadalcanal,Sevilla,Andalusia,,URE Sevilla,Administrative areas derived from exact URE site coordinates using OpenStreetMap Nominatim.,2026-09-13,38.05247,-5.76925,URE repeater and beacon listings,https://www.ure.es/appure/repetidores/repe432_N.php,repe432_N.php:ED7YBC:439.0250
ED7ZAD,,repeater,"[""D-Star"", ""FM""]",438.525,,-7.6,,,,IM77OW,Córdoba,Córdoba,Andalusia,,URE Córdoba,Administrative areas derived from exact URE site coordinates using OpenStreetMap Nominatim.,2026-09-13,37.9415,-4.805833,URE repeater and beacon listings,https://www.ure.es/appure/repetidores/repe432_N.php,repe432_N.php:ED7ZAD:438.5250
ED7ZAE,,repeater,"[""D-Star""]",438.3,,-7.6,,,,IM87ED,Granada,Granada,Andalusia,on-air,URE Granada,Administrative areas derived from exact URE site coordinates using OpenStreetMap Nominatim. DMR metadata from RadioID withheld pending mode-conflict review.,2026-09-13,37.159634,-3.598949,URE repeater and beacon listings,https://www.ure.es/appure/repetidores/repe432_N.php,repe432_N.php:ED7ZAE:438.3000
ED7ZAF,,repeater,"[""DMR""]",438.3,,-7.6,,1,BrandMeister,IM86OS,El Ejido,Almería,Andalusia,on-air,Asociación Radioaficionados Poniente Almería,"Administrative areas derived from exact URE site coordinates using OpenStreetMap Nominatim. DMR metadata enriched from RadioID: color_code=1, network=BrandMeister; RadioID identity_id 801; principal source remains URE. Status on-air from RadioID.",2026-09-13,36.775277,-2.812222,URE repeater and beacon listings,https://www.ure.es/appure/repetidores/repe432_N.php,repe432_N.php:ED7ZAF:438.3000
ED7ZAH,,repeater,"[""DMR""]",438.425,,-7.6,,1,BrandMeister,IM86SU,Almería,Almería,Andalusia,on-air,URE Almería,"URE text states DMR ID 214710. Administrative areas derived from exact URE site coordinates using OpenStreetMap Nominatim. DMR metadata enriched from RadioID: color_code=1, network=BrandMeister; RadioID identity_id 796; principal source remains URE. Status on-air from RadioID.",2026-09-13,36.844722,-2.439444,URE repeater and beacon listings,https://www.ure.es/appure/repetidores/repe432_N.php,repe432_N.php:ED7ZAH:438.4250
ED7ZAI,,repeater,[],439.0,,-7.6,88.5,1,BrandMeister,IM77AJ,Sevilla,Sevilla,Andalusia,on-air,URE Sevilla,"URE listing does not state an operating mode. Administrative areas derived from exact URE site coordinates using OpenStreetMap Nominatim. DMR metadata enriched from RadioID: color_code=1, network=BrandMeister; RadioID identity_id 17559; principal source remains URE. Status on-air from RadioID.",2026-09-13,37.37038,-5.95945,URE repeater and beacon listings,https://www.ure.es/appure/repetidores/repe432_N.php,repe432_N.php:ED7ZAI:439.0000
ED7ZAJ,,repeater,"[""D-Star""]",438.3,,-7.6,,,,IM76AT,Jerez de la Frontera,Cádiz,Andalusia,,URE San Fernando,Administrative areas derived from exact URE site coordinates using OpenStreetMap Nominatim.,2026-09-13,36.804474,-5.942059,URE repeater and beacon listings,https://www.ure.es/appure/repetidores/repe432_N.php,repe432_N.php:ED7ZAJ:438.3000
ED7ZAL,,repeater,"[""DMR""]",438.425,,-7.6,,1,BrandMeister,IM67XI,Mairena del Aljarafe,Sevilla,Andalusia,on-air,URE Sevilla,"URE text states color code 1. Administrative areas derived from exact URE site coordinates using OpenStreetMap Nominatim. DMR metadata enriched from RadioID: color_code=1, network=BrandMeister; RadioID identity_id 803; principal source remains URE. Status on-air from RadioID.",2026-09-13,37.3465,-6.03987,URE repeater and beacon listings,https://www.ure.es/appure/repetidores/repe432_N.php,repe432_N.php:ED7ZAL:438.4250
ED7ZAM,,repeater,"[""C4FM""]",438.5,,-7.6,,,,IM66WM,Puerto Real,Cádiz,Andalusia,on-air,URE San Fernando,Administrative areas derived from exact URE site coordinates using OpenStreetMap Nominatim. DMR metadata from RadioID withheld pending mode-conflict review.,2026-09-13,36.501792,-6.125789,URE repeater and beacon listings,https://www.ure.es/appure/repetidores/repe432_N.php,repe432_N.php:ED7ZAM:438.5000
ED8YAB,,repeater,"[""FM""]",439.0,,-7.6,79.7,,,IL18CP,Breña Alta,Santa Cruz de Tenerife,Canary Islands,,Unión Radioaficionados Aridane,Administrative areas derived from exact URE site coordinates using OpenStreetMap Nominatim.,2026-09-13,28.647164,-17.825333,URE repeater and beacon listings,https://www.ure.es/appure/repetidores/repe432_N.php,repe432_N.php:ED8YAB:439.0000
ED8YAM,,repeater,"[""FM""]",438.8,,-7.6,79.7,,,IL28ED,Gáldar,Las Palmas,Canary Islands,,URE Las Palmas,Administrative areas derived from exact URE site coordinates using OpenStreetMap Nominatim.,2026-09-13,28.151753,-15.641083,URE repeater and beacon listings,https://www.ure.es/appure/repetidores/repe432_N.php,repe432_N.php:ED8YAM:438.8000
ED8YAN,,repeater,"[""FM""]",439.15,,-7.6,79.7,,,IL18SI,La Orotava,Santa Cruz de Tenerife,Canary Islands,,URE Valle de la Orotava,Administrative areas derived from exact URE site coordinates using OpenStreetMap Nominatim.,2026-09-13,28.355,-16.466667,URE repeater and beacon listings,https://www.ure.es/appure/repetidores/repe432_N.php,repe432_N.php:ED8YAN:439.1500
ED8YAO,,repeater,"[""FM""]",439.3,,-7.6,79.7,,,IL18QJ,Los Realejos,Santa Cruz de Tenerife,Canary Islands,,URE Valle de la Orotava,Administrative areas derived from exact URE site coordinates using OpenStreetMap Nominatim.,2026-09-13,28.378333,-16.600833,URE repeater and beacon listings,https://www.ure.es/appure/repetidores/repe432_N.php,repe432_N.php:ED8YAO:439.3000
ED8ZAB,,repeater,"[""D-Star"", ""FM""]",438.4625,,-7.6,,,,IL27FX,Vega de San Mateo,Las Palmas,Canary Islands,,RC Tuhoco de Velhoco,Administrative areas derived from exact URE site coordinates using OpenStreetMap Nominatim.,2026-09-13,27.961167,-15.565833,URE repeater and beacon listings,https://www.ure.es/appure/repetidores/repe432_N.php,repe432_N.php:ED8ZAB:438.4625
ED9YAB,,repeater,[],438.675,,-7.6,82.5,1,DMR-plus,IM75IV,Ceuta,,Ceuta,on-air,URE Sección Ceuta,"URE listing does not state an operating mode. Administrative areas derived from exact URE site coordinates using OpenStreetMap Nominatim. DMR metadata enriched from RadioID: color_code=1, network=DMR-plus; RadioID identity_id 813; principal source remains URE. Status on-air from RadioID.",2026-09-13,35.899722,-5.355278,URE repeater and beacon listings,https://www.ure.es/appure/repetidores/repe432_N.php,repe432_N.php:ED9YAB:438.6750
ED3YAI,,repeater,"[""FM""]",51.9,,-0.6,88.5,,,JN02WH,Das,Girona,Catalonia,,AMIRED,Administrative areas derived from exact URE site coordinates using OpenStreetMap Nominatim.,2026-09-13,42.321111,1.892778,URE repeater and beacon listings,https://www.ure.es/appure/repetidores/repe50_N.php,repe50_N.php:ED3YAI:51.9000
ED4YAW,,repeater,"[""FM""]",51.95,,-0.6,88.5,,,IN70WR,Guadarrama,,Community of Madrid,,"Subtono: 88,5 Hz - URE Sierra de Guadarrama",Administrative areas derived from exact URE site coordinates using OpenStreetMap Nominatim.,2026-09-13,40.683333,-4.116667,URE repeater and beacon listings,https://www.ure.es/appure/repetidores/repe50_N.php,repe50_N.php:ED4YAW:51.9500
ED7YAM,,repeater,"[""FM""]",51.81,,-0.6,77.0,,,IM77OX,Córdoba,Córdoba,Andalusia,,URE Córdoba,Administrative areas derived from exact URE site coordinates using OpenStreetMap Nominatim.,2026-09-13,37.963689,-4.805832,URE repeater and beacon listings,https://www.ure.es/appure/repetidores/repe50_N.php,repe50_N.php:ED7YAM:51.8100
ED3YBG,,atv,"[""ATV""]",,,,,,,JN11BK,Barcelona,Barcelona,Catalonia,,"(Montaña del Tibidabo, Barcelona) CT Cataluña",URE ATV entry lists multiple input/output frequencies; no single receive frequency. Administrative areas derived from exact URE site coordinates using OpenStreetMap Nominatim.,2026-09-13,41.423889,2.119444,URE repeater and beacon listings,https://www.ure.es/appure/repetidores/repeATV_N.php,repeATV_N.php:ED3YBG:unknown
EA7JYO,,repeater,"[""DMR""]",439.65,,-8.0,,1,BrandMeister,,Roquetas De Mar,Almería,,on-air,,"RadioID-only DMR record: no exact site coordinates are published by RadioID; geometry is intentionally null and this record is not importable until an authoritative exact site source is available. RadioID identity_id(s) [650, 651, 653].",2026-09-13,,,RadioID.net DMR repeater API,https://radioid.net/api/dmr/repeater/?country=Spain,650;651;653
ED5ZAG,,repeater,"[""DMR""]",438.275,,-7.6,,1,BrandMeister,,BENIDORM,Alicante,,on-air,,RadioID-only DMR record: no exact site coordinates are published by RadioID; geometry is intentionally null and this record is not importable until an authoritative exact site source is available.,2026-09-13,,,RadioID.net DMR repeater API,https://radioid.net/api/dmr/repeater/?country=Spain,652
ED3YAZ,,repeater,"[""DMR""]",438.287,,-7.6,,1,BrandMeister,,Girona,Girona,,on-air,,RadioID-only DMR record: no exact site coordinates are published by RadioID; geometry is intentionally null and this record is not importable until an authoritative exact site source is available.,2026-09-13,,,RadioID.net DMR repeater API,https://radioid.net/api/dmr/repeater/?country=Spain,655
ED5ZAF,,repeater,"[""DMR""]",438.475,,-7.6,,1,BrandMeister,,Albacete,Albacete,,on-air,,RadioID-only DMR record: no exact site coordinates are published by RadioID; geometry is intentionally null and this record is not importable until an authoritative exact site source is available.,2026-09-13,,,RadioID.net DMR repeater API,https://radioid.net/api/dmr/repeater/?country=Spain,656
ED2YAV,,repeater,"[""DMR""]",438.4,,-7.6,,1,BrandMeister,,Bilbao,Bizkaia,,on-air,,RadioID-only DMR record: no exact site coordinates are published by RadioID; geometry is intentionally null and this record is not importable until an authoritative exact site source is available.,2026-09-13,,,RadioID.net DMR repeater API,https://radioid.net/api/dmr/repeater/?country=Spain,657
ED2ZAL,,repeater,"[""DMR""]",438.25,,-7.6,,1,BrandMeister,,LOARRE,Huesca,,on-air,,RadioID-only DMR record: no exact site coordinates are published by RadioID; geometry is intentionally null and this record is not importable until an authoritative exact site source is available.,2026-09-13,,,RadioID.net DMR repeater API,https://radioid.net/api/dmr/repeater/?country=Spain,658
ED2ZAM,,repeater,"[""DMR""]",438.5,,-7.6,,1,BrandMeister,,Monzon,Huesca,,on-air,,RadioID-only DMR record: no exact site coordinates are published by RadioID; geometry is intentionally null and this record is not importable until an authoritative exact site source is available.,2026-09-13,,,RadioID.net DMR repeater API,https://radioid.net/api/dmr/repeater/?country=Spain,660
EA5ZAP,,repeater,"[""DMR""]",438.2,,-7.6,,1,BrandMeister,,Benicassim,Castellón,,on-air,,RadioID-only DMR record: no exact site coordinates are published by RadioID; geometry is intentionally null and this record is not importable until an authoritative exact site source is available.,2026-09-13,,,RadioID.net DMR repeater API,https://radioid.net/api/dmr/repeater/?country=Spain,661
ED5ZAP,,repeater,"[""DMR""]",438.2,,-7.6,,1,BrandMeister,,Benicassim,Castellón,,on-air,,RadioID-only DMR record: no exact site coordinates are published by RadioID; geometry is intentionally null and this record is not importable until an authoritative exact site source is available.,2026-09-13,,,RadioID.net DMR repeater API,https://radioid.net/api/dmr/repeater/?country=Spain,662
ED6ZAD,,repeater,"[""DMR""]",438.25,,-7.6,,1,BrandMeister,,IBIZA,Illes Balears,,on-air,,RadioID-only DMR record: no exact site coordinates are published by RadioID; geometry is intentionally null and this record is not importable until an authoritative exact site source is available.,2026-09-13,,,RadioID.net DMR repeater API,https://radioid.net/api/dmr/repeater/?country=Spain,663
ED2ZAN,,repeater,"[""DMR""]",438.35,,-7.6,,1,BrandMeister,,Bellestar,Huesca,,on-air,,RadioID-only DMR record: no exact site coordinates are published by RadioID; geometry is intentionally null and this record is not importable until an authoritative exact site source is available.,2026-09-13,,,RadioID.net DMR repeater API,https://radioid.net/api/dmr/repeater/?country=Spain,664
ED1ZAJ,,repeater,"[""DMR""]",438.3,,-7.6,,1,BrandMeister,,Verin,Ourense,,on-air,,RadioID-only DMR record: no exact site coordinates are published by RadioID; geometry is intentionally null and this record is not importable until an authoritative exact site source is available.,2026-09-13,,,RadioID.net DMR repeater API,https://radioid.net/api/dmr/repeater/?country=Spain,665
ED1ZBL,,repeater,"[""DMR""]",438.25,,-7.6,,1,DMR,,EZCARAY,La Rioja,,on-air,,RadioID-only DMR record: no exact site coordinates are published by RadioID; geometry is intentionally null and this record is not importable until an authoritative exact site source is available.,2026-09-13,,,RadioID.net DMR repeater API,https://radioid.net/api/dmr/repeater/?country=Spain,666
ED1ZBK,,repeater,"[""DMR""]",438.375,,-7.6,,1,BrandMeister,,Salas,Asturias,,on-air,,RadioID-only DMR record: no exact site coordinates are published by RadioID; geometry is intentionally null and this record is not importable until an authoritative exact site source is available.,2026-09-13,,,RadioID.net DMR repeater API,https://radioid.net/api/dmr/repeater/?country=Spain,667
ED3YBK,,repeater,"[""DMR""]",145.575,,-0.6,,1,BrandMeister,,Esparreguera,Barcelona,,on-air,,"RadioID-only DMR record: no exact site coordinates are published by RadioID; geometry is intentionally null and this record is not importable until an authoritative exact site source is available. RadioID identity_id(s) [668, 669].",2026-09-13,,,RadioID.net DMR repeater API,https://radioid.net/api/dmr/repeater/?country=Spain,668;669
ED5ZAQ,,repeater,"[""DMR""]",438.4,,-7.6,,1,BrandMeister,,Higueruela,Albacete,,on-air,,RadioID-only DMR record: no exact site coordinates are published by RadioID; geometry is intentionally null and this record is not importable until an authoritative exact site source is available.,2026-09-13,,,RadioID.net DMR repeater API,https://radioid.net/api/dmr/repeater/?country=Spain,670
EA4XXX,,repeater,"[""DMR""]",438.25,,-7.6,,1,DMR-plus,,Getafe,Madrid,,on-air,,RadioID-only DMR record: no exact site coordinates are published by RadioID; geometry is intentionally null and this record is not importable until an authoritative exact site source is available.,2026-09-13,,,RadioID.net DMR repeater API,https://radioid.net/api/dmr/repeater/?country=Spain,672
ED1YBL,,repeater,"[""DMR""]",145.6375,,-0.6,,1,BrandMeister,,Parada Sil - Ourense ,Ourense,,on-air,,RadioID-only DMR record: no exact site coordinates are published by RadioID; geometry is intentionally null and this record is not importable until an authoritative exact site source is available.,2026-09-13,,,RadioID.net DMR repeater API,https://radioid.net/api/dmr/repeater/?country=Spain,17002
ED1YBK,,repeater,"[""DMR""]",438.25,,-7.6,,1,BrandMeister,,Sabadelle - Ourense ,Ourense,,on-air,,RadioID-only DMR record: no exact site coordinates are published by RadioID; geometry is intentionally null and this record is not importable until an authoritative exact site source is available.,2026-09-13,,,RadioID.net DMR repeater API,https://radioid.net/api/dmr/repeater/?country=Spain,17056
EA4GTP,,repeater,"[""DMR""]",438.45,,-7.6,,1,192.168.10.1,,Mostoles,Madrid,,on-air,,RadioID-only DMR record: no exact site coordinates are published by RadioID; geometry is intentionally null and this record is not importable until an authoritative exact site source is available.,2026-09-13,,,RadioID.net DMR repeater API,https://radioid.net/api/dmr/repeater/?country=Spain,17391
ED4ZAM,,repeater,"[""DMR""]",438.8,,-7.6,,1,TGIF,,Calera de leon,Badajoz,,on-air,,RadioID-only DMR record: no exact site coordinates are published by RadioID; geometry is intentionally null and this record is not importable until an authoritative exact site source is available.,2026-09-13,,,RadioID.net DMR repeater API,https://radioid.net/api/dmr/repeater/?country=Spain,17624
ED1ZAS,,repeater,"[""DMR""]",438.225,,-7.6,,1,BrandMeister,,Gijon,Asturias,,on-air,,RadioID-only DMR record: no exact site coordinates are published by RadioID; geometry is intentionally null and this record is not importable until an authoritative exact site source is available.,2026-09-13,,,RadioID.net DMR repeater API,https://radioid.net/api/dmr/repeater/?country=Spain,673
ED1YBQ,,repeater,"[""DMR""]",438.65,,-7.6,,1,DMR-plus,,Bejar,,,on-air,,RadioID-only DMR record: no exact site coordinates are published by RadioID; geometry is intentionally null and this record is not importable until an authoritative exact site source is available.,2026-09-13,,,RadioID.net DMR repeater API,https://radioid.net/api/dmr/repeater/?country=Spain,674
ED1ZAU,,repeater,"[""DMR""]",438.5,,-7.6,,1,BrandMeister,,Oviedo,Asturias,,on-air,,RadioID-only DMR record: no exact site coordinates are published by RadioID; geometry is intentionally null and this record is not importable until an authoritative exact site source is available.,2026-09-13,,,RadioID.net DMR repeater API,https://radioid.net/api/dmr/repeater/?country=Spain,675
ED1ZAB,,repeater,"[""DMR""]",438.5,,-7.6,,1,BrandMeister,,SALAMANCA,Salamanca,,on-air,,RadioID-only DMR record: no exact site coordinates are published by RadioID; geometry is intentionally null and this record is not importable until an authoritative exact site source is available.,2026-09-13,,,RadioID.net DMR repeater API,https://radioid.net/api/dmr/repeater/?country=Spain,678
ED1YBT,,repeater,"[""DMR""]",438.45,,-7.6,,1,BrandMeister,,BURGOS,,,on-air,,RadioID-only DMR record: no exact site coordinates are published by RadioID; geometry is intentionally null and this record is not importable until an authoritative exact site source is available.,2026-09-13,,,RadioID.net DMR repeater API,https://radioid.net/api/dmr/repeater/?country=Spain,679
ED1ZAK,,repeater,"[""DMR""]",145.5875,,-0.6,,1,DMR-plus,,Repetidor Dmr Burgos,,,on-air,,RadioID-only DMR record: no exact site coordinates are published by RadioID; geometry is intentionally null and this record is not importable until an authoritative exact site source is available.,2026-09-13,,,RadioID.net DMR repeater API,https://radioid.net/api/dmr/repeater/?country=Spain,680
ED1ZAR,,repeater,"[""DMR""]",438.5,,-7.6,,1,BrandMeister,,FENE,A Coruña,,on-air,,RadioID-only DMR record: no exact site coordinates are published by RadioID; geometry is intentionally null and this record is not importable until an authoritative exact site source is available.,2026-09-13,,,RadioID.net DMR repeater API,https://radioid.net/api/dmr/repeater/?country=Spain,683
ED1ZAZ,,repeater,"[""DMR""]",438.425,,-7.6,,1,BrandMeister,,Isla,Cantabria,,on-air,,RadioID-only DMR record: no exact site coordinates are published by RadioID; geometry is intentionally null and this record is not importable until an authoritative exact site source is available.,2026-09-13,,,RadioID.net DMR repeater API,https://radioid.net/api/dmr/repeater/?country=Spain,685
ED1YAF,,repeater,"[""DMR""]",438.475,,-7.6,,1,DMR-plus,,AVILA,,,on-air,,RadioID-only DMR record: no exact site coordinates are published by RadioID; geometry is intentionally null and this record is not importable until an authoritative exact site source is available.,2026-09-13,,,RadioID.net DMR repeater API,https://radioid.net/api/dmr/repeater/?country=Spain,686
ED1ZAS,,repeater,"[""DMR""]",438.4,,-7.6,,1,BrandMeister,,Gijon,Asturias,,on-air,,RadioID-only DMR record: no exact site coordinates are published by RadioID; geometry is intentionally null and this record is not importable until an authoritative exact site source is available.,2026-09-13,,,RadioID.net DMR repeater API,https://radioid.net/api/dmr/repeater/?country=Spain,689
ED1ZAH,,repeater,"[""DMR""]",438.45,,-7.6,,1,BrandMeister,,C/ Pedro Carvajal,,,on-air,,RadioID-only DMR record: no exact site coordinates are published by RadioID; geometry is intentionally null and this record is not importable until an authoritative exact site source is available.,2026-09-13,,,RadioID.net DMR repeater API,https://radioid.net/api/dmr/repeater/?country=Spain,691
ED1ZBC,,repeater,"[""DMR""]",438.525,,-7.6,,1,BrandMeister,,Llanes,Asturias,,on-air,,RadioID-only DMR record: no exact site coordinates are published by RadioID; geometry is intentionally null and this record is not importable until an authoritative exact site source is available.,2026-09-13,,,RadioID.net DMR repeater API,https://radioid.net/api/dmr/repeater/?country=Spain,692
ED1ZBF,,repeater,"[""DMR""]",438.475,,-7.6,,1,BrandMeister,,Cangas de Onis,Asturias,,on-air,,RadioID-only DMR record: no exact site coordinates are published by RadioID; geometry is intentionally null and this record is not importable until an authoritative exact site source is available.,2026-09-13,,,RadioID.net DMR repeater API,https://radioid.net/api/dmr/repeater/?country=Spain,693
ED1YAN,,repeater,"[""DMR""]",438.25,,-7.6,,1,DMR-plus,,Palencia,,,on-air,,RadioID-only DMR record: no exact site coordinates are published by RadioID; geometry is intentionally null and this record is not importable until an authoritative exact site source is available.,2026-09-13,,,RadioID.net DMR repeater API,https://radioid.net/api/dmr/repeater/?country=Spain,694
ED1ZBB,,repeater,"[""DMR""]",438.525,,-7.6,,1,None,,Palencia,,,on-air,,RadioID-only DMR record: no exact site coordinates are published by RadioID; geometry is intentionally null and this record is not importable until an authoritative exact site source is available.,2026-09-13,,,RadioID.net DMR repeater API,https://radioid.net/api/dmr/repeater/?country=Spain,695
ED1ZBB,,repeater,"[""DMR""]",145.575,,-0.6,,1,DMR-plus,,Palencia,,,on-air,,RadioID-only DMR record: no exact site coordinates are published by RadioID; geometry is intentionally null and this record is not importable until an authoritative exact site source is available.,2026-09-13,,,RadioID.net DMR repeater API,https://radioid.net/api/dmr/repeater/?country=Spain,696
ED1ZAY,,repeater,"[""DMR""]",438.3,,-7.6,,1,BrandMeister,,Illas,Asturias,,on-air,,RadioID-only DMR record: no exact site coordinates are published by RadioID; geometry is intentionally null and this record is not importable until an authoritative exact site source is available.,2026-09-13,,,RadioID.net DMR repeater API,https://radioid.net/api/dmr/repeater/?country=Spain,697
ED1YAN,,repeater,"[""DMR""]",145.575,,-0.6,,1,BrandMeister,,Palencia,,,on-air,,RadioID-only DMR record: no exact site coordinates are published by RadioID; geometry is intentionally null and this record is not importable until an authoritative exact site source is available.,2026-09-13,,,RadioID.net DMR repeater API,https://radioid.net/api/dmr/repeater/?country=Spain,698
ED1YCB,,repeater,"[""DMR""]",438.275,,-7.6,,1,BrandMeister,,Monte Caderamo,,,on-air,,RadioID-only DMR record: no exact site coordinates are published by RadioID; geometry is intentionally null and this record is not importable until an authoritative exact site source is available.,2026-09-13,,,RadioID.net DMR repeater API,https://radioid.net/api/dmr/repeater/?country=Spain,699
ED1ZBA,,repeater,"[""DMR""]",438.275,,-7.6,,1,BrandMeister,,Monte Caderamo,,,on-air,,RadioID-only DMR record: no exact site coordinates are published by RadioID; geometry is intentionally null and this record is not importable until an authoritative exact site source is available.,2026-09-13,,,RadioID.net DMR repeater API,https://radioid.net/api/dmr/repeater/?country=Spain,700
ED1ZBA,,repeater,"[""DMR""]",145.5875,,-0.6,,1,DMR-plus,,Monte Caderamo,,,on-air,,RadioID-only DMR record: no exact site coordinates are published by RadioID; geometry is intentionally null and this record is not importable until an authoritative exact site source is available.,2026-09-13,,,RadioID.net DMR repeater API,https://radioid.net/api/dmr/repeater/?country=Spain,701
ED1YBA,,repeater,"[""DMR""]",438.2,,-7.6,,1,BrandMeister,,Avila,Ávila,,on-air,,RadioID-only DMR record: no exact site coordinates are published by RadioID; geometry is intentionally null and this record is not importable until an authoritative exact site source is available.,2026-09-13,,,RadioID.net DMR repeater API,https://radioid.net/api/dmr/repeater/?country=Spain,702
ED1YAL,,repeater,"[""DMR""]",430.75,,7.6,,1,DMR-plus,,ZAMORA,Zamora,,on-air,,RadioID-only DMR record: no exact site coordinates are published by RadioID; geometry is intentionally null and this record is not importable until an authoritative exact site source is available.,2026-09-13,,,RadioID.net DMR repeater API,https://radioid.net/api/dmr/repeater/?country=Spain,703
EA1RKE,,repeater,"[""DMR""]",438.325,,-7.6,,2,DMR-plus,,IN52TQ,,,on-air,,RadioID-only DMR record: no exact site coordinates are published by RadioID; geometry is intentionally null and this record is not importable until an authoritative exact site source is available.,2026-09-13,,,RadioID.net DMR repeater API,https://radioid.net/api/dmr/repeater/?country=Spain,705
ED2ZAD,,repeater,"[""DMR""]",438.225,,-7.6,,1,BrandMeister,,Sollube - Arrieta,Bizkaia,,on-air,,RadioID-only DMR record: no exact site coordinates are published by RadioID; geometry is intentionally null and this record is not importable until an authoritative exact site source is available.,2026-09-13,,,RadioID.net DMR repeater API,https://radioid.net/api/dmr/repeater/?country=Spain,706
ED2ZAC,,repeater,"[""DMR""]",438.2,,-7.6,,1,DMR-plus,,Bilbao IN83MG,Bizkaia,,on-air,,RadioID-only DMR record: no exact site coordinates are published by RadioID; geometry is intentionally null and this record is not importable until an authoritative exact site source is available.,2026-09-13,,,RadioID.net DMR repeater API,https://radioid.net/api/dmr/repeater/?country=Spain,707
ED2YAR,,repeater,"[""DMR""]",438.3,,-7.6,,1,BrandMeister,,La Higa de Monreal,Navarra,,on-air,,RadioID-only DMR record: no exact site coordinates are published by RadioID; geometry is intentionally null and this record is not importable until an authoritative exact site source is available.,2026-09-13,,,RadioID.net DMR repeater API,https://radioid.net/api/dmr/repeater/?country=Spain,709
ED2YAK,,repeater,"[""DMR""]",438.25,,-7.6,,1,BrandMeister,,Loarre,Huesca,,on-air,,RadioID-only DMR record: no exact site coordinates are published by RadioID; geometry is intentionally null and this record is not importable until an authoritative exact site source is available.,2026-09-13,,,RadioID.net DMR repeater API,https://radioid.net/api/dmr/repeater/?country=Spain,710
ED2ZAH,,repeater,"[""DMR""]",438.4,,-7.6,,1,BrandMeister,,Zaragoza,Zaragoza,,on-air,,RadioID-only DMR record: no exact site coordinates are published by RadioID; geometry is intentionally null and this record is not importable until an authoritative exact site source is available.,2026-09-13,,,RadioID.net DMR repeater API,https://radioid.net/api/dmr/repeater/?country=Spain,711
ED2ZAK,,repeater,"[""DMR""]",430.675,,7.6,,1,None,,San Sebastiin,,,on-air,,RadioID-only DMR record: no exact site coordinates are published by RadioID; geometry is intentionally null and this record is not importable until an authoritative exact site source is available.,2026-09-13,,,RadioID.net DMR repeater API,https://radioid.net/api/dmr/repeater/?country=Spain,712
ED2YAA,,repeater,"[""DMR""]",439.975,,0.0,,1,214,,Laudio,Álava,,on-air,,RadioID-only DMR record: no exact site coordinates are published by RadioID; geometry is intentionally null and this record is not importable until an authoritative exact site source is available.,2026-09-13,,,RadioID.net DMR repeater API,https://radioid.net/api/dmr/repeater/?country=Spain,714
ED2YAB,,repeater,"[""DMR""]",438.2,,7.6,,1,214,,Laudio,Álava,,on-air,,RadioID-only DMR record: no exact site coordinates are published by RadioID; geometry is intentionally null and this record is not importable until an authoritative exact site source is available.,2026-09-13,,,RadioID.net DMR repeater API,https://radioid.net/api/dmr/repeater/?country=Spain,715
ED2YAQ,,repeater,"[""DMR""]",438.425,,-7.6,,1,BrandMeister,,Vitoria-Gasteiz,Álava,,on-air,,RadioID-only DMR record: no exact site coordinates are published by RadioID; geometry is intentionally null and this record is not importable until an authoritative exact site source is available.,2026-09-13,,,RadioID.net DMR repeater API,https://radioid.net/api/dmr/repeater/?country=Spain,717
ED2ZAE,,repeater,"[""DMR""]",438.5,,-7.6,,1,BrandMeister,,Vitoria-Gasteiz,Álava,,on-air,,RadioID-only DMR record: no exact site coordinates are published by RadioID; geometry is intentionally null and this record is not importable until an authoritative exact site source is available.,2026-09-13,,,RadioID.net DMR repeater API,https://radioid.net/api/dmr/repeater/?country=Spain,718
ED2ZAF,,repeater,"[""DMR""]",438.525,,-7.6,,1,BrandMeister,,Bilbao,Bizkaia,,on-air,,RadioID-only DMR record: no exact site coordinates are published by RadioID; geometry is intentionally null and this record is not importable until an authoritative exact site source is available.,2026-09-13,,,RadioID.net DMR repeater API,https://radioid.net/api/dmr/repeater/?country=Spain,719
ED2YAE,,repeater,"[""DMR""]",438.325,,-7.6,,1,BrandMeister,,Munitibar,Bizkaia,,on-air,,RadioID-only DMR record: no exact site coordinates are published by RadioID; geometry is intentionally null and this record is not importable until an authoritative exact site source is available.,2026-09-13,,,RadioID.net DMR repeater API,https://radioid.net/api/dmr/repeater/?country=Spain,720
ED2ZAI,,repeater,"[""DMR""]",438.375,,-7.6,,1,BrandMeister,,GIPUZKOA,,,on-air,,RadioID-only DMR record: no exact site coordinates are published by RadioID; geometry is intentionally null and this record is not importable until an authoritative exact site source is available.,2026-09-13,,,RadioID.net DMR repeater API,https://radioid.net/api/dmr/repeater/?country=Spain,721
ED2ZAG,,repeater,"[""DMR""]",438.25,,-7.6,,1,DMR-plus,,Arrieta,Bizkaia,,on-air,,RadioID-only DMR record: no exact site coordinates are published by RadioID; geometry is intentionally null and this record is not importable until an authoritative exact site source is available.,2026-09-13,,,RadioID.net DMR repeater API,https://radioid.net/api/dmr/repeater/?country=Spain,722
ED2ZAJ,,repeater,"[""DMR""]",438.525,,-7.6,,1,BrandMeister,,Laguardia,Álava,,on-air,,RadioID-only DMR record: no exact site coordinates are published by RadioID; geometry is intentionally null and this record is not importable until an authoritative exact site source is available.,2026-09-13,,,RadioID.net DMR repeater API,https://radioid.net/api/dmr/repeater/?country=Spain,724
ED2ZAA,,repeater,"[""DMR""]",438.2,,-7.6,,1,BrandMeister,,Zaragoza,,,on-air,,RadioID-only DMR record: no exact site coordinates are published by RadioID; geometry is intentionally null and this record is not importable until an authoritative exact site source is available.,2026-09-13,,,RadioID.net DMR repeater API,https://radioid.net/api/dmr/repeater/?country=Spain,725
EA3DKP,,repeater,"[""DMR""]",439.0,,-7.6,,1,DMR-plus,,Roses,,,on-air,,RadioID-only DMR record: no exact site coordinates are published by RadioID; geometry is intentionally null and this record is not importable until an authoritative exact site source is available.,2026-09-13,,,RadioID.net DMR repeater API,https://radioid.net/api/dmr/repeater/?country=Spain,726
ED3ZAQ,,repeater,"[""DMR""]",438.525,,-7.6,,1,BrandMeister,,Castellar del Valles,Barcelona,,on-air,,RadioID-only DMR record: no exact site coordinates are published by RadioID; geometry is intentionally null and this record is not importable until an authoritative exact site source is available.,2026-09-13,,,RadioID.net DMR repeater API,https://radioid.net/api/dmr/repeater/?country=Spain,727
ED3ZAK,,repeater,"[""DMR""]",438.4125,,-7.6,,1,BrandMeister,,Barcelona Tibidabo,Barcelona,,on-air,,RadioID-only DMR record: no exact site coordinates are published by RadioID; geometry is intentionally null and this record is not importable until an authoritative exact site source is available.,2026-09-13,,,RadioID.net DMR repeater API,https://radioid.net/api/dmr/repeater/?country=Spain,729
ED3ZAH,,repeater,"[""DMR""]",439.0,,-7.6,,1,DMR-plus,,ED3ZAH,,,on-air,,RadioID-only DMR record: no exact site coordinates are published by RadioID; geometry is intentionally null and this record is not importable until an authoritative exact site source is available.,2026-09-13,,,RadioID.net DMR repeater API,https://radioid.net/api/dmr/repeater/?country=Spain,731
ED3YAY,,repeater,"[""DMR""]",438.4125,,-7.6,,1,DMR-plus,,ED3YAY,,,on-air,,RadioID-only DMR record: no exact site coordinates are published by RadioID; geometry is intentionally null and this record is not importable until an authoritative exact site source is available.,2026-09-13,,,RadioID.net DMR repeater API,https://radioid.net/api/dmr/repeater/?country=Spain,733
ED3ZAN,,repeater,"[""DMR""]",438.3125,,-7.6,,1,DMR-plus,,Granollers,Barcelona,,on-air,,RadioID-only DMR record: no exact site coordinates are published by RadioID; geometry is intentionally null and this record is not importable until an authoritative exact site source is available.,2026-09-13,,,RadioID.net DMR repeater API,https://radioid.net/api/dmr/repeater/?country=Spain,734
ED3YAK,,repeater,"[""DMR""]",438.3625,,-7.6,,1,BrandMeister,,BARCELONA,Barcelona,,on-air,,RadioID-only DMR record: no exact site coordinates are published by RadioID; geometry is intentionally null and this record is not importable until an authoritative exact site source is available.,2026-09-13,,,RadioID.net DMR repeater API,https://radioid.net/api/dmr/repeater/?country=Spain,735
ED3YAQ,,repeater,"[""DMR""]",438.25,,-7.6,,1,BrandMeister,,Vic,Barcelona,,on-air,,RadioID-only DMR record: no exact site coordinates are published by RadioID; geometry is intentionally null and this record is not importable until an authoritative exact site source is available.,2026-09-13,,,RadioID.net DMR repeater API,https://radioid.net/api/dmr/repeater/?country=Spain,736
ED3ZAA,,repeater,"[""DMR""]",438.2,,-7.6,,1,DMR-plus,,Montseny,,,on-air,,RadioID-only DMR record: no exact site coordinates are published by RadioID; geometry is intentionally null and this record is not importable until an authoritative exact site source is available.,2026-09-13,,,RadioID.net DMR repeater API,https://radioid.net/api/dmr/repeater/?country=Spain,737
ED3YAP,,repeater,"[""DMR""]",438.5125,,-7.6,,1,BrandMeister,,Figueres,,,on-air,,RadioID-only DMR record: no exact site coordinates are published by RadioID; geometry is intentionally null and this record is not importable until an authoritative exact site source is available.,2026-09-13,,,RadioID.net DMR repeater API,https://radioid.net/api/dmr/repeater/?country=Spain,738
ED3ZAR,,repeater,"[""DMR""]",438.45,,-7.6,,1,BrandMeister,,Almoster-Tarragona,,,on-air,,RadioID-only DMR record: no exact site coordinates are published by RadioID; geometry is intentionally null and this record is not importable until an authoritative exact site source is available.,2026-09-13,,,RadioID.net DMR repeater API,https://radioid.net/api/dmr/repeater/?country=Spain,739
ED3ZAR,,repeater,"[""DMR""]",144.6875,,0.0,,1,DMR-plus,,ED3ZAR,,,on-air,,RadioID-only DMR record: no exact site coordinates are published by RadioID; geometry is intentionally null and this record is not importable until an authoritative exact site source is available.,2026-09-13,,,RadioID.net DMR repeater API,https://radioid.net/api/dmr/repeater/?country=Spain,740
ED3ZAS,,repeater,"[""DMR""]",438.5,,-7.6,,1,BrandMeister,,Esparreguera,Barcelona,,on-air,,"RadioID-only DMR record: no exact site coordinates are published by RadioID; geometry is intentionally null and this record is not importable until an authoritative exact site source is available. RadioID identity_id(s) [741, 748].",2026-09-13,,,RadioID.net DMR repeater API,https://radioid.net/api/dmr/repeater/?country=Spain,741;748
ED3YAM,,repeater,"[""DMR""]",438.4625,,-7.6,,1,BrandMeister,,Vic,Barcelona,,on-air,,RadioID-only DMR record: no exact site coordinates are published by RadioID; geometry is intentionally null and this record is not importable until an authoritative exact site source is available.,2026-09-13,,,RadioID.net DMR repeater API,https://radioid.net/api/dmr/repeater/?country=Spain,742
ED3YAN,,repeater,"[""DMR""]",438.4625,,-7.6,,1,BrandMeister,,BADALONA,,,on-air,,RadioID-only DMR record: no exact site coordinates are published by RadioID; geometry is intentionally null and this record is not importable until an authoritative exact site source is available.,2026-09-13,,,RadioID.net DMR repeater API,https://radioid.net/api/dmr/repeater/?country=Spain,743
ED3YAU,,repeater,"[""DMR""]",438.225,,-7.6,,1,BrandMeister,,Salardu,Lleida,,on-air,,RadioID-only DMR record: no exact site coordinates are published by RadioID; geometry is intentionally null and this record is not importable until an authoritative exact site source is available.,2026-09-13,,,RadioID.net DMR repeater API,https://radioid.net/api/dmr/repeater/?country=Spain,745
ED3YAI,,repeater,"[""DMR""]",145.7125,,-0.6,,1,DMR-plus,,Tosa dAlp,,,on-air,,RadioID-only DMR record: no exact site coordinates are published by RadioID; geometry is intentionally null and this record is not importable until an authoritative exact site source is available.,2026-09-13,,,RadioID.net DMR repeater API,https://radioid.net/api/dmr/repeater/?country=Spain,746
ED3ZAT,,repeater,"[""DMR""]",438.2625,,-7.6,,1,BrandMeister,,Tortosa,,,on-air,,RadioID-only DMR record: no exact site coordinates are published by RadioID; geometry is intentionally null and this record is not importable until an authoritative exact site source is available.,2026-09-13,,,RadioID.net DMR repeater API,https://radioid.net/api/dmr/repeater/?country=Spain,747
ED3ZAG,,repeater,"[""DMR""]",438.2375,,-7.6,,1,DMR-plus,,Garraf,,,on-air,,RadioID-only DMR record: no exact site coordinates are published by RadioID; geometry is intentionally null and this record is not importable until an authoritative exact site source is available.,2026-09-13,,,RadioID.net DMR repeater API,https://radioid.net/api/dmr/repeater/?country=Spain,749
ED3YBD,,repeater,"[""DMR""]",438.4375,,-7.6,,1,DMR-plus,,Palleja,,,on-air,,RadioID-only DMR record: no exact site coordinates are published by RadioID; geometry is intentionally null and this record is not importable until an authoritative exact site source is available.,2026-09-13,,,RadioID.net DMR repeater API,https://radioid.net/api/dmr/repeater/?country=Spain,750
ED3YAI,,repeater,"[""DMR""]",438.4375,,-7.6,,1,DMR-plus,,Tosa dAlp,,,on-air,,RadioID-only DMR record: no exact site coordinates are published by RadioID; geometry is intentionally null and this record is not importable until an authoritative exact site source is available.,2026-09-13,,,RadioID.net DMR repeater API,https://radioid.net/api/dmr/repeater/?country=Spain,751
ED3YAB,,repeater,"[""DMR""]",439.4125,,-7.6,,1,DMR-plus,,Montserrat - BCN,,,on-air,,RadioID-only DMR record: no exact site coordinates are published by RadioID; geometry is intentionally null and this record is not importable until an authoritative exact site source is available.,2026-09-13,,,RadioID.net DMR repeater API,https://radioid.net/api/dmr/repeater/?country=Spain,752
EA3MM,,repeater,"[""DMR""]",438.43,,5.0,,1,None,,Barcelona,,,on-air,,RadioID-only DMR record: no exact site coordinates are published by RadioID; geometry is intentionally null and this record is not importable until an authoritative exact site source is available.,2026-09-13,,,RadioID.net DMR repeater API,https://radioid.net/api/dmr/repeater/?country=Spain,755
ED3ZAU,,repeater,"[""DMR""]",438.5125,,-7.6,,1,BrandMeister,,Tarragona,Tarragona,,on-air,,RadioID-only DMR record: no exact site coordinates are published by RadioID; geometry is intentionally null and this record is not importable until an authoritative exact site source is available.,2026-09-13,,,RadioID.net DMR repeater API,https://radioid.net/api/dmr/repeater/?country=Spain,756
ED3YBE,,repeater,"[""DMR""]",438.225,,-7.6,,1,DMR-plus,,Almoster,,,on-air,,RadioID-only DMR record: no exact site coordinates are published by RadioID; geometry is intentionally null and this record is not importable until an authoritative exact site source is available.,2026-09-13,,,RadioID.net DMR repeater API,https://radioid.net/api/dmr/repeater/?country=Spain,758
ED4ZAC,,repeater,"[""DMR""]",438.55,,-7.6,,1,DMR-plus,,Plasencia,Cáceres,,on-air,,RadioID-only DMR record: no exact site coordinates are published by RadioID; geometry is intentionally null and this record is not importable until an authoritative exact site source is available.,2026-09-13,,,RadioID.net DMR repeater API,https://radioid.net/api/dmr/repeater/?country=Spain,759
ED4ZAD,,repeater,"[""DMR""]",438.425,,-7.6,,1,BrandMeister,,CUENCA,,,on-air,,RadioID-only DMR record: no exact site coordinates are published by RadioID; geometry is intentionally null and this record is not importable until an authoritative exact site source is available.,2026-09-13,,,RadioID.net DMR repeater API,https://radioid.net/api/dmr/repeater/?country=Spain,760
ED4ZAC,,repeater,"[""DMR""]",438.525,,-7.6,,1,DMR-plus,,Plasencia,Cáceres,,on-air,,RadioID-only DMR record: no exact site coordinates are published by RadioID; geometry is intentionally null and this record is not importable until an authoritative exact site source is available.,2026-09-13,,,RadioID.net DMR repeater API,https://radioid.net/api/dmr/repeater/?country=Spain,761
ED4YAO,,repeater,"[""DMR""]",145.625,,0.6,,1,DMR-plus,,Plasencia,,,on-air,,RadioID-only DMR record: no exact site coordinates are published by RadioID; geometry is intentionally null and this record is not importable until an authoritative exact site source is available.,2026-09-13,,,RadioID.net DMR repeater API,https://radioid.net/api/dmr/repeater/?country=Spain,762
ED4ZAI,,repeater,"[""DMR""]",438.275,,-7.6,,1,BrandMeister,,EL VISO,Madrid,,on-air,,RadioID-only DMR record: no exact site coordinates are published by RadioID; geometry is intentionally null and this record is not importable until an authoritative exact site source is available.,2026-09-13,,,RadioID.net DMR repeater API,https://radioid.net/api/dmr/repeater/?country=Spain,763
ED4YAS,,repeater,"[""DMR""]",438.5,,-7.6,,1,DMR-plus,,Salvatierra-Badajoz,,,on-air,,RadioID-only DMR record: no exact site coordinates are published by RadioID; geometry is intentionally null and this record is not importable until an authoritative exact site source is available.,2026-09-13,,,RadioID.net DMR repeater API,https://radioid.net/api/dmr/repeater/?country=Spain,766
ED4ZAE,,repeater,"[""DMR""]",438.25,,-7.6,,1,BrandMeister,,TALAVERA,Madrid,,on-air,,RadioID-only DMR record: no exact site coordinates are published by RadioID; geometry is intentionally null and this record is not importable until an authoritative exact site source is available.,2026-09-13,,,RadioID.net DMR repeater API,https://radioid.net/api/dmr/repeater/?country=Spain,767
ED4ZAC,,repeater,"[""DMR""]",438.7,,7.6,,1,DMR-plus,,Plasencia,Cáceres,,on-air,,RadioID-only DMR record: no exact site coordinates are published by RadioID; geometry is intentionally null and this record is not importable until an authoritative exact site source is available.,2026-09-13,,,RadioID.net DMR repeater API,https://radioid.net/api/dmr/repeater/?country=Spain,769
ED4ZAF,,repeater,"[""DMR""]",438.5,,-7.6,,1,BrandMeister,,Coslada,Madrid,,on-air,,RadioID-only DMR record: no exact site coordinates are published by RadioID; geometry is intentionally null and this record is not importable until an authoritative exact site source is available.,2026-09-13,,,RadioID.net DMR repeater API,https://radioid.net/api/dmr/repeater/?country=Spain,771
ED5ZAH,,repeater,"[""DMR""]",438.5,,-7.6,,1,BrandMeister,,Chinchilla de Montearagon,Albacete,,on-air,,RadioID-only DMR record: no exact site coordinates are published by RadioID; geometry is intentionally null and this record is not importable until an authoritative exact site source is available.,2026-09-13,,,RadioID.net DMR repeater API,https://radioid.net/api/dmr/repeater/?country=Spain,772
ED5ZAE,,repeater,"[""DMR""]",400.0,,-7.6,,1,DMR-plus,,San Javier,,,on-air,,RadioID-only DMR record: no exact site coordinates are published by RadioID; geometry is intentionally null and this record is not importable until an authoritative exact site source is available.,2026-09-13,,,RadioID.net DMR repeater API,https://radioid.net/api/dmr/repeater/?country=Spain,773
ED5ZAJ,,repeater,"[""DMR""]",438.5,,-7.6,,1,BrandMeister,,Alicante,Alicante,,on-air,,RadioID-only DMR record: no exact site coordinates are published by RadioID; geometry is intentionally null and this record is not importable until an authoritative exact site source is available.,2026-09-13,,,RadioID.net DMR repeater API,https://radioid.net/api/dmr/repeater/?country=Spain,774
EA5ERC,,repeater,"[""DMR""]",438.2625,,-7.6,,1,DMR-plus,,Chert Castellon,,,on-air,,RadioID-only DMR record: no exact site coordinates are published by RadioID; geometry is intentionally null and this record is not importable until an authoritative exact site source is available.,2026-09-13,,,RadioID.net DMR repeater API,https://radioid.net/api/dmr/repeater/?country=Spain,775
ED5ZAL,,repeater,"[""DMR""]",438.225,,-7.6,,1,DMR-plus,,Albacete,,,on-air,,RadioID-only DMR record: no exact site coordinates are published by RadioID; geometry is intentionally null and this record is not importable until an authoritative exact site source is available.,2026-09-13,,,RadioID.net DMR repeater API,https://radioid.net/api/dmr/repeater/?country=Spain,777
ED5YAL,,repeater,"[""DMR""]",438.525,,-7.6,,1,ADN-SYSTEMS,,MURCIA,Murcia,,on-air,,RadioID-only DMR record: no exact site coordinates are published by RadioID; geometry is intentionally null and this record is not importable until an authoritative exact site source is available.,2026-09-13,,,RadioID.net DMR repeater API,https://radioid.net/api/dmr/repeater/?country=Spain,778
ED5YBC,,repeater,"[""DMR""]",438.35,,-7.6,,1,BrandMeister,,ALICANTE,València,,on-air,,RadioID-only DMR record: no exact site coordinates are published by RadioID; geometry is intentionally null and this record is not importable until an authoritative exact site source is available.,2026-09-13,,,RadioID.net DMR repeater API,https://radioid.net/api/dmr/repeater/?country=Spain,779
ED5ZAK,,repeater,"[""DMR""]",438.25,,-7.6,,1,BrandMeister,,Sierra Espua,,,on-air,,RadioID-only DMR record: no exact site coordinates are published by RadioID; geometry is intentionally null and this record is not importable until an authoritative exact site source is available.,2026-09-13,,,RadioID.net DMR repeater API,https://radioid.net/api/dmr/repeater/?country=Spain,780
ED5ZAM,,repeater,"[""DMR""]",438.35,,-7.6,,1,BrandMeister,,ALICANTE,,,on-air,,RadioID-only DMR record: no exact site coordinates are published by RadioID; geometry is intentionally null and this record is not importable until an authoritative exact site source is available.,2026-09-13,,,RadioID.net DMR repeater API,https://radioid.net/api/dmr/repeater/?country=Spain,781
ED5ZAN,,repeater,"[""DMR""]",438.25,,-7.6,,1,BrandMeister,,MURCIA,,,on-air,,RadioID-only DMR record: no exact site coordinates are published by RadioID; geometry is intentionally null and this record is not importable until an authoritative exact site source is available.,2026-09-13,,,RadioID.net DMR repeater API,https://radioid.net/api/dmr/repeater/?country=Spain,782
ED5ZAD,,repeater,"[""DMR""]",439.175,,-7.6,,1,BrandMeister,,Cid Petrer Alicante,,,on-air,,RadioID-only DMR record: no exact site coordinates are published by RadioID; geometry is intentionally null and this record is not importable until an authoritative exact site source is available.,2026-09-13,,,RadioID.net DMR repeater API,https://radioid.net/api/dmr/repeater/?country=Spain,784
ED5ZAI,,repeater,"[""DMR""]",438.4,,-7.6,,1,DMR-plus,,Denia,Alicante,,on-air,,RadioID-only DMR record: no exact site coordinates are published by RadioID; geometry is intentionally null and this record is not importable until an authoritative exact site source is available.,2026-09-13,,,RadioID.net DMR repeater API,https://radioid.net/api/dmr/repeater/?country=Spain,785
ED6ZAA,,repeater,"[""DMR""]",430.65,,7.6,,1,DMR-plus,,Felanitx,Illes Balears,,on-air,,RadioID-only DMR record: no exact site coordinates are published by RadioID; geometry is intentionally null and this record is not importable until an authoritative exact site source is available.,2026-09-13,,,RadioID.net DMR repeater API,https://radioid.net/api/dmr/repeater/?country=Spain,786
ED7ZAJ,,repeater,"[""DMR""]",438.6,,-7.6,,1,DMR-plus,,CCMD/Gibalbin-Cadiz,,,on-air,,RadioID-only DMR record: no exact site coordinates are published by RadioID; geometry is intentionally null and this record is not importable until an authoritative exact site source is available.,2026-09-13,,,RadioID.net DMR repeater API,https://radioid.net/api/dmr/repeater/?country=Spain,788
ED7ZAC,,repeater,"[""DMR""]",438.45,,-7.6,,0,BrandMeister,,Malaga,,,on-air,,RadioID-only DMR record: no exact site coordinates are published by RadioID; geometry is intentionally null and this record is not importable until an authoritative exact site source is available.,2026-09-13,,,RadioID.net DMR repeater API,https://radioid.net/api/dmr/repeater/?country=Spain,789
ED7YAF,,repeater,"[""DMR""]",438.875,,-7.6,,1,BrandMeister,,Los Reales-Estepona,,,on-air,,RadioID-only DMR record: no exact site coordinates are published by RadioID; geometry is intentionally null and this record is not importable until an authoritative exact site source is available.,2026-09-13,,,RadioID.net DMR repeater API,https://radioid.net/api/dmr/repeater/?country=Spain,792
EA7URV,,repeater,"[""DMR""]",438.75,,-7.6,,1,BrandMeister,,Velez-Milaga,,,on-air,,RadioID-only DMR record: no exact site coordinates are published by RadioID; geometry is intentionally null and this record is not importable until an authoritative exact site source is available.,2026-09-13,,,RadioID.net DMR repeater API,https://radioid.net/api/dmr/repeater/?country=Spain,793
ED7ZAK,,repeater,"[""DMR""]",438.0,,-7.6,,1,DMR-plus,,Granada,,,on-air,,RadioID-only DMR record: no exact site coordinates are published by RadioID; geometry is intentionally null and this record is not importable until an authoritative exact site source is available.,2026-09-13,,,RadioID.net DMR repeater API,https://radioid.net/api/dmr/repeater/?country=Spain,794
ED7ZAN,,repeater,"[""DMR""]",438.275,,-7.6,,1,BrandMeister,,TETICA DE BACARES,Almería,,on-air,,RadioID-only DMR record: no exact site coordinates are published by RadioID; geometry is intentionally null and this record is not importable until an authoritative exact site source is available.,2026-09-13,,,RadioID.net DMR repeater API,https://radioid.net/api/dmr/repeater/?country=Spain,798
ED7ZAD,,repeater,"[""DMR""]",438.9,,-7.6,,1,BrandMeister,,Sierra Morena,,,on-air,,RadioID-only DMR record: no exact site coordinates are published by RadioID; geometry is intentionally null and this record is not importable until an authoritative exact site source is available.,2026-09-13,,,RadioID.net DMR repeater API,https://radioid.net/api/dmr/repeater/?country=Spain,799
ED7ZAO,,repeater,"[""DMR""]",438.525,,-7.6,,1,BrandMeister,,Tarifa,Cádiz,,on-air,,RadioID-only DMR record: no exact site coordinates are published by RadioID; geometry is intentionally null and this record is not importable until an authoritative exact site source is available.,2026-09-13,,,RadioID.net DMR repeater API,https://radioid.net/api/dmr/repeater/?country=Spain,800
ED7YBB,,repeater,"[""DMR""]",438.5,,7.6,,1,None,,Jaen,,,on-air,,RadioID-only DMR record: no exact site coordinates are published by RadioID; geometry is intentionally null and this record is not importable until an authoritative exact site source is available.,2026-09-13,,,RadioID.net DMR repeater API,https://radioid.net/api/dmr/repeater/?country=Spain,802
ED8YAL,,repeater,"[""DMR""]",438.4625,,-7.6,,1,BrandMeister,,vecindario,Las Palmas,,on-air,,RadioID-only DMR record: no exact site coordinates are published by RadioID; geometry is intentionally null and this record is not importable until an authoritative exact site source is available.,2026-09-13,,,RadioID.net DMR repeater API,https://radioid.net/api/dmr/repeater/?country=Spain,804
ED8ZAI,,repeater,"[""DMR""]",438.3,,-7.6,,1,BrandMeister,,Los Realejos,Santa Cruz de Tenerife,,on-air,,RadioID-only DMR record: no exact site coordinates are published by RadioID; geometry is intentionally null and this record is not importable until an authoritative exact site source is available.,2026-09-13,,,RadioID.net DMR repeater API,https://radioid.net/api/dmr/repeater/?country=Spain,805
ED8ZAH,,repeater,"[""DMR""]",438.4,,-7.6,,1,BrandMeister,,Montana de Guaza,,,on-air,,RadioID-only DMR record: no exact site coordinates are published by RadioID; geometry is intentionally null and this record is not importable until an authoritative exact site source is available.,2026-09-13,,,RadioID.net DMR repeater API,https://radioid.net/api/dmr/repeater/?country=Spain,806
ED8ZAG,,repeater,"[""DMR""]",438.425,,-7.6,,1,BrandMeister,,Montana Bolico,,,on-air,,RadioID-only DMR record: no exact site coordinates are published by RadioID; geometry is intentionally null and this record is not importable until an authoritative exact site source is available.,2026-09-13,,,RadioID.net DMR repeater API,https://radioid.net/api/dmr/repeater/?country=Spain,807
ED8ZAE,,repeater,"[""DMR""]",438.45,,-7.6,,1,BrandMeister,,Montana de Ayosa,,,on-air,,RadioID-only DMR record: no exact site coordinates are published by RadioID; geometry is intentionally null and this record is not importable until an authoritative exact site source is available.,2026-09-13,,,RadioID.net DMR repeater API,https://radioid.net/api/dmr/repeater/?country=Spain,808
ED8ZAF,,repeater,"[""DMR""]",438.475,,-7.6,,1,BrandMeister,,Montana de Birmagen,,,on-air,,RadioID-only DMR record: no exact site coordinates are published by RadioID; geometry is intentionally null and this record is not importable until an authoritative exact site source is available.,2026-09-13,,,RadioID.net DMR repeater API,https://radioid.net/api/dmr/repeater/?country=Spain,809
ED8ZAD,,repeater,"[""DMR""]",438.525,,-7.6,,1,BrandMeister,,Villa de Arico,,,on-air,,RadioID-only DMR record: no exact site coordinates are published by RadioID; geometry is intentionally null and this record is not importable until an authoritative exact site source is available.,2026-09-13,,,RadioID.net DMR repeater API,https://radioid.net/api/dmr/repeater/?country=Spain,810
ED8ZAJ,,repeater,"[""DMR""]",438.55,,-7.6,,1,None,,Cumbre Nueva,,,on-air,,RadioID-only DMR record: no exact site coordinates are published by RadioID; geometry is intentionally null and this record is not importable until an authoritative exact site source is available.,2026-09-13,,,RadioID.net DMR repeater API,https://radioid.net/api/dmr/repeater/?country=Spain,811
ED8ZAB,,repeater,"[""DMR""]",438.25,,-7.6,,1,BrandMeister,,Vecindario,Las Palmas,,on-air,,RadioID-only DMR record: no exact site coordinates are published by RadioID; geometry is intentionally null and this record is not importable until an authoritative exact site source is available.,2026-09-13,,,RadioID.net DMR repeater API,https://radioid.net/api/dmr/repeater/?country=Spain,812
